transaction_amount,transaction_hour,transaction_type,device_type,location,failed_login_attempts,transactions_last_24h,account_age_days,is_fraud
2346.3404498842956,22,NetBanking,iPhone,Mumbai,9,33,2249,1
15050.607154587606,3,Card,iPhone,Bangalore,0,4,583,0
6583.728467727246,17,Wallet,iPhone,Chennai,8,49,24,1
4564.712768879766,4,UPI,iPhone,Chennai,2,39,873,0
848.1243523117314,15,UPI,iPhone,Mumbai,1,25,2550,0
847.9814595730259,13,Wallet,Android,Delhi,3,5,2384,0
299.1938430434034,18,UPI,Desktop,Mumbai,3,4,1493,0
10056.154322399698,13,NetBanking,Desktop,Delhi,8,29,3221,0
4595.410768136323,8,Wallet,Android,Chennai,3,37,1007,0
6156.250308522952,5,Card,Android,Mumbai,4,8,1935,0
103.99653999569311,16,Wallet,Desktop,Mumbai,5,20,1600,0
17517.78737579156,18,NetBanking,Android,Delhi,3,41,141,0
8932.147716773376,11,Card,iPhone,Chennai,0,6,2036,0
1193.438126244735,3,NetBanking,Android,Chennai,1,36,2802,0
1003.3949437483168,15,UPI,Android,Delhi,2,32,3319,0
1013.0571141612853,10,UPI,Android,Delhi,3,5,1095,0
1813.7686473023857,21,UPI,Android,Delhi,4,40,392,0
3719.6391543042723,3,NetBanking,Desktop,Chennai,9,20,2027,0
2827.6853339016834,16,NetBanking,Desktop,Chennai,9,45,2296,1
1721.1149627697075,7,Wallet,Desktop,Mumbai,2,4,1129,0
4731.854369498993,13,Card,Desktop,Chennai,0,39,2982,0
751.1726436366934,1,Card,iPhone,Bangalore,7,22,1076,0
1727.5775600120114,10,NetBanking,iPhone,Bangalore,7,33,2306,1
2281.386091104235,10,NetBanking,Desktop,Delhi,3,31,1509,0
3044.673439298875,23,UPI,Desktop,Delhi,6,41,406,1
7689.680055154559,21,NetBanking,Desktop,Delhi,3,29,1655,0
1113.6793106434513,23,UPI,Android,Mumbai,2,5,886,0
3610.1457751656385,5,NetBanking,iPhone,Bangalore,6,10,3076,0
4487.5236065488025,20,Card,iPhone,Bangalore,5,11,1588,0
237.81924878204273,20,Wallet,Android,Chennai,0,37,2415,0
4676.66510324805,13,NetBanking,Android,Bangalore,8,22,2055,0
934.8062598870821,9,UPI,Android,Chennai,1,24,1,0
336.3196543965212,7,Wallet,iPhone,Mumbai,2,21,339,0
14868.438967534654,6,UPI,Android,Delhi,4,36,350,0
16853.151712305862,7,UPI,Android,Delhi,2,16,2674,0
8261.657864064384,7,Wallet,Android,Chennai,2,2,2103,0
1816.4392998437913,22,Wallet,Desktop,Hyderabad,7,15,2677,0
513.8865750125312,1,Wallet,Android,Chennai,3,41,796,0
5763.753815493309,15,NetBanking,Desktop,Mumbai,9,49,3342,1
2900.4542129269917,8,Wallet,iPhone,Bangalore,1,26,2947,0
650.7611697722432,12,NetBanking,iPhone,Chennai,4,30,2320,0
3417.7361406707505,22,Card,iPhone,Mumbai,1,2,2905,0
174.96860721739543,11,Card,Desktop,Delhi,9,29,1454,0
12002.11443696512,21,UPI,Android,Hyderabad,7,6,879,0
1497.2888842034304,16,UPI,iPhone,Hyderabad,2,1,377,0
5431.278992824901,1,NetBanking,Android,Chennai,1,40,387,0
1867.7329082881183,12,UPI,Desktop,Bangalore,2,11,2435,0
3670.5544795461433,0,Card,iPhone,Chennai,2,23,3241,0
3956.1189899089877,18,NetBanking,Android,Hyderabad,0,26,1181,0
1021.9429975395287,10,NetBanking,Android,Hyderabad,2,31,424,0
17464.035663681134,4,Wallet,iPhone,Delhi,2,15,787,0
7461.226885690704,0,NetBanking,Android,Bangalore,3,9,2708,0
14025.472096457912,19,UPI,Desktop,Bangalore,7,34,277,1
11260.759987670983,12,Card,iPhone,Hyderabad,8,39,3220,1
4555.272061916375,7,UPI,iPhone,Hyderabad,0,17,2908,0
12747.176896347026,5,Card,iPhone,Chennai,0,35,1839,0
463.2772947655781,16,Wallet,iPhone,Chennai,5,36,3163,0
1090.6734731563372,11,Card,Desktop,Delhi,0,3,2604,0
231.40982843415978,0,Wallet,Desktop,Hyderabad,4,40,1774,0
1967.660434015434,2,UPI,Android,Chennai,0,11,3186,0
2460.651458971093,13,Wallet,Desktop,Delhi,7,28,2043,0
1582.8022160441285,7,NetBanking,Android,Bangalore,4,48,1625,0
8822.78932620467,10,NetBanking,Android,Hyderabad,5,28,3074,0
2206.1349976493507,13,Card,iPhone,Mumbai,3,46,3573,0
1649.014200671246,7,UPI,Android,Hyderabad,7,19,2219,0
3912.03541603873,2,UPI,iPhone,Chennai,8,2,3513,0
759.4907391031443,6,Card,Android,Hyderabad,8,32,1249,1
8102.4179788736565,18,NetBanking,Desktop,Mumbai,0,44,147,0
387.37934405654505,3,Wallet,iPhone,Hyderabad,6,11,1626,0
21670.731697936597,15,Card,Android,Chennai,3,16,1472,0
7397.418881207557,12,Wallet,Desktop,Bangalore,9,11,1454,0
1107.6972025294297,19,Wallet,Desktop,Chennai,7,3,1347,0
27.687101879677375,18,UPI,iPhone,Delhi,6,42,1115,1
8449.48388743063,4,NetBanking,iPhone,Chennai,0,29,14,0
6135.479536935223,22,Wallet,iPhone,Delhi,0,5,1172,0
6528.314543939995,4,NetBanking,Android,Hyderabad,0,28,1827,0
7376.072630217567,19,UPI,iPhone,Delhi,1,31,3543,0
384.64632756898175,23,Card,Desktop,Hyderabad,9,13,409,0
2219.4633620811624,3,Card,Desktop,Delhi,1,25,384,0
615.7505230222482,1,UPI,iPhone,Chennai,8,6,1412,0
9942.647858291113,12,UPI,iPhone,Mumbai,4,3,57,0
4881.50595856187,15,Wallet,Desktop,Hyderabad,0,22,2562,0
2009.0940062565048,21,UPI,Android,Delhi,6,41,2393,1
328.3403290239145,1,Card,Desktop,Mumbai,9,39,1903,1
1862.4417520517686,18,NetBanking,Desktop,Delhi,1,32,3159,0
1966.5710659206568,16,NetBanking,Desktop,Delhi,2,30,405,0
6539.3789197887045,4,NetBanking,iPhone,Delhi,3,7,245,0
5074.4467946301,17,NetBanking,Android,Chennai,2,25,1625,0
10911.259562007574,22,UPI,Android,Delhi,2,2,859,0
3195.330666881549,20,UPI,iPhone,Mumbai,8,8,2100,0
636.8619680775095,17,NetBanking,Desktop,Delhi,3,33,1998,0
6245.631721582997,7,UPI,iPhone,Bangalore,7,28,209,0
7151.96376538432,14,Wallet,iPhone,Hyderabad,0,10,1910,0
4119.437474429144,12,UPI,Android,Chennai,5,38,2191,0
7369.449833606823,12,Wallet,Android,Bangalore,0,18,1823,0
3404.0736575513897,15,Wallet,iPhone,Bangalore,4,13,3646,0
3698.394193886335,21,UPI,iPhone,Mumbai,6,21,546,0
2789.070969542137,19,NetBanking,Android,Mumbai,0,33,804,0
128.73886995056864,12,Wallet,Android,Chennai,8,23,2681,0
570.8371759593292,19,UPI,Desktop,Chennai,8,1,1128,0
159.6684064652691,1,Card,iPhone,Hyderabad,5,44,1068,0
5058.647754637747,2,NetBanking,Desktop,Delhi,1,40,2381,0
1886.9835439754993,14,Card,Desktop,Chennai,1,21,247,0
3552.1858856709505,22,Wallet,Desktop,Chennai,8,5,2578,0
11906.327649229877,18,Card,Android,Delhi,3,35,465,0
1433.6941149164916,12,UPI,Desktop,Hyderabad,5,18,2349,0
2641.409874413363,4,NetBanking,Android,Mumbai,9,38,620,1
7043.745737692917,21,Wallet,Android,Hyderabad,1,36,1959,0
1299.02578458697,5,UPI,Android,Delhi,3,47,3036,0
400.52139275088183,13,NetBanking,iPhone,Mumbai,1,29,2586,0
1710.7015194352853,3,Wallet,Desktop,Mumbai,2,26,2416,0
879.0417925003143,21,Wallet,Android,Mumbai,1,36,1230,0
13274.750429403124,18,Wallet,iPhone,Hyderabad,7,38,357,1
8254.435402422847,22,Wallet,iPhone,Delhi,4,18,2379,0
5017.470952602655,6,Card,iPhone,Hyderabad,4,29,3352,0
10257.598652604065,3,Card,Android,Hyderabad,7,31,885,1
8139.844703702782,1,Card,Android,Bangalore,7,42,2490,1
1032.4773817931953,6,Wallet,Android,Chennai,6,13,501,0
11154.067026177805,2,Card,iPhone,Hyderabad,4,30,1759,0
3875.49950983086,14,NetBanking,Android,Bangalore,6,7,744,0
8236.741456517831,0,Wallet,Desktop,Delhi,0,40,2921,0
11321.213246431156,1,NetBanking,Android,Bangalore,2,6,1458,0
1913.6535820915924,9,NetBanking,Android,Hyderabad,2,2,2248,0
582.9608006192542,15,Card,Desktop,Delhi,1,8,551,0
1293.4337306969069,14,Wallet,Android,Bangalore,5,10,200,0
2785.288463743072,23,Card,Android,Hyderabad,2,49,1391,0
8519.148633194725,14,Card,Android,Delhi,3,44,339,0
9856.724859399166,13,Card,Android,Delhi,2,43,1444,0
34.88204590825323,21,Wallet,iPhone,Chennai,6,49,679,1
3574.380796692779,13,Wallet,Android,Hyderabad,3,48,2784,0
2701.3666045933564,5,Card,Desktop,Chennai,4,22,277,0
1255.8366913791224,13,NetBanking,Desktop,Delhi,6,10,1815,0
638.401957728234,16,NetBanking,iPhone,Delhi,3,35,54,0
2059.5428993121623,17,Wallet,Android,Bangalore,5,19,164,0
14315.60561345575,19,UPI,Desktop,Chennai,8,4,2703,0
1951.919014407372,18,Card,iPhone,Mumbai,5,19,1410,0
3657.2640288007597,16,Card,Android,Hyderabad,4,41,2124,0
6070.434884404274,15,UPI,iPhone,Chennai,0,20,2790,0
2259.8724948348117,7,Wallet,Android,Delhi,7,49,1006,1
17838.990691458497,6,NetBanking,iPhone,Bangalore,4,4,422,0
16410.04932270699,19,Wallet,iPhone,Hyderabad,4,49,577,0
1450.3064749610264,11,NetBanking,Desktop,Hyderabad,2,26,1254,0
3438.296392319236,8,NetBanking,Desktop,Bangalore,9,3,1330,0
1789.6523003952339,13,Wallet,iPhone,Delhi,1,30,986,0
1676.2483819054087,19,Card,Android,Mumbai,0,36,3189,0
187.92238882761265,0,Card,Android,Bangalore,8,41,1264,1
4702.460354912966,9,Card,Android,Mumbai,4,6,2554,0
3492.598164148192,16,NetBanking,Android,Chennai,9,39,2817,1
264.2554369019624,16,Card,Android,Hyderabad,3,27,1557,0
1633.1296050518467,16,NetBanking,Desktop,Delhi,6,16,1081,0
11944.304755446701,3,Card,iPhone,Mumbai,3,47,659,0
1369.3027607103852,16,Wallet,Desktop,Delhi,1,16,1053,0
782.6543049273488,17,UPI,Android,Chennai,8,46,2482,1
3361.3605473681814,19,NetBanking,iPhone,Mumbai,7,36,2266,1
21220.1849130763,22,Wallet,Android,Delhi,3,34,546,1
1385.724067798631,1,NetBanking,Android,Delhi,7,39,2035,1
5575.7750514864665,7,NetBanking,iPhone,Chennai,8,24,849,0
7169.438131197315,12,Wallet,Android,Bangalore,1,39,466,0
1356.665861679029,22,Card,Desktop,Chennai,3,6,566,0
6513.744642461581,21,NetBanking,Desktop,Mumbai,5,20,3616,0
2292.61399632152,19,UPI,Desktop,Mumbai,6,9,504,0
5002.518738658857,21,UPI,Android,Hyderabad,4,49,2436,0
5019.1891356881915,14,Wallet,Desktop,Delhi,9,21,1566,0
3836.926249761744,19,UPI,Android,Mumbai,9,11,1375,0
473.1457940581048,22,Wallet,Android,Bangalore,6,48,1349,1
9018.223971231484,8,Wallet,Desktop,Bangalore,3,30,2016,0
1934.0514683369831,2,NetBanking,Desktop,Chennai,7,1,541,0
1032.1605330377827,2,Wallet,Android,Mumbai,2,27,1420,0
208.14879897172602,1,Wallet,Android,Mumbai,2,48,1807,0
4468.892022972917,0,Card,Android,Hyderabad,4,49,2127,0
5659.258671336745,13,NetBanking,Android,Hyderabad,5,6,2531,0
83.63473779235309,16,UPI,Desktop,Hyderabad,2,43,2357,0
3588.1529227474416,12,Card,Android,Mumbai,9,7,419,0
1284.1207352747883,18,Card,Android,Chennai,1,48,2283,0
5180.62170773846,22,NetBanking,Android,Chennai,4,22,1460,0
958.0211126956688,14,NetBanking,Android,Chennai,9,34,437,1
5871.062637838596,13,Card,Android,Chennai,5,20,1934,0
2444.793504905509,1,NetBanking,iPhone,Bangalore,2,45,2194,0
13801.719089021535,6,NetBanking,iPhone,Mumbai,6,45,2214,1
739.7220671963947,16,Wallet,iPhone,Delhi,2,15,598,0
2085.662169975859,17,NetBanking,Desktop,Mumbai,1,47,1190,0
602.2214251849821,5,Wallet,Android,Chennai,9,9,3639,0
12930.951985753618,20,Card,Desktop,Bangalore,3,18,1419,0
10491.66853580497,7,Card,Android,Bangalore,2,46,1277,0
1491.6368503074445,1,UPI,iPhone,Mumbai,6,46,3637,1
5393.813695219573,0,NetBanking,Android,Delhi,7,36,1433,1
8497.420363196106,15,Card,Desktop,Chennai,2,46,446,0
4050.66180343254,6,Wallet,Desktop,Bangalore,5,42,654,0
3771.39705096973,21,Card,Android,Chennai,0,30,47,0
1384.3852271895157,23,NetBanking,Desktop,Chennai,4,11,1119,0
488.6307023747036,10,UPI,iPhone,Chennai,1,33,2999,0
11375.616125972614,14,UPI,Android,Hyderabad,0,46,1513,0
11533.872138242134,12,Card,iPhone,Chennai,6,40,2700,1
5013.349597414423,23,UPI,iPhone,Chennai,9,6,1287,0
2070.2325490566195,1,NetBanking,Desktop,Delhi,3,43,3505,0
2147.8380790582196,13,NetBanking,Android,Delhi,4,46,2702,0
6472.327148635591,23,UPI,iPhone,Hyderabad,1,39,1949,0
11370.486745536262,5,Wallet,iPhone,Hyderabad,7,22,943,0
10905.662846983067,8,UPI,Android,Chennai,9,39,2702,1
7567.810959654516,6,UPI,Desktop,Bangalore,2,19,983,0
5136.553467838525,17,Card,iPhone,Bangalore,6,22,1715,0
439.45863098042025,23,Wallet,Android,Mumbai,0,31,2291,0
881.4710734170575,8,UPI,Android,Bangalore,9,42,855,1
11441.152500887529,22,Card,iPhone,Bangalore,0,25,904,0
4662.469734827948,3,Card,iPhone,Delhi,6,41,1357,1
46.19802805497205,8,Card,iPhone,Mumbai,0,49,2660,0
534.9845071797466,3,NetBanking,Desktop,Mumbai,8,30,1132,0
5445.811936451205,11,Card,Desktop,Delhi,8,45,2369,1
25.372185258985013,3,Card,Android,Bangalore,7,4,2853,0
876.5790805209953,23,NetBanking,Android,Bangalore,7,26,474,0
3978.4892306946585,19,NetBanking,iPhone,Mumbai,3,7,2756,0
5886.576433274064,13,Card,Android,Bangalore,3,40,2320,0
5277.207410676244,23,UPI,Desktop,Mumbai,4,48,3545,0
1269.7493365401224,23,Wallet,Android,Bangalore,8,12,467,0
6227.086444492695,6,NetBanking,Android,Chennai,2,1,3476,0
1354.1187952640296,12,Wallet,iPhone,Delhi,3,6,755,0
1968.1745445904223,21,NetBanking,iPhone,Hyderabad,9,1,2272,0
6861.787758328954,7,Card,Desktop,Chennai,4,8,1136,0
5243.86907151384,22,NetBanking,Android,Bangalore,6,44,1479,1
9459.780387317005,4,Card,Android,Hyderabad,4,48,288,0
5359.066440848812,11,Wallet,Android,Chennai,8,33,1477,1
4200.221527936287,12,UPI,iPhone,Delhi,5,4,341,0
491.7853072420524,19,Card,Desktop,Hyderabad,2,40,2206,0
2292.0815360351003,13,Wallet,Android,Hyderabad,5,6,660,0
1540.8007392941558,17,Wallet,Android,Delhi,5,45,186,0
1398.5010183121062,23,NetBanking,Android,Chennai,9,3,2077,0
18061.54703081463,19,Card,Android,Hyderabad,0,15,1432,0
2496.9374852001188,3,Wallet,Desktop,Delhi,6,6,897,0
11130.276056242614,20,UPI,Desktop,Chennai,2,6,747,0
4986.6719286824155,17,NetBanking,Desktop,Bangalore,0,37,1051,0
7919.126263441999,6,NetBanking,iPhone,Mumbai,0,27,985,0
3492.1766219438523,14,Wallet,Android,Bangalore,4,42,533,0
4300.779513207925,20,Card,Android,Bangalore,9,41,2961,1
3391.467166708467,5,NetBanking,Android,Mumbai,9,46,3164,1
1086.0744766261926,15,Card,Android,Bangalore,1,5,2976,0
6408.809015329019,19,Wallet,Desktop,Bangalore,1,39,2220,0
1647.8868418313148,23,Wallet,iPhone,Delhi,3,17,114,0
123.08240540344308,7,Card,iPhone,Delhi,9,23,1122,0
5184.843931476369,20,UPI,Android,Chennai,6,17,3327,0
974.6678511241134,15,NetBanking,Desktop,Hyderabad,7,41,3094,1
14105.415736366516,21,Wallet,iPhone,Chennai,9,23,2602,0
15387.812063940117,15,UPI,iPhone,Delhi,6,39,1145,1
12317.549423169206,2,UPI,Android,Delhi,8,33,211,1
2311.4369824868336,16,Card,iPhone,Mumbai,6,2,2864,0
77.88657685972191,8,Card,Android,Mumbai,3,10,2434,0
13177.617286659448,2,Card,Desktop,Delhi,8,19,901,0
2794.6913852653065,19,UPI,Android,Bangalore,8,40,3356,1
17004.21008061028,6,NetBanking,iPhone,Chennai,2,9,1924,0
16568.67738065103,17,Card,Android,Delhi,9,15,3125,0
9586.935085897096,11,NetBanking,Android,Delhi,7,43,1892,1
1743.8803408608014,18,Card,Android,Mumbai,0,24,641,0
2431.459660493468,15,UPI,Android,Chennai,1,12,1615,0
9523.633262390398,21,NetBanking,Android,Chennai,7,22,1485,0
1905.7311571535854,23,NetBanking,Android,Hyderabad,7,18,1759,0
928.5930814787739,16,UPI,iPhone,Delhi,5,2,1926,0
4068.6849603011387,19,NetBanking,Android,Hyderabad,7,15,1880,0
13756.467354035209,14,UPI,iPhone,Mumbai,7,42,2999,1
5954.127988789686,0,UPI,Android,Hyderabad,1,39,1332,0
4220.561682178278,1,Wallet,Desktop,Bangalore,2,9,1357,0
511.14098674661443,7,Card,Android,Delhi,6,22,2261,0
4772.653577588589,21,Wallet,iPhone,Delhi,2,17,3608,0
23052.848739231587,1,UPI,iPhone,Chennai,1,14,2238,0
754.6029332113208,18,UPI,Desktop,Hyderabad,5,31,3062,0
3652.4766249075187,8,NetBanking,Android,Chennai,1,41,184,0
10493.043189503973,8,UPI,Desktop,Hyderabad,1,7,3286,0
6750.17124176835,12,UPI,Android,Hyderabad,1,47,2141,0
5970.372126508365,5,UPI,Android,Mumbai,3,35,3480,0
6061.437781122449,14,Card,iPhone,Hyderabad,6,34,1644,1
2227.4617115747456,18,Wallet,Desktop,Chennai,5,3,2764,0
1737.810421335476,20,Wallet,Desktop,Hyderabad,4,2,1300,0
8286.872536298562,14,Card,iPhone,Hyderabad,3,45,1002,0
8306.640995435144,17,Card,iPhone,Delhi,1,27,1058,0
10089.750236839574,6,Card,Desktop,Delhi,7,45,1807,1
12223.079809183182,10,Wallet,iPhone,Delhi,1,2,2867,0
3580.4661846645186,7,Wallet,Android,Bangalore,7,41,2293,1
3480.921887755996,5,UPI,Desktop,Delhi,9,5,1796,0
8004.749661542437,7,Wallet,Desktop,Bangalore,3,21,1333,0
5248.595374439001,1,NetBanking,iPhone,Bangalore,4,7,1678,0
6052.753242557585,18,Wallet,Android,Chennai,0,25,2753,0
7943.097374771024,15,Card,Desktop,Delhi,1,45,3489,0
11036.617381733835,6,Wallet,Desktop,Hyderabad,7,1,1404,0
2062.412035688271,9,UPI,Android,Mumbai,0,9,2098,0
2354.683943637782,11,Wallet,iPhone,Hyderabad,2,2,239,0
493.4801959368028,16,Card,iPhone,Delhi,1,3,3307,0
4317.070133047173,6,NetBanking,iPhone,Hyderabad,9,44,319,1
183.02052105428498,21,Card,iPhone,Delhi,4,37,562,0
3133.034740910548,7,NetBanking,Android,Delhi,3,44,1117,0
3911.47292843563,6,UPI,Android,Hyderabad,3,4,2808,0
1688.1533015726125,3,UPI,Desktop,Bangalore,3,21,2378,0
4468.1626507308765,2,Wallet,Desktop,Chennai,3,26,3492,0
154.87531050737272,18,UPI,Android,Chennai,3,44,3534,0
190.3174964139469,14,UPI,Desktop,Chennai,5,37,3414,0
8646.75684769068,3,Card,Android,Chennai,1,14,2290,0
2232.9251210387233,8,Card,iPhone,Mumbai,3,46,609,0
679.4452064871399,12,Wallet,Android,Delhi,6,10,1500,0
3693.267941395078,17,Wallet,Android,Mumbai,6,26,2660,0
7348.239702228676,20,Wallet,Desktop,Chennai,0,10,3071,0
1215.5900171495168,15,Wallet,Android,Chennai,9,37,1508,1
4876.098093282464,0,Card,iPhone,Hyderabad,8,18,2994,0
446.0551449494864,3,Wallet,iPhone,Chennai,6,27,1449,0
265.325479551547,17,Wallet,Desktop,Delhi,5,17,866,0
3789.544703127605,7,UPI,Desktop,Chennai,1,10,2021,0
3889.552213473711,19,Wallet,Android,Chennai,5,11,3299,0
5072.68724102308,15,NetBanking,Desktop,Mumbai,4,47,155,0
6474.802814583421,20,UPI,iPhone,Delhi,8,24,542,0
18617.785043499964,10,Card,Desktop,Bangalore,0,19,160,0
3631.4555961517813,19,NetBanking,Desktop,Hyderabad,4,44,3283,0
1950.098570529894,20,Wallet,iPhone,Bangalore,2,16,790,0
7928.269898663431,20,UPI,Android,Mumbai,8,23,1605,0
1579.2573271806864,20,Wallet,Android,Chennai,0,12,1685,0
2889.917156366507,18,UPI,Desktop,Hyderabad,5,19,2537,0
408.5258429183495,22,Wallet,iPhone,Delhi,2,25,1280,0
128.3880477073719,18,NetBanking,iPhone,Hyderabad,0,3,56,0
16436.89961634301,17,Card,iPhone,Mumbai,2,13,2900,0
9038.838210575313,18,NetBanking,Android,Chennai,1,21,1766,0
5953.213663996708,10,NetBanking,iPhone,Mumbai,9,22,1183,0
2629.2982223257095,2,Card,iPhone,Delhi,7,47,869,1
951.5326807105437,7,UPI,Android,Bangalore,2,29,1979,0
850.6037078642707,19,UPI,iPhone,Chennai,6,49,3014,1
1440.029945632918,18,Card,Android,Chennai,9,43,3167,1
3983.953241566573,9,Wallet,Desktop,Mumbai,5,25,3311,0
6269.246438883879,15,UPI,Desktop,Mumbai,6,23,683,0
5396.951748483993,4,NetBanking,Desktop,Mumbai,6,12,2264,0
1642.0613069449796,19,Card,Desktop,Chennai,9,49,1462,1
15490.517492781533,8,NetBanking,Desktop,Mumbai,0,23,146,0
6695.087024376132,7,UPI,Android,Hyderabad,3,5,1975,0
4041.1524096566563,10,Card,Android,Hyderabad,3,29,1532,0
4730.152360187175,15,Card,Android,Hyderabad,4,5,1821,0
2720.189327660257,6,UPI,iPhone,Chennai,9,39,2172,1
1423.3064613703175,14,UPI,Desktop,Mumbai,4,35,2867,0
2200.070646615562,23,Card,iPhone,Delhi,7,35,2380,1
7090.909238783566,20,Wallet,iPhone,Mumbai,3,17,3340,0
72.49039860402138,19,Card,iPhone,Chennai,0,30,605,0
616.9019611998802,22,Wallet,Desktop,Hyderabad,4,2,2237,0
235.47188476260263,16,NetBanking,iPhone,Chennai,0,15,1607,0
207.90725958646215,5,Wallet,Desktop,Mumbai,2,23,144,0
9671.015168078293,14,Wallet,Desktop,Chennai,7,42,3200,1
6081.203058503442,7,UPI,Desktop,Delhi,9,26,1548,0
3213.9229720644616,6,Card,iPhone,Chennai,4,11,2878,0
514.7845922390662,1,NetBanking,Desktop,Bangalore,6,24,2773,0
3382.589828986166,12,Card,Desktop,Chennai,0,9,1988,0
3207.2516604718558,22,Wallet,Android,Mumbai,5,14,1386,0
950.9735640011249,5,Wallet,iPhone,Bangalore,7,24,3644,0
2844.495656511619,4,Wallet,Android,Hyderabad,5,7,2897,0
2541.6830729160342,19,Card,Android,Mumbai,3,10,1820,0
4783.612164565672,0,Wallet,iPhone,Delhi,7,33,2880,1
5040.57268020456,17,Card,Android,Chennai,7,33,2655,1
231.81162010267366,14,NetBanking,Desktop,Chennai,5,46,2120,0
2346.920023275308,22,NetBanking,Android,Mumbai,7,27,622,0
4915.624973913643,9,Card,Android,Chennai,5,8,946,0
3497.1972630389487,2,NetBanking,Desktop,Chennai,3,14,1306,0
9706.747265877193,4,UPI,Android,Hyderabad,5,7,1448,0
5374.873820274989,23,Wallet,Desktop,Chennai,8,18,1902,0
889.2643438365367,12,Wallet,iPhone,Chennai,7,26,2487,0
365.9121812812042,7,Wallet,Android,Hyderabad,6,41,159,1
5141.970735544455,21,UPI,iPhone,Chennai,4,15,1918,0
134.34536333697216,20,Wallet,Android,Hyderabad,6,33,3323,1
4406.736889036453,1,Card,Desktop,Delhi,0,11,1351,0
14086.27727693576,8,Wallet,Android,Chennai,7,19,625,0
4283.912227887722,16,Card,iPhone,Mumbai,4,42,3589,0
2456.5034611195365,17,NetBanking,Desktop,Bangalore,6,18,2962,0
5154.13578922491,12,Card,Desktop,Delhi,6,22,338,0
3064.7798702554564,0,Card,iPhone,Chennai,7,36,2803,1
3944.071802881601,11,Card,iPhone,Mumbai,6,18,1655,0
14190.635731164995,19,Wallet,Android,Bangalore,5,18,1108,0
2439.6376367509356,19,UPI,Android,Hyderabad,5,22,1780,0
16245.459307533769,20,UPI,Desktop,Chennai,4,25,3185,0
11787.880918849596,4,Card,iPhone,Hyderabad,4,44,3031,0
1089.48130470225,7,Wallet,iPhone,Delhi,3,31,676,0
359.42077651578506,14,UPI,Android,Bangalore,6,9,369,0
531.1266774081511,2,NetBanking,Android,Bangalore,2,38,2675,0
91.94943923616852,5,NetBanking,Desktop,Hyderabad,4,19,3176,0
496.0250582787707,12,Wallet,iPhone,Hyderabad,2,25,1204,0
5744.374362885836,11,NetBanking,iPhone,Delhi,7,15,3361,0
369.2481347321351,18,NetBanking,iPhone,Mumbai,4,5,1472,0
1920.7859414743425,17,NetBanking,iPhone,Chennai,9,11,1256,0
9317.630200486385,23,UPI,Android,Mumbai,5,13,1349,0
117.73501590355754,0,NetBanking,Android,Bangalore,0,34,3424,0
8422.652530929792,6,Card,Android,Chennai,3,8,3017,0
1655.4173341981473,11,Card,Desktop,Delhi,8,25,670,0
628.7505991455382,9,NetBanking,iPhone,Mumbai,4,27,1632,0
5965.777042199567,11,Card,Android,Mumbai,0,11,1255,0
4956.995882166101,10,UPI,iPhone,Chennai,3,18,324,0
10497.079070434735,3,Wallet,Android,Delhi,5,10,2009,0
6641.467893822001,18,Card,Desktop,Delhi,6,33,2838,1
8134.979029969891,5,NetBanking,Android,Mumbai,6,36,827,1
1656.6693115336927,8,Wallet,Desktop,Mumbai,7,17,2312,0
976.6664802022349,19,Wallet,iPhone,Hyderabad,4,49,450,0
6943.781980027124,9,NetBanking,Android,Chennai,5,5,549,0
8221.045916217097,4,Card,Android,Delhi,1,23,1635,0
23285.024450701152,12,UPI,Android,Bangalore,9,3,1336,1
2660.396770763025,8,Card,iPhone,Chennai,1,39,3261,0
2326.2195598086637,1,Card,Desktop,Hyderabad,2,37,2113,0
7489.772516717935,17,UPI,Desktop,Chennai,3,10,1639,0
2083.6683546537656,20,Wallet,Android,Mumbai,5,27,2474,0
13350.689621996631,0,UPI,iPhone,Chennai,5,7,624,0
9774.195785831245,23,UPI,Desktop,Chennai,2,49,353,0
2801.7780472107984,20,NetBanking,Desktop,Chennai,0,29,2993,0
6948.923582477306,11,NetBanking,Desktop,Bangalore,2,49,2628,0
7023.164934275086,9,Card,Desktop,Hyderabad,3,39,1008,0
544.1875940335901,1,NetBanking,Desktop,Chennai,8,6,1161,0
11642.22840433816,8,UPI,Android,Chennai,9,9,136,0
3518.5374487837717,1,UPI,Android,Bangalore,7,8,3386,0
8756.66278761665,22,NetBanking,Android,Delhi,3,14,1011,0
1928.6771308225414,23,NetBanking,Desktop,Chennai,6,38,2774,1
11293.952572729631,21,NetBanking,Desktop,Chennai,8,9,3569,0
2464.9422703008563,13,UPI,Desktop,Delhi,1,11,1898,0
54.48403307587739,10,Wallet,Android,Chennai,2,11,2801,0
11789.536484812268,22,Wallet,Desktop,Chennai,0,40,310,0
478.62805274237627,10,NetBanking,Android,Chennai,7,35,1621,1
1923.2681669251945,16,Card,Desktop,Hyderabad,1,11,3632,0
14984.861915941428,3,Card,Android,Mumbai,6,36,1462,1
15039.747700519947,12,Wallet,iPhone,Hyderabad,6,3,3433,0
4259.986455276319,6,NetBanking,Desktop,Delhi,2,45,156,0
4996.150401952623,15,UPI,Desktop,Hyderabad,1,19,1637,0
2975.073318114288,0,Card,Android,Hyderabad,2,8,962,0
1735.1138937309852,12,Card,Desktop,Bangalore,7,28,366,0
1992.4316727519486,0,UPI,Android,Delhi,8,1,3153,0
5581.6178996425315,10,UPI,Android,Delhi,7,40,1261,1
6979.189368315386,5,NetBanking,iPhone,Delhi,1,30,3469,0
7840.977081105743,19,UPI,iPhone,Hyderabad,8,41,3131,1
7794.155159243709,2,UPI,Desktop,Delhi,5,38,1261,0
478.1847327015972,11,UPI,Desktop,Bangalore,1,11,3582,0
3410.2479828667797,4,Wallet,Android,Chennai,8,29,338,0
296.40853224368897,8,UPI,Android,Hyderabad,4,31,472,0
3987.3065784769647,11,Card,Android,Chennai,5,10,1439,0
2912.7763749364176,9,NetBanking,Android,Chennai,0,35,289,0
10933.093321104006,18,NetBanking,Desktop,Hyderabad,1,40,374,0
2160.9580973394254,4,NetBanking,iPhone,Hyderabad,0,29,3381,0
622.5298877622544,4,Wallet,Desktop,Delhi,3,37,1631,0
771.5382727105969,8,Card,Desktop,Bangalore,1,2,1146,0
7167.152735395469,19,UPI,Desktop,Hyderabad,0,48,2395,0
4814.528398740175,16,Card,iPhone,Chennai,2,1,2681,0
533.0435612269272,9,NetBanking,Desktop,Hyderabad,3,32,36,0
439.2776083430254,20,UPI,iPhone,Bangalore,3,24,725,0
6036.0423582654985,0,NetBanking,Android,Mumbai,2,2,1477,0
377.7304476289857,21,NetBanking,Desktop,Chennai,1,3,2507,0
8625.929269042907,15,NetBanking,Android,Mumbai,7,9,3298,0
6124.998765650025,14,Card,Android,Mumbai,9,49,891,1
424.2437529015603,22,Card,Android,Bangalore,1,24,2850,0
443.26933888903346,16,NetBanking,Desktop,Hyderabad,4,12,1401,0
21577.29281029046,19,NetBanking,Android,Mumbai,6,34,1597,1
2344.187912761448,12,UPI,Desktop,Delhi,8,34,1212,1
2315.2763023765624,0,NetBanking,Android,Hyderabad,2,23,1027,0
8377.877016413386,7,NetBanking,Desktop,Chennai,0,19,6,0
14710.82268981622,4,NetBanking,Desktop,Hyderabad,8,32,3476,1
21343.86969800992,5,NetBanking,Desktop,Bangalore,0,49,1796,1
6999.496150581709,22,Card,Android,Bangalore,7,28,2661,0
2360.104998095628,19,NetBanking,Desktop,Chennai,1,26,309,0
435.9699684897863,13,Wallet,Android,Chennai,6,49,2407,1
7506.212702273128,21,NetBanking,iPhone,Chennai,2,45,1863,0
4086.802037807465,22,Card,Android,Bangalore,5,12,3006,0
2760.1656265248685,10,Wallet,Android,Hyderabad,5,43,2556,0
11841.188377390452,5,Wallet,Desktop,Mumbai,3,31,2513,0
589.4010398594012,10,NetBanking,Android,Mumbai,7,11,676,0
3392.5255468647715,12,NetBanking,iPhone,Delhi,4,40,2850,0
57.09294716270834,11,Card,Desktop,Bangalore,6,4,518,0
3161.771847914631,21,Wallet,Android,Chennai,4,18,3047,0
289.75215532962886,1,Wallet,Android,Hyderabad,3,29,384,0
632.454979655856,20,Card,Desktop,Bangalore,5,47,3010,0
625.1311600372813,2,NetBanking,Desktop,Delhi,2,39,2538,0
5237.841932034858,22,UPI,Android,Mumbai,5,47,2587,0
6852.988587982364,3,UPI,Android,Hyderabad,5,31,2599,0
4377.768886014343,16,Wallet,Desktop,Mumbai,5,28,1513,0
16373.601045511885,21,Wallet,Desktop,Hyderabad,2,27,1331,0
2348.982889601336,5,NetBanking,iPhone,Chennai,7,30,1299,0
1682.3457871027936,6,UPI,iPhone,Hyderabad,3,49,608,0
10147.512690851148,14,Wallet,iPhone,Chennai,1,42,162,0
1265.410338659267,10,NetBanking,Desktop,Bangalore,6,11,601,0
16514.350531259555,23,UPI,Desktop,Mumbai,7,14,1271,0
61.14472179484654,2,Card,Desktop,Hyderabad,3,4,1560,0
17512.634614397408,5,Wallet,Android,Hyderabad,5,36,665,0
220.59499309250947,1,Card,Desktop,Delhi,7,1,2892,0
11088.606145800044,13,UPI,Android,Mumbai,4,44,862,0
3750.7162517469515,8,NetBanking,Desktop,Bangalore,8,39,2291,1
24784.143039630166,17,NetBanking,Desktop,Chennai,5,37,2078,1
383.30687977227467,18,UPI,Android,Bangalore,5,33,2040,0
4035.548318666744,11,Card,Desktop,Delhi,1,21,481,0
17417.876106280026,12,NetBanking,Desktop,Bangalore,6,24,221,0
3702.2196659052197,11,Wallet,Desktop,Chennai,8,40,3638,1
4963.141451905937,11,Card,iPhone,Mumbai,4,13,2419,0
5949.506190583871,17,Card,Desktop,Delhi,4,49,3150,0
3030.6387783847545,8,Wallet,Android,Hyderabad,4,34,2168,0
4938.37086504011,16,UPI,Android,Hyderabad,0,38,1817,0
4389.129309028778,20,NetBanking,Android,Mumbai,4,29,1773,0
11571.163847413238,15,Card,Desktop,Bangalore,9,36,510,1
232.55730871740488,16,NetBanking,Android,Hyderabad,7,40,1917,1
1649.2136294937923,20,NetBanking,iPhone,Delhi,2,47,2562,0
15019.980029304656,23,Card,Android,Chennai,8,5,1391,0
11048.379142267431,7,UPI,Desktop,Bangalore,8,20,3152,0
3040.8763097981,10,Card,iPhone,Chennai,5,29,3431,0
4839.665143694886,23,UPI,Android,Bangalore,3,11,191,0
1624.3670994756508,1,Wallet,iPhone,Delhi,3,8,1660,0
1042.0208071803224,7,UPI,Android,Chennai,0,28,1718,0
3115.2929940204936,11,UPI,Desktop,Delhi,9,49,1958,1
2179.767673083667,20,Card,iPhone,Chennai,4,41,1660,0
4381.218530033215,0,NetBanking,Android,Bangalore,4,18,3089,0
404.61142216592395,22,NetBanking,Android,Delhi,4,30,2079,0
18324.80061261284,12,UPI,iPhone,Bangalore,0,14,2945,0
21419.32787776269,21,UPI,iPhone,Bangalore,0,9,1158,0
5989.3194095639465,20,Card,iPhone,Chennai,9,10,1247,0
3840.3921720604494,16,UPI,iPhone,Chennai,1,25,1094,0
1851.8965077718,13,Card,Android,Delhi,0,27,1828,0
8404.535837439984,13,Wallet,Android,Hyderabad,7,2,2440,0
5771.647918244078,15,UPI,Android,Mumbai,3,3,1117,0
887.3682705024419,16,Wallet,Desktop,Chennai,5,29,1097,0
12091.505459995637,5,UPI,iPhone,Bangalore,7,37,2006,1
8644.972556836357,6,UPI,Android,Mumbai,4,27,1162,0
14958.692625167181,0,Wallet,iPhone,Delhi,5,4,24,0
6468.020020980672,14,Wallet,iPhone,Mumbai,3,35,2495,0
4752.0200979568635,19,Card,Android,Mumbai,5,27,168,0
2708.5125329655666,20,Card,iPhone,Hyderabad,5,19,2818,0
13495.091807735591,17,Wallet,iPhone,Hyderabad,2,10,1300,0
10051.9619002346,12,UPI,iPhone,Mumbai,3,26,2001,0
231.36469326561394,23,Card,iPhone,Hyderabad,5,7,289,0
133.60408433255682,1,UPI,iPhone,Hyderabad,7,27,1038,0
2361.7388079163143,18,NetBanking,Android,Mumbai,6,30,1504,0
8318.238614980432,14,Card,Android,Chennai,3,12,2486,0
21821.377341100837,11,Card,iPhone,Hyderabad,2,40,2103,1
815.0475496723984,14,Card,iPhone,Mumbai,7,5,3365,0
4508.620651078679,17,NetBanking,iPhone,Chennai,5,13,728,0
2397.3684987904808,13,Wallet,Desktop,Hyderabad,7,41,3433,1
17518.542771879813,5,UPI,iPhone,Mumbai,8,4,2132,0
9229.566037168173,11,NetBanking,Desktop,Hyderabad,8,2,369,0
9110.950232349287,19,Wallet,Desktop,Chennai,9,37,1185,1
3162.0778556988676,22,Card,Desktop,Mumbai,8,34,896,1
2679.174681636745,5,Wallet,Android,Chennai,9,6,2354,0
1596.944460750306,8,Wallet,Desktop,Bangalore,0,26,1500,0
290.13481922418106,3,Wallet,iPhone,Delhi,2,11,1483,0
10002.13070001655,16,UPI,iPhone,Bangalore,8,42,1764,1
8380.587196249615,1,Wallet,Android,Hyderabad,3,1,710,0
40862.22798909042,15,Wallet,Android,Chennai,9,34,200,1
28474.367003721665,23,Wallet,iPhone,Mumbai,1,21,335,0
4053.2579632069696,13,Wallet,Android,Chennai,0,10,3414,0
7326.415451031304,7,NetBanking,Android,Hyderabad,4,5,179,0
14480.85841437218,13,NetBanking,Desktop,Mumbai,3,26,450,0
9473.860073546228,1,Wallet,Desktop,Bangalore,4,44,1725,0
1420.7622229057326,15,Wallet,Android,Chennai,4,19,1180,0
2994.1341369993224,3,Wallet,iPhone,Delhi,7,21,740,0
691.4817215654433,0,Card,Desktop,Hyderabad,5,34,868,0
15401.118932208545,22,Wallet,iPhone,Hyderabad,2,29,3244,0
4659.23851294309,19,Wallet,Android,Chennai,8,38,978,1
1298.0186270924185,13,NetBanking,iPhone,Bangalore,7,15,1420,0
5569.1476958662515,7,NetBanking,iPhone,Bangalore,8,40,1235,1
4813.352173715359,2,NetBanking,iPhone,Delhi,3,16,3641,0
2217.10231148553,4,UPI,iPhone,Delhi,7,18,666,0
602.6956069923464,5,Card,Android,Chennai,2,49,2073,0
5567.20641759551,21,Wallet,Android,Mumbai,4,1,2524,0
3673.0521209301887,7,NetBanking,Desktop,Bangalore,6,11,783,0
7399.035404802576,5,UPI,Desktop,Mumbai,0,36,202,0
3671.5493021175753,5,Wallet,Desktop,Mumbai,0,32,610,0
9558.85055654242,3,Wallet,Desktop,Chennai,2,28,2637,0
4013.7705951074377,6,NetBanking,iPhone,Delhi,3,6,1488,0
4115.572904900736,23,Wallet,Desktop,Mumbai,0,7,437,0
10463.793216148857,18,Wallet,Desktop,Chennai,7,40,872,1
2583.236569940585,6,Wallet,iPhone,Delhi,1,24,3551,0
719.4397769514948,2,NetBanking,Android,Mumbai,4,10,3441,0
146.02510716047342,7,UPI,Desktop,Mumbai,5,30,3451,0
7035.287263312928,0,Wallet,Android,Delhi,5,17,2159,0
4841.994835303398,0,UPI,Desktop,Delhi,5,44,123,0
6088.326738989383,13,Wallet,Android,Hyderabad,0,8,2102,0
1197.4074674672174,5,NetBanking,Desktop,Hyderabad,2,12,1495,0
733.0627561413933,9,UPI,Android,Chennai,2,26,3278,0
73.25738132834391,13,NetBanking,Android,Chennai,7,17,2215,0
2158.4363075753463,3,Card,Desktop,Bangalore,5,35,990,0
4456.986878324723,5,Wallet,Android,Hyderabad,1,46,2483,0
2489.9093378057537,15,Card,Desktop,Delhi,0,44,960,0
2876.597814142156,20,Card,Desktop,Hyderabad,3,5,2649,0
11725.307614907208,0,Card,iPhone,Chennai,0,45,1035,0
2140.5130721255587,5,Wallet,Desktop,Chennai,4,11,1407,0
3607.6251403616056,8,NetBanking,Desktop,Chennai,7,16,3546,0
7654.358688598508,14,Card,Desktop,Delhi,9,42,509,1
2525.4006564958986,11,UPI,Desktop,Mumbai,1,30,564,0
4865.452376765426,2,Wallet,iPhone,Chennai,7,40,725,1
9915.703218421533,10,NetBanking,iPhone,Hyderabad,7,6,3126,0
14930.952076873338,14,NetBanking,iPhone,Mumbai,5,20,247,0
795.4093965741798,2,Card,iPhone,Hyderabad,7,20,2629,0
13058.313815210395,13,Wallet,Android,Chennai,1,24,1543,0
3387.513904977653,1,Card,Desktop,Delhi,6,27,2188,0
1493.6772717569788,3,UPI,iPhone,Mumbai,7,3,871,0
3072.9348368534875,18,NetBanking,Desktop,Mumbai,3,24,405,0
19568.265487902958,11,NetBanking,iPhone,Chennai,8,10,2554,0
3392.4564633367986,1,Wallet,Desktop,Chennai,5,25,1248,0
1993.080160502499,16,NetBanking,Android,Chennai,2,28,2629,0
5017.431369788298,2,Wallet,iPhone,Bangalore,3,18,2395,0
1373.1423385780147,9,Card,Android,Delhi,3,42,863,0
394.4765248811752,15,UPI,Android,Delhi,0,45,2422,0
689.8760985620793,21,Wallet,Desktop,Chennai,9,14,1228,0
685.0921203350356,8,Card,iPhone,Bangalore,0,1,633,0
823.7995077833649,10,UPI,Android,Chennai,0,20,2340,0
747.3003303375827,20,NetBanking,Desktop,Chennai,3,47,2325,0
5120.420255379032,14,UPI,Desktop,Delhi,0,25,3381,0
1003.7317851724081,2,UPI,Desktop,Bangalore,5,12,254,0
2120.696578974026,15,UPI,Android,Delhi,1,48,2047,0
11354.870625641788,20,NetBanking,Desktop,Chennai,0,39,659,0
3211.905708232968,20,Wallet,Desktop,Hyderabad,6,46,2051,1
5506.445418261903,20,Wallet,Desktop,Mumbai,5,9,1212,0
945.6425855660824,11,UPI,Android,Chennai,0,9,3409,0
1067.7549049754753,22,Card,Desktop,Bangalore,9,42,3422,1
208.63606358782653,4,Card,Android,Hyderabad,8,41,1124,1
925.2367203279044,6,UPI,Desktop,Bangalore,5,25,457,0
1632.7405931557275,8,UPI,Android,Chennai,1,30,2466,0
974.0590874155397,20,Card,Android,Chennai,6,48,2205,1
464.42953930183785,17,UPI,iPhone,Mumbai,2,40,2250,0
642.7810674667627,20,UPI,iPhone,Bangalore,6,28,884,0
3088.1467168268955,7,Wallet,iPhone,Hyderabad,8,2,697,0
1155.4610317254828,11,Wallet,Android,Mumbai,4,25,329,0
2264.9055775545926,19,UPI,Desktop,Bangalore,0,18,2088,0
3500.0259235716517,1,UPI,Desktop,Chennai,4,24,1330,0
5862.287170062711,9,NetBanking,Android,Mumbai,7,18,715,0
200.52865050007713,18,Wallet,Desktop,Chennai,7,27,2195,0
8032.471219130598,8,UPI,Android,Delhi,2,44,242,0
4942.968451836482,23,NetBanking,Desktop,Delhi,3,35,179,0
426.4771518816713,7,NetBanking,Android,Mumbai,7,34,1073,1
10340.673492440454,23,NetBanking,iPhone,Mumbai,7,38,2228,1
12683.46773189464,23,NetBanking,iPhone,Bangalore,6,6,1915,0
315.11413780081705,23,Wallet,Desktop,Hyderabad,5,49,2710,0
1620.884215643254,0,NetBanking,Desktop,Hyderabad,3,16,2929,0
8204.675916133212,5,Wallet,Desktop,Delhi,9,23,3006,0
6896.786201071542,11,NetBanking,Desktop,Delhi,8,28,751,0
1019.8981603090024,23,NetBanking,iPhone,Delhi,1,13,1340,0
1174.4951559076662,18,Card,iPhone,Chennai,1,12,1744,0
2313.9255501218486,16,Wallet,Android,Hyderabad,0,11,2257,0
3313.312823343072,1,Card,Desktop,Mumbai,2,47,3560,0
4815.00917029276,10,Card,iPhone,Delhi,2,49,3319,0
2301.562815001756,17,NetBanking,Android,Bangalore,3,22,3591,0
3104.455546104588,22,Wallet,Android,Mumbai,2,31,2679,0
6881.1447019492125,21,UPI,Android,Mumbai,9,27,1461,0
186.86476160739232,10,NetBanking,iPhone,Mumbai,5,27,2591,0
1454.6831094119862,17,Wallet,Android,Hyderabad,8,40,349,1
6247.459374780129,7,Card,Desktop,Delhi,7,26,519,0
11278.833771653068,14,Wallet,Android,Bangalore,5,7,387,0
3583.8955610420044,8,NetBanking,Android,Chennai,7,11,1305,0
3797.6475117653445,14,Wallet,iPhone,Bangalore,7,22,1442,0
566.8066927033169,6,Card,Android,Bangalore,9,40,801,1
2965.716230417754,19,Wallet,iPhone,Bangalore,5,19,607,0
3803.03399527645,12,Wallet,iPhone,Chennai,1,38,344,0
1388.4640163032666,12,Card,Desktop,Bangalore,4,20,1918,0
1568.3730593927191,0,NetBanking,Android,Bangalore,3,19,3110,0
2368.32492401236,19,UPI,Desktop,Delhi,5,19,366,0
101.37680375157257,3,Card,Desktop,Delhi,1,36,381,0
1943.6238062806788,23,Card,Android,Delhi,3,47,3198,0
1187.7846781181493,3,NetBanking,Android,Mumbai,7,27,1796,0
1983.7461511599133,3,NetBanking,iPhone,Bangalore,0,17,3248,0
637.8155164239063,12,Wallet,Android,Hyderabad,2,18,985,0
11060.399499715124,1,Card,iPhone,Hyderabad,3,20,1125,0
4501.994069397799,22,Wallet,Desktop,Hyderabad,1,44,491,0
5683.164789465158,14,Wallet,Desktop,Chennai,1,42,2241,0
7783.5451618889565,3,NetBanking,iPhone,Delhi,5,41,2129,0
3450.1821092444256,5,NetBanking,Android,Delhi,5,8,878,0
454.66047258727923,2,Wallet,Android,Delhi,2,40,1479,0
3851.2918164741127,6,Card,iPhone,Chennai,7,11,1358,0
4419.615289356868,5,Card,Desktop,Bangalore,2,30,3645,0
6841.083244042046,2,Wallet,iPhone,Mumbai,1,12,129,0
2825.1732469149106,3,UPI,Android,Delhi,4,23,3078,0
682.4233336465611,9,UPI,Android,Bangalore,6,6,2027,0
1668.8109013085195,20,NetBanking,iPhone,Hyderabad,0,35,3530,0
2255.5741273731173,8,Card,Android,Mumbai,1,15,21,0
5191.123058109308,5,Wallet,Desktop,Hyderabad,1,38,3267,0
4228.908606007098,19,Wallet,iPhone,Bangalore,7,28,2899,0
2201.033798259031,10,Card,Desktop,Bangalore,9,7,28,0
21530.97886084906,6,NetBanking,Desktop,Hyderabad,5,6,2498,0
4654.165042336046,17,NetBanking,iPhone,Mumbai,3,27,923,0
1353.9726437839997,3,UPI,iPhone,Hyderabad,3,2,3564,0
536.7150231244343,4,Card,Android,Hyderabad,4,6,2976,0
829.4414629491293,3,Card,Android,Hyderabad,2,32,652,0
1411.5342469757047,3,Wallet,iPhone,Mumbai,3,29,833,0
875.8243747714702,12,Card,iPhone,Chennai,3,34,1454,0
1032.458727272902,15,UPI,Android,Mumbai,6,1,2283,0
1678.0292410772327,13,Card,Android,Hyderabad,6,15,2472,0
952.012168314435,10,Wallet,Android,Delhi,0,10,2653,0
11353.757246779576,1,UPI,iPhone,Delhi,2,10,1161,0
418.1785629600008,21,Wallet,iPhone,Bangalore,8,10,2130,0
3717.061750563513,13,Card,Android,Chennai,5,37,2366,0
2641.5277824465115,23,NetBanking,Desktop,Bangalore,5,32,2413,0
20193.210830079603,23,Card,Desktop,Bangalore,3,36,765,1
594.1367284870245,6,Card,Android,Delhi,9,25,740,0
2536.289968712152,10,Wallet,iPhone,Mumbai,8,15,400,0
17445.298320633574,3,NetBanking,iPhone,Bangalore,2,9,1891,0
10031.220309840774,6,Card,Desktop,Bangalore,7,16,2404,0
8493.315170180897,15,UPI,Android,Chennai,5,41,1476,0
1491.3754176675232,5,UPI,Desktop,Delhi,1,19,936,0
936.9976639324377,5,Wallet,Desktop,Mumbai,2,46,235,0
5522.797993408918,1,Wallet,Android,Chennai,0,44,35,0
13251.925474799777,23,NetBanking,Desktop,Mumbai,2,12,639,0
4068.252109523711,7,Wallet,iPhone,Mumbai,3,35,339,0
4238.637807292933,6,NetBanking,Desktop,Bangalore,5,43,3526,0
1642.3751540532542,23,Card,Android,Chennai,9,5,1503,0
7337.3687920604425,13,UPI,iPhone,Bangalore,6,38,1883,1
1035.3899107303541,8,UPI,iPhone,Hyderabad,2,6,3331,0
1955.4390655961631,14,UPI,Desktop,Mumbai,6,14,3125,0
2770.7227503491526,21,Wallet,iPhone,Chennai,3,48,2491,0
3542.4248132234925,17,Wallet,Android,Delhi,0,12,420,0
1388.0629178480292,11,Card,Desktop,Bangalore,0,22,706,0
609.9163607206772,22,Wallet,iPhone,Hyderabad,7,45,752,1
4715.998287146783,18,NetBanking,Android,Hyderabad,9,41,249,1
1702.8168421827088,12,UPI,Desktop,Hyderabad,6,4,2341,0
4352.265341462218,6,Card,Android,Bangalore,3,43,207,0
838.323763853399,9,NetBanking,iPhone,Delhi,0,18,1125,0
3280.606890142638,9,NetBanking,Desktop,Chennai,5,31,1239,0
3802.736240645389,1,Wallet,Desktop,Mumbai,9,35,3372,1
266.07325728560664,13,Wallet,iPhone,Delhi,6,4,1600,0
2051.9180069021163,12,UPI,Android,Bangalore,5,9,435,0
721.746634159658,21,Card,iPhone,Chennai,5,45,239,0
327.3612938626244,5,NetBanking,Desktop,Mumbai,7,15,1148,0
23006.006556976623,8,Wallet,Desktop,Chennai,5,42,518,1
1945.6501125971013,12,Wallet,iPhone,Mumbai,1,21,2785,0
8300.353068849494,8,Card,Android,Mumbai,6,32,149,1
1469.444171467007,12,Card,iPhone,Hyderabad,9,9,2105,0
5720.706755101758,4,Wallet,Android,Bangalore,3,48,2204,0
7140.331114141043,13,Wallet,Android,Delhi,2,32,536,0
4527.232970845699,4,UPI,Desktop,Hyderabad,7,16,2163,0
3189.283220226359,8,Card,Android,Hyderabad,9,45,2652,1
2653.7890675268886,7,NetBanking,Desktop,Chennai,4,5,2379,0
2145.216508519874,6,Wallet,Android,Mumbai,3,42,1215,0
13262.780241103905,7,Wallet,Android,Mumbai,3,31,3606,0
8878.03535570899,21,Wallet,Desktop,Chennai,4,25,366,0
16765.88194707846,2,Wallet,Android,Bangalore,3,1,3566,0
663.6427091805277,22,UPI,iPhone,Mumbai,2,3,3618,0
6562.7568173025375,23,Card,Android,Hyderabad,3,21,1273,0
13930.636326306203,14,Wallet,Desktop,Hyderabad,9,28,2934,0
999.7790485039884,7,Card,Desktop,Mumbai,4,3,3109,0
344.0515873624843,0,NetBanking,iPhone,Mumbai,1,42,2345,0
6756.9657659431105,6,NetBanking,Android,Bangalore,6,32,465,1
4272.1357209933485,18,NetBanking,iPhone,Mumbai,4,32,2035,0
9220.385706607389,1,NetBanking,Android,Bangalore,8,49,2895,1
752.791232070963,13,Card,iPhone,Hyderabad,5,30,1245,0
7930.25055515934,17,NetBanking,Desktop,Bangalore,0,13,2786,0
1125.8988653351148,14,NetBanking,Desktop,Mumbai,8,34,2921,1
893.57599482759,13,Wallet,iPhone,Delhi,4,48,811,0
897.2232827997535,23,Wallet,Android,Mumbai,8,4,1814,0
8425.516412820043,18,Wallet,Android,Delhi,0,18,1883,0
5471.068195079844,18,UPI,Desktop,Hyderabad,1,32,2534,0
3701.879781730222,21,Wallet,Android,Chennai,2,14,399,0
2222.307008390341,16,NetBanking,iPhone,Hyderabad,4,32,3605,0
10486.013336471662,21,Card,iPhone,Hyderabad,5,6,1076,0
2491.5637484872245,18,NetBanking,Android,Hyderabad,4,43,2820,0
8480.413314240348,15,Card,Desktop,Bangalore,0,17,3503,0
2891.374405569402,19,NetBanking,Desktop,Hyderabad,3,8,2962,0
2365.5978290886856,18,UPI,Desktop,Chennai,5,35,1863,0
3105.805299498013,0,Wallet,Desktop,Mumbai,3,24,3280,0
1793.2263771532103,18,NetBanking,Desktop,Delhi,3,3,886,0
6883.886564684697,6,Wallet,iPhone,Hyderabad,4,17,1443,0
3493.01407847798,22,UPI,Android,Delhi,7,36,1484,1
1321.2126549853263,10,UPI,iPhone,Hyderabad,4,40,2567,0
11491.699247752918,4,Wallet,Desktop,Bangalore,6,17,3241,0
2421.6587117935564,16,Wallet,Desktop,Delhi,7,30,1674,0
3921.411910888817,10,Card,Android,Hyderabad,5,25,2750,0
11847.478043548132,23,Wallet,Android,Hyderabad,5,22,1985,0
4893.996519286654,7,Wallet,Android,Chennai,1,37,1164,0
621.5730792888987,9,Card,iPhone,Chennai,9,11,2395,0
14053.083419661045,11,NetBanking,Android,Chennai,4,12,1692,0
4940.384644674131,9,Card,iPhone,Bangalore,0,21,58,0
2039.131577756547,12,NetBanking,Desktop,Delhi,8,15,658,0
749.8841030821291,17,NetBanking,iPhone,Bangalore,6,12,3521,0
7900.006978401335,9,NetBanking,Android,Mumbai,1,22,3257,0
4838.877537814262,18,Card,iPhone,Hyderabad,5,39,2226,0
3812.069290245141,19,Card,iPhone,Hyderabad,9,35,1511,1
11216.516652682227,16,UPI,iPhone,Hyderabad,8,42,2513,1
7769.95006848036,19,NetBanking,Android,Chennai,4,16,1151,0
822.4566006317044,15,Card,iPhone,Hyderabad,2,33,1069,0
1867.8127569790024,4,UPI,Android,Chennai,9,43,2238,1
1428.3480927441897,2,NetBanking,iPhone,Mumbai,3,49,1386,0
6811.8403093420575,14,Card,iPhone,Bangalore,2,14,2414,0
170.53769928918965,1,Card,iPhone,Bangalore,0,18,2241,0
4218.567781930715,12,Card,Android,Bangalore,9,44,2615,1
7187.068579298894,21,Wallet,Android,Chennai,6,16,2342,0
10468.336721929689,7,UPI,Android,Delhi,7,40,772,1
2093.3729677254637,22,Card,Desktop,Delhi,1,3,3059,0
8609.039817705016,16,Wallet,Android,Mumbai,7,43,2575,1
586.2194254938867,3,UPI,iPhone,Delhi,8,26,2197,0
9368.719786058438,18,UPI,Desktop,Mumbai,6,15,2197,0
681.8981526403542,21,Wallet,Android,Hyderabad,0,36,2299,0
2531.5731560493214,8,UPI,Android,Bangalore,3,27,2483,0
7980.0268166324495,22,Wallet,Desktop,Chennai,6,48,2262,1
812.1089496020809,14,NetBanking,Desktop,Mumbai,5,17,620,0
1301.9651122237547,8,Card,Android,Chennai,7,14,1998,0
6405.215488224527,23,Wallet,Desktop,Chennai,5,2,2083,0
6365.480859958473,20,UPI,iPhone,Bangalore,9,27,2429,0
5124.221043686954,8,UPI,iPhone,Hyderabad,5,47,772,0
5920.008545438084,13,NetBanking,iPhone,Hyderabad,9,24,2275,0
3912.345505978191,22,NetBanking,Android,Delhi,5,40,2268,0
1450.4184962970496,20,NetBanking,iPhone,Hyderabad,6,45,1164,1
2120.915968966317,15,NetBanking,Desktop,Bangalore,4,35,3638,0
1002.0063725826592,23,NetBanking,iPhone,Chennai,8,4,2846,0
11954.380696618258,22,Card,Desktop,Mumbai,6,26,2313,0
4378.045273182993,16,Wallet,iPhone,Mumbai,0,36,787,0
2561.228297395112,12,NetBanking,Desktop,Hyderabad,8,4,336,0
3099.5375316058166,8,NetBanking,iPhone,Delhi,5,34,961,0
14714.118684986055,14,Card,iPhone,Mumbai,7,13,1581,0
832.3477506425033,6,Wallet,iPhone,Delhi,8,40,3351,1
4412.22304554277,0,NetBanking,Desktop,Mumbai,1,41,2380,0
3524.9722039658864,0,Wallet,Desktop,Delhi,1,1,773,0
4726.721590015363,4,Wallet,iPhone,Delhi,4,1,724,0
91.38090203248618,23,Card,Desktop,Chennai,4,9,1219,0
10283.467612703484,8,Card,Desktop,Bangalore,9,11,631,0
13449.94268345626,11,NetBanking,Android,Mumbai,9,16,706,0
4163.577319716988,5,UPI,iPhone,Hyderabad,1,29,1067,0
5964.353702629791,12,Card,Desktop,Bangalore,9,36,980,1
12787.346789228131,7,Wallet,Desktop,Chennai,3,15,1282,0
6141.987266962591,14,Wallet,Desktop,Chennai,8,39,2736,1
827.5525456206086,5,NetBanking,Desktop,Chennai,3,2,442,0
4293.510749262801,5,NetBanking,Android,Hyderabad,0,10,1320,0
4666.104285170075,3,NetBanking,Desktop,Mumbai,4,49,611,0
2759.3725196141054,10,Wallet,Desktop,Mumbai,1,11,2485,0
6667.451519416961,20,Card,Android,Delhi,5,30,1732,0
13618.384428812373,17,UPI,iPhone,Delhi,0,23,959,0
12989.381065270587,2,Card,iPhone,Delhi,6,22,1653,0
2996.821481518088,2,UPI,Android,Hyderabad,6,42,1700,1
600.8935227589209,11,Card,iPhone,Bangalore,3,36,902,0
20945.869945603532,20,NetBanking,iPhone,Mumbai,8,29,1422,1
9128.590554092214,20,Wallet,Android,Delhi,2,45,3197,0
665.729798585317,5,UPI,Desktop,Hyderabad,4,32,1521,0
12681.53970481638,20,Card,Android,Hyderabad,4,33,801,0
10197.119656134317,5,Wallet,Android,Delhi,7,39,3436,1
3657.756929843246,7,UPI,Android,Chennai,9,9,3219,0
4473.568934145374,14,UPI,Android,Chennai,9,1,3532,0
2545.824217045068,17,Wallet,Android,Chennai,3,18,171,0
281.5907462164689,19,NetBanking,Desktop,Delhi,0,48,310,0
2041.3244315037057,15,Wallet,iPhone,Hyderabad,4,22,3027,0
8119.039555330894,5,NetBanking,Android,Hyderabad,0,48,2400,0
23.213920331714423,20,Card,Desktop,Mumbai,2,37,860,0
2028.5694829508436,16,Card,Android,Chennai,5,14,3420,0
2538.8904742733907,8,Wallet,Desktop,Delhi,0,22,1375,0
3854.4151206194088,18,NetBanking,iPhone,Mumbai,9,33,1597,1
12619.627380765209,17,Card,Desktop,Hyderabad,2,6,996,0
2125.8855544539506,22,NetBanking,Desktop,Mumbai,6,27,2189,0
2130.5324297924763,4,NetBanking,iPhone,Chennai,1,6,3242,0
6687.544758327828,5,NetBanking,iPhone,Bangalore,5,44,3297,0
3009.388867461697,11,Wallet,Desktop,Chennai,6,41,746,1
1271.912368513627,10,NetBanking,Android,Chennai,1,16,1810,0
3011.4117528807756,15,Wallet,Android,Delhi,4,47,2269,0
759.0996096569353,19,Card,iPhone,Bangalore,9,2,1389,0
970.2725160404838,16,Card,Android,Bangalore,9,37,743,1
3449.4402140140883,19,UPI,iPhone,Bangalore,0,29,2888,0
2714.3810812800352,8,UPI,Desktop,Hyderabad,2,23,2161,0
12316.463676264064,0,Card,Desktop,Mumbai,0,21,3321,0
2250.1729151986415,2,NetBanking,Android,Hyderabad,2,13,1494,0
4344.51191892636,20,NetBanking,iPhone,Bangalore,3,1,3521,0
5001.95386258924,22,Card,Android,Delhi,4,29,3120,0
65.90472412829614,8,Card,Android,Chennai,3,48,3423,0
5446.340985179945,21,UPI,Desktop,Chennai,3,7,3156,0
980.293200996241,18,NetBanking,Android,Hyderabad,8,31,2724,1
16229.991361362132,12,Card,Desktop,Hyderabad,8,45,2001,1
804.7345215509004,22,UPI,iPhone,Delhi,8,22,173,0
2677.505572683034,13,UPI,Android,Chennai,4,16,1930,0
446.0671882525157,19,NetBanking,Desktop,Hyderabad,4,28,1929,0
28840.408075753796,18,UPI,Android,Mumbai,1,44,1966,1
3487.7343282911306,22,UPI,iPhone,Hyderabad,5,39,145,0
4524.096620444729,6,Wallet,Android,Hyderabad,1,25,762,0
347.16025414127085,3,Card,Android,Bangalore,9,14,3523,0
6930.681276079995,11,NetBanking,Desktop,Mumbai,4,21,2593,0
1178.014191251316,22,Card,iPhone,Mumbai,4,19,2369,0
11416.574284058152,13,Wallet,iPhone,Delhi,3,13,1172,0
1147.9441408041666,1,NetBanking,iPhone,Bangalore,4,2,2754,0
1057.8521490440792,0,Card,Android,Mumbai,6,36,2174,1
186.17170928836083,17,UPI,Desktop,Bangalore,9,14,2960,0
3193.9289664773196,19,NetBanking,Android,Bangalore,1,34,1934,0
4160.220518380903,7,Wallet,Android,Chennai,0,18,1665,0
339.83470089578236,2,UPI,Android,Mumbai,3,24,2723,0
7470.012967991862,5,Wallet,iPhone,Chennai,6,30,3538,0
3019.1732514681084,21,UPI,Desktop,Hyderabad,0,19,3201,0
3715.788272962984,12,Card,iPhone,Hyderabad,3,36,683,0
2905.9073589379013,8,Card,Android,Chennai,5,21,1017,0
2560.4910063746065,8,Card,Android,Hyderabad,5,19,3147,0
4100.817285689373,19,Wallet,Desktop,Chennai,0,26,1510,0
843.5150338047774,8,NetBanking,iPhone,Delhi,6,35,2264,1
1004.0254310431275,14,Card,Android,Bangalore,4,40,2791,0
9894.746641480702,12,Wallet,Android,Delhi,5,4,2285,0
14604.558546323427,21,UPI,Desktop,Mumbai,0,21,2144,0
2336.5109373756927,15,Card,Android,Delhi,6,3,3255,0
1578.6568284633302,1,UPI,iPhone,Delhi,3,5,2960,0
5164.116325472285,13,Card,iPhone,Hyderabad,2,43,1657,0
2627.4478380362316,5,UPI,Android,Chennai,3,29,3267,0
128.57074366323513,1,Wallet,Android,Mumbai,8,19,1274,0
848.918016497553,7,Card,Android,Hyderabad,4,17,1647,0
6293.416299265227,3,Wallet,Desktop,Mumbai,4,34,3519,0
5378.248911587679,20,Wallet,Desktop,Bangalore,7,20,2120,0
137.34928942220048,23,UPI,iPhone,Chennai,6,28,2016,0
1254.964869333525,13,Card,iPhone,Hyderabad,2,9,918,0
1313.807894754655,10,NetBanking,Android,Delhi,0,3,952,0
5572.073614139259,23,NetBanking,Android,Bangalore,1,10,2100,0
99.53690646069703,13,Wallet,Android,Delhi,2,21,3568,0
549.6802930068641,11,UPI,Desktop,Mumbai,0,41,3025,0
8045.0921364812075,15,UPI,Desktop,Bangalore,0,4,155,0
983.3885472589267,5,UPI,Android,Hyderabad,7,22,320,0
5288.495444602884,19,Card,Android,Delhi,7,7,301,0
1360.243111044976,0,Card,iPhone,Delhi,1,12,195,0
523.7001674243566,11,UPI,Desktop,Mumbai,7,11,3098,0
1393.0975820572364,6,NetBanking,Android,Mumbai,1,22,3299,0
6405.474065485159,7,NetBanking,Desktop,Chennai,4,29,3469,0
9679.181687269647,8,Card,Android,Chennai,0,27,2257,0
8866.254999877821,1,UPI,Android,Mumbai,8,47,1438,1
2530.712447375442,16,NetBanking,iPhone,Chennai,3,20,733,0
5514.383892022975,19,NetBanking,iPhone,Delhi,9,14,846,0
1146.967051644904,12,Card,iPhone,Mumbai,1,7,2846,0
1734.667943062584,4,Card,Android,Bangalore,0,15,3045,0
11332.993143154521,9,NetBanking,iPhone,Mumbai,5,46,2301,0
65.43594198142502,11,UPI,Android,Hyderabad,7,28,1452,0
446.93569815224566,16,NetBanking,Desktop,Hyderabad,3,43,2992,0
1165.2514011990759,20,NetBanking,Desktop,Mumbai,0,10,614,0
134.45267612158443,5,UPI,Android,Bangalore,0,3,1289,0
1001.0150164513639,2,Card,iPhone,Mumbai,5,12,3248,0
4373.843643721833,14,UPI,iPhone,Bangalore,1,13,1376,0
2735.931591839002,6,UPI,Desktop,Delhi,4,39,184,0
11159.315104109137,5,UPI,Android,Delhi,1,44,3396,0
8503.479515097391,3,UPI,Android,Bangalore,8,34,499,1
2091.36402584516,18,Card,Android,Chennai,1,1,3265,0
1501.6312607363927,4,NetBanking,Desktop,Delhi,4,38,2905,0
2387.6990405426886,2,Wallet,Desktop,Hyderabad,3,25,1000,0
4461.588750716526,8,Card,iPhone,Mumbai,0,19,2534,0
1560.3085490763644,5,UPI,Android,Chennai,9,25,2243,0
4892.811227735438,12,NetBanking,Android,Hyderabad,8,6,2043,0
2633.180196399056,21,NetBanking,Android,Mumbai,2,45,1045,0
4015.336832574222,19,UPI,Android,Hyderabad,9,4,3406,0
2864.62697545556,3,Card,Desktop,Chennai,7,26,798,0
1743.9998763116657,1,UPI,iPhone,Bangalore,3,26,1593,0
14826.336105761018,3,NetBanking,Desktop,Mumbai,8,26,1079,0
7211.272518663181,7,NetBanking,iPhone,Hyderabad,4,14,1026,0
754.7724906151043,12,Card,Android,Hyderabad,1,32,304,0
10142.52463859662,9,Wallet,Android,Chennai,7,48,1558,1
3341.6016483095823,17,UPI,Android,Chennai,3,28,1165,0
11247.697451448717,8,Wallet,Android,Chennai,1,2,2137,0
8043.572269649501,0,NetBanking,Android,Bangalore,5,41,2928,0
2768.7830962930366,12,Wallet,Desktop,Delhi,0,45,1835,0
113.62794738770059,17,UPI,iPhone,Hyderabad,7,21,1008,0
1564.5027388824335,14,UPI,Desktop,Bangalore,8,46,2634,1
3900.4387783989814,1,NetBanking,Android,Hyderabad,6,14,305,0
5018.4866596726815,10,Card,iPhone,Bangalore,8,37,1189,1
1491.2733996446946,13,Card,iPhone,Mumbai,1,2,3289,0
750.3720941535777,21,NetBanking,Android,Delhi,0,5,1388,0
9006.935435811958,14,UPI,iPhone,Hyderabad,6,38,2579,1
20803.12081593617,13,Card,Desktop,Chennai,3,2,284,0
3729.4727348604347,15,Wallet,Desktop,Delhi,9,1,2044,0
941.7743183003696,22,NetBanking,Desktop,Hyderabad,7,48,3434,1
1589.3823586446642,14,Wallet,Desktop,Mumbai,2,22,3440,0
92.80943705383004,18,UPI,iPhone,Hyderabad,6,41,441,1
12284.442638467784,8,Card,Desktop,Hyderabad,6,25,1469,0
626.405219231015,4,UPI,iPhone,Hyderabad,9,46,1963,1
4296.203344340779,4,Wallet,Android,Delhi,8,30,3449,0
1601.4066430139644,10,UPI,Desktop,Hyderabad,3,9,3568,0
4039.1775770349263,19,UPI,Android,Chennai,9,37,2236,1
5269.443169930135,23,NetBanking,Desktop,Bangalore,0,47,2895,0
8852.1959621118,3,NetBanking,Android,Chennai,6,10,3011,0
1156.0126375226791,19,UPI,Android,Mumbai,9,15,3456,0
55.28364815848598,17,NetBanking,Android,Delhi,5,49,1452,0
736.0403534369526,2,UPI,Android,Bangalore,0,3,3230,0
11513.857644265909,3,Wallet,Android,Delhi,8,8,745,0
10353.006760265613,13,NetBanking,iPhone,Delhi,9,25,2675,0
4549.221550982463,6,UPI,iPhone,Hyderabad,7,36,3297,1
4587.918592526735,7,NetBanking,Desktop,Chennai,9,43,557,1
5468.671147037563,23,UPI,iPhone,Bangalore,3,46,3047,0
964.1101431927608,15,NetBanking,Android,Hyderabad,4,21,630,0
12291.047803856507,19,Card,iPhone,Bangalore,7,34,1852,1
2713.04817173159,14,UPI,iPhone,Chennai,1,27,2420,0
2415.553996639342,6,Card,Android,Hyderabad,5,9,2357,0
3658.584663113405,16,UPI,iPhone,Bangalore,9,10,1383,0
240.5233214598861,21,Card,Android,Hyderabad,1,27,102,0
909.3085252463616,21,UPI,iPhone,Delhi,7,25,3532,0
6697.695452119816,21,NetBanking,Android,Mumbai,4,13,2180,0
432.141378359218,11,Card,Desktop,Bangalore,9,4,1884,0
4621.011094925578,17,NetBanking,iPhone,Chennai,2,16,202,0
1407.500168002204,23,UPI,Desktop,Bangalore,1,12,3359,0
2465.711284625942,13,NetBanking,Android,Mumbai,3,25,3219,0
1703.2609597707299,14,UPI,Android,Bangalore,7,48,1871,1
2197.7423886142674,14,NetBanking,Desktop,Bangalore,0,49,2342,0
6347.819933193434,4,Card,Android,Bangalore,9,16,33,0
1762.8576980277544,15,UPI,Android,Chennai,2,39,18,0
4178.217653528511,4,NetBanking,Android,Mumbai,0,2,872,0
3231.7989334513086,1,UPI,Android,Mumbai,1,9,672,0
5448.329615463392,19,UPI,Android,Chennai,9,44,2016,1
13809.608237564846,8,UPI,Android,Bangalore,6,13,1997,0
6594.526356275214,21,Wallet,Android,Bangalore,0,14,1139,0
1209.9780662202365,8,UPI,Android,Mumbai,8,12,208,0
158.39839412128921,3,NetBanking,Desktop,Bangalore,7,35,161,1
1520.8465100279395,14,Wallet,iPhone,Delhi,0,22,3362,0
4520.303259365486,10,NetBanking,Android,Bangalore,9,21,319,0
263.9763904988734,0,Wallet,Desktop,Bangalore,0,48,462,0
3429.5297801309443,17,UPI,Android,Hyderabad,1,3,1583,0
4542.144199937801,0,Card,iPhone,Mumbai,1,22,1986,0
2034.159389690502,7,Card,Android,Mumbai,5,9,2957,0
7368.249795733674,15,UPI,Desktop,Delhi,0,47,2100,0
563.59457382339,21,Wallet,Desktop,Delhi,3,40,52,0
390.55252896123505,17,NetBanking,iPhone,Delhi,6,42,3243,1
6513.237051081964,21,Card,Android,Mumbai,8,3,2666,0
3420.851133315343,8,UPI,Desktop,Hyderabad,9,31,610,1
5830.213278665705,11,UPI,iPhone,Hyderabad,2,37,3517,0
2853.1199956442865,18,Wallet,iPhone,Chennai,3,6,1745,0
1414.481268792658,17,Card,Android,Mumbai,4,14,2179,0
8549.11849285598,4,UPI,Desktop,Chennai,4,19,964,0
8032.60781980095,1,Card,Android,Bangalore,1,18,223,0
5932.244098545607,6,NetBanking,Android,Delhi,4,7,2363,0
1588.2680749401604,9,UPI,Android,Chennai,9,36,837,1
4460.804398617322,14,UPI,Desktop,Chennai,0,29,1150,0
2239.0498778991105,6,NetBanking,iPhone,Mumbai,6,3,2560,0
480.2536730332661,4,UPI,Android,Delhi,4,13,2178,0
12463.499217688208,14,Wallet,Android,Delhi,5,36,2756,0
735.6522440976001,19,NetBanking,Desktop,Hyderabad,8,41,1068,1
15002.453265613813,19,Wallet,Android,Chennai,2,25,3456,0
2953.005063954361,14,NetBanking,iPhone,Hyderabad,0,28,1830,0
1023.6514095673291,9,NetBanking,Android,Chennai,7,38,188,1
3903.3492307586826,23,Wallet,iPhone,Mumbai,1,11,244,0
10315.708971410293,13,NetBanking,Android,Mumbai,1,41,923,0
6588.038895652368,9,Card,Android,Bangalore,9,9,2651,0
8213.969130368787,16,Wallet,Android,Chennai,3,22,1918,0
5376.188575852013,20,NetBanking,iPhone,Chennai,4,21,1551,0
5892.769180707661,13,Wallet,Android,Delhi,0,19,2983,0
9458.859940251397,1,NetBanking,Android,Delhi,2,33,2045,0
1436.1975777006005,15,NetBanking,Android,Hyderabad,7,4,2982,0
3361.0883308562065,12,Card,iPhone,Bangalore,5,33,1718,0
1250.0656455306116,8,Card,Android,Mumbai,2,45,319,0
21977.792087026646,6,Card,Desktop,Chennai,6,16,3002,1
14417.318936602072,15,NetBanking,iPhone,Hyderabad,5,44,1598,0
201.12550602689544,9,Card,Desktop,Bangalore,4,1,1614,0
6113.657815978645,23,Wallet,Android,Delhi,7,15,2322,0
12967.917787376278,21,NetBanking,iPhone,Bangalore,7,22,763,0
995.76412693925,8,Wallet,iPhone,Hyderabad,2,32,2973,0
4196.014588229511,21,Card,Android,Mumbai,7,37,2119,1
12354.326320627652,22,NetBanking,Desktop,Delhi,9,23,1977,0
172.67761772105908,6,Wallet,iPhone,Delhi,8,33,2022,1
5977.0522844644265,15,UPI,iPhone,Mumbai,9,49,2072,1
1764.474823726064,8,Wallet,iPhone,Delhi,2,40,1318,0
12911.24335677838,23,NetBanking,iPhone,Hyderabad,7,22,2182,0
17712.349613111266,16,UPI,iPhone,Delhi,7,40,3476,1
14435.868406204872,19,Card,Android,Chennai,6,47,2806,1
3214.307025992291,6,Card,iPhone,Bangalore,7,12,2986,0
9904.053533676792,10,Wallet,Desktop,Hyderabad,0,48,3556,0
9307.136366495395,7,Card,iPhone,Mumbai,2,18,202,0
1921.7026075976717,6,Wallet,Android,Hyderabad,5,32,1558,0
8827.987706973267,18,Wallet,Android,Chennai,6,3,2209,0
188.54897634454863,19,Wallet,Desktop,Delhi,6,36,1070,1
4535.043201439034,11,Wallet,iPhone,Delhi,5,47,498,0
1306.8812059864285,6,NetBanking,Desktop,Hyderabad,3,46,1462,0
642.3888373582203,7,NetBanking,Desktop,Delhi,4,1,105,0
400.37671652191375,6,UPI,Desktop,Delhi,8,25,947,0
5958.3897484411855,5,UPI,Desktop,Chennai,0,20,1109,0
2076.630065342835,8,Card,iPhone,Mumbai,1,17,1848,0
6450.682186101888,12,NetBanking,Android,Bangalore,4,49,3149,0
337.94967744737164,6,UPI,Android,Hyderabad,4,22,1578,0
1893.801907088391,7,NetBanking,iPhone,Mumbai,6,33,2573,1
3877.1175720002475,21,NetBanking,Desktop,Bangalore,7,26,2870,0
7820.486666689938,16,Card,iPhone,Mumbai,9,27,2956,0
1919.1480352007948,16,Card,Desktop,Hyderabad,5,34,984,0
4916.045432010813,15,Wallet,Desktop,Chennai,5,23,2339,0
10856.808293621349,21,NetBanking,iPhone,Chennai,4,16,2387,0
4783.782545360431,1,Wallet,iPhone,Chennai,4,14,3593,0
1326.0782148292474,7,Wallet,Desktop,Mumbai,7,41,2061,1
123.51706872077612,16,Wallet,Desktop,Hyderabad,4,14,534,0
10204.908431870906,12,NetBanking,Desktop,Delhi,5,45,552,0
107.49432080130657,17,NetBanking,Desktop,Delhi,2,26,1956,0
10385.288833020852,23,Wallet,iPhone,Chennai,4,46,3445,0
3763.818602347772,21,NetBanking,Android,Mumbai,8,49,1500,1
13989.959213963315,9,Wallet,Android,Delhi,2,27,127,0
8016.862615115627,1,UPI,Desktop,Mumbai,7,40,2823,1
30910.97205423663,1,NetBanking,Android,Hyderabad,6,4,1758,1
2159.3930842414184,13,Card,Android,Chennai,3,9,3295,0
7287.626295557289,15,Card,Android,Bangalore,4,27,1013,0
2570.2450131147043,6,Wallet,Android,Chennai,7,43,823,1
3268.4365214259565,20,UPI,Android,Bangalore,9,39,971,1
4937.664538140577,20,NetBanking,Android,Delhi,6,15,2270,0
10344.570320161949,23,Wallet,Desktop,Bangalore,9,25,1615,0
20701.985184206544,11,UPI,Desktop,Mumbai,9,18,2445,1
7310.985551696125,22,UPI,Desktop,Bangalore,1,30,99,0
2704.420967955709,13,NetBanking,iPhone,Delhi,7,37,1507,1
2735.347879095121,3,Card,Android,Delhi,7,16,3476,0
6689.088879868328,3,Card,Android,Chennai,8,12,1259,0
1364.1456002979714,17,UPI,iPhone,Delhi,1,17,3258,0
585.3333479033074,2,Card,Android,Mumbai,3,25,279,0
2189.5966579705823,0,UPI,Desktop,Bangalore,1,15,2741,0
1693.04553208913,16,UPI,Desktop,Hyderabad,3,25,1829,0
1757.0734486615277,6,UPI,iPhone,Delhi,2,21,2836,0
1330.3058297974837,15,Card,Desktop,Bangalore,6,19,376,0
215.0239046867366,4,Wallet,iPhone,Chennai,4,24,3475,0
90.1780141597453,18,Card,Desktop,Hyderabad,6,7,236,0
21999.88989556151,6,Wallet,Android,Chennai,1,12,658,0
2791.0987344605096,13,Card,Desktop,Mumbai,3,49,68,0
2425.193637276589,1,NetBanking,iPhone,Chennai,5,39,1981,0
5691.663243132236,2,NetBanking,Android,Bangalore,4,11,3016,0
1231.1262797046668,16,Card,iPhone,Hyderabad,1,33,2862,0
14974.78126869888,15,NetBanking,Android,Chennai,6,49,1200,1
7716.963909377931,7,NetBanking,Android,Chennai,1,25,3604,0
468.31819320503473,17,NetBanking,Desktop,Mumbai,8,39,2632,1
2702.823870166949,14,NetBanking,Desktop,Bangalore,6,34,3525,1
10564.714800704267,6,Wallet,Android,Chennai,2,11,617,0
14477.808015604161,8,UPI,Desktop,Bangalore,5,16,1954,0
3149.937215506962,5,Wallet,Desktop,Delhi,4,32,2920,0
4751.970862882183,17,UPI,iPhone,Mumbai,8,15,1543,0
913.8119462839927,17,UPI,Desktop,Mumbai,2,40,818,0
23647.223430464062,23,Card,Android,Mumbai,1,15,53,0
1317.6908250884164,13,Card,Desktop,Bangalore,1,7,3030,0
14300.04665746944,13,Card,Android,Chennai,3,37,1353,0
5244.0652973428005,13,Card,Android,Chennai,0,40,1291,0
4679.11111436097,3,Card,iPhone,Bangalore,8,2,716,0
3594.2587629622058,3,Wallet,Android,Bangalore,2,6,392,0
1311.1751402598131,14,Wallet,Android,Delhi,4,36,3104,0
971.1288501168364,14,NetBanking,iPhone,Hyderabad,1,39,191,0
1245.4244931025337,17,Wallet,Android,Hyderabad,7,38,1719,1
1031.667317772751,13,Wallet,iPhone,Mumbai,2,28,3259,0
7561.203787863983,0,Card,Android,Chennai,4,22,831,0
2154.8782053653717,9,NetBanking,Desktop,Mumbai,6,37,3473,1
297.9150416638424,19,Wallet,iPhone,Chennai,1,5,1178,0
17385.42108263387,9,Wallet,iPhone,Chennai,2,18,2099,0
10761.604850130003,9,NetBanking,Android,Delhi,7,11,3361,0
13138.272769033772,23,UPI,iPhone,Bangalore,9,8,2586,0
26400.248845248534,1,Card,Android,Bangalore,7,20,2326,1
955.1684828809266,7,Wallet,iPhone,Bangalore,2,11,451,0
2522.9092744694035,0,Wallet,iPhone,Hyderabad,9,27,1887,0
7099.017377406353,0,NetBanking,Desktop,Bangalore,6,29,334,0
5953.977012106687,3,Wallet,Android,Hyderabad,1,25,3282,0
835.5644239675343,6,Card,Desktop,Mumbai,8,19,765,0
8459.565014931575,8,Wallet,iPhone,Hyderabad,7,2,1535,0
1270.8533362029314,15,UPI,Android,Chennai,8,42,2554,1
1266.8387698482154,4,Card,Desktop,Delhi,8,39,482,1
3849.864921454185,1,UPI,iPhone,Delhi,6,44,2408,1
4493.9726209345945,22,NetBanking,Desktop,Chennai,3,2,2751,0
4338.529227647337,10,Card,iPhone,Mumbai,4,7,2193,0
479.7295148550687,17,Wallet,iPhone,Delhi,6,31,553,1
10496.624056457118,18,Card,Android,Chennai,4,33,76,0
1543.5074883350778,12,Card,Android,Delhi,9,11,673,0
693.5233048470016,23,Card,Android,Hyderabad,7,40,2336,1
10979.790492400167,10,UPI,iPhone,Delhi,4,40,1173,0
15578.381763766396,19,NetBanking,Desktop,Hyderabad,4,46,1461,0
9907.133922374811,18,Card,Android,Hyderabad,4,13,3406,0
8290.937348668062,16,Wallet,Android,Delhi,3,10,1090,0
5324.5625059931,4,Card,Android,Delhi,6,49,3249,1
4002.073907849494,12,Card,Android,Hyderabad,1,38,1351,0
455.024483761754,19,NetBanking,iPhone,Delhi,9,20,1999,0
2625.072499551324,0,Wallet,Desktop,Mumbai,3,21,2591,0
2331.560393153081,9,Wallet,iPhone,Bangalore,2,14,1884,0
1503.8621173814224,7,UPI,iPhone,Bangalore,9,24,937,0
6426.277899985342,23,Wallet,iPhone,Chennai,7,40,3016,1
3424.662419588268,7,Wallet,Android,Bangalore,6,7,199,0
422.5972361777927,18,Wallet,Desktop,Mumbai,2,5,2468,0
1243.4813059020823,5,Card,iPhone,Bangalore,3,6,1098,0
5748.350637986245,11,UPI,iPhone,Bangalore,3,40,3495,0
395.9242009745616,6,Wallet,iPhone,Mumbai,9,35,111,1
9525.993115221025,15,Wallet,Android,Hyderabad,6,9,2142,0
3417.435221560392,8,Wallet,Android,Bangalore,7,42,2925,1
3275.2756871779548,20,Card,iPhone,Chennai,3,1,2408,0
4487.440382940375,21,Card,Android,Bangalore,7,39,3241,1
8705.739564722384,9,UPI,Desktop,Bangalore,0,20,297,0
2137.090669726076,9,NetBanking,Android,Mumbai,8,6,2309,0
5666.269489614255,9,UPI,iPhone,Mumbai,6,32,2773,1
4170.4667051748675,19,Card,Desktop,Chennai,3,13,318,0
1553.2407280053537,15,Wallet,Android,Delhi,7,39,272,1
10544.557177201792,0,Wallet,iPhone,Mumbai,9,40,2256,1
7983.250668763663,16,UPI,Desktop,Delhi,1,21,1368,0
5371.332846924381,20,Wallet,Desktop,Chennai,7,37,2926,1
9505.028592708033,13,Card,Desktop,Bangalore,9,12,2451,0
10098.10319110265,18,UPI,Android,Bangalore,5,6,3155,0
6161.226604546555,20,NetBanking,Desktop,Delhi,6,15,3312,0
9070.434253104662,20,Card,Android,Chennai,6,21,1659,0
5977.898321859919,16,Card,iPhone,Chennai,1,21,1701,0
5699.371458644325,13,Wallet,Android,Mumbai,1,28,1600,0
4819.682095110941,7,Card,Android,Delhi,3,36,443,0
6986.101958130321,20,Card,iPhone,Mumbai,5,17,609,0
863.470877306395,20,NetBanking,Android,Delhi,3,46,1093,0
10637.731590260766,8,Wallet,Android,Mumbai,5,7,2517,0
10272.516610714678,7,Card,iPhone,Mumbai,4,23,2858,0
148.41755771511006,12,Wallet,Desktop,Chennai,5,45,1945,0
8738.236881376568,16,Card,iPhone,Chennai,8,22,2872,0
689.8195370187782,18,NetBanking,Desktop,Bangalore,5,10,943,0
2040.734912546543,6,Wallet,Android,Bangalore,5,18,1365,0
6803.294015803708,16,Wallet,iPhone,Chennai,7,2,2924,0
876.2921736478158,0,NetBanking,Desktop,Chennai,4,12,2509,0
8517.837110792861,4,UPI,Android,Mumbai,4,45,1458,0
8922.95148506112,5,Card,Android,Bangalore,9,39,1365,1
3540.9765265479846,1,Card,Android,Chennai,0,22,3530,0
32.03174308707583,15,UPI,Desktop,Delhi,5,43,3544,0
1691.6367135592754,21,Wallet,Desktop,Delhi,0,22,2139,0
4797.647471818692,4,Wallet,Desktop,Bangalore,7,42,289,1
19865.81733987204,4,NetBanking,Android,Delhi,9,22,2842,0
4995.8287454453175,11,NetBanking,Desktop,Mumbai,8,6,2020,0
1504.198485050585,2,NetBanking,iPhone,Bangalore,5,46,3345,0
5025.687639707752,15,UPI,Desktop,Chennai,8,37,3605,1
3882.4850338883566,5,UPI,Desktop,Delhi,1,20,3053,0
7567.126150647327,14,Wallet,Android,Mumbai,8,6,3586,0
565.7350864791453,14,NetBanking,iPhone,Chennai,3,9,591,0
7157.042403682414,15,Wallet,iPhone,Hyderabad,2,29,2604,0
3896.4300953494476,19,UPI,iPhone,Mumbai,0,37,1730,0
16483.10638883833,12,Card,Desktop,Delhi,0,5,2631,0
2091.780449945556,11,Wallet,Android,Mumbai,7,13,548,0
5006.818486725116,9,UPI,Desktop,Hyderabad,1,27,558,0
13443.304877842756,13,NetBanking,Android,Hyderabad,0,23,2994,0
540.7649883263731,1,Card,iPhone,Mumbai,1,37,224,0
13841.269634193843,2,Card,Desktop,Chennai,2,46,2819,0
5821.9294177898455,8,Card,Android,Chennai,3,34,1522,0
351.2382514555415,10,NetBanking,Desktop,Hyderabad,8,25,1655,0
1790.262082141199,10,Card,Android,Bangalore,6,37,1953,1
6157.954975606563,21,UPI,iPhone,Bangalore,4,23,3629,0
348.62963697380656,9,Wallet,Desktop,Chennai,4,28,1049,0
4363.4086454748185,13,Card,iPhone,Bangalore,5,26,677,0
2122.3456575568057,8,Card,Desktop,Chennai,0,12,2212,0
4849.980952374174,19,UPI,Desktop,Delhi,5,39,2339,0
234.10619638977423,20,NetBanking,Android,Chennai,5,3,2093,0
10260.564224384563,9,Card,Android,Delhi,4,9,368,0
18150.971875721705,21,UPI,Android,Hyderabad,9,47,1235,1
17349.178322458753,8,UPI,iPhone,Bangalore,8,15,737,0
6924.513284806149,4,NetBanking,iPhone,Hyderabad,9,8,146,0
696.8059941690288,7,NetBanking,Desktop,Mumbai,9,28,923,0
7099.5286558018,10,Wallet,Android,Mumbai,4,26,2398,0
124.47111141255657,0,Card,iPhone,Hyderabad,8,16,799,0
111.85973867236932,20,Wallet,Desktop,Chennai,9,34,2883,1
1954.9288510861509,9,UPI,iPhone,Chennai,6,20,3478,0
3353.438374608401,0,Card,Desktop,Bangalore,2,1,2996,0
7357.244612919284,21,UPI,Android,Hyderabad,8,24,1034,0
5748.928634454094,6,UPI,Desktop,Mumbai,9,29,2568,0
2952.0749369785426,13,UPI,Desktop,Hyderabad,6,4,1058,0
1598.455812792035,4,NetBanking,Android,Hyderabad,3,4,2282,0
29257.643808284898,16,NetBanking,Android,Bangalore,8,38,3253,1
2777.208950550171,21,Card,Desktop,Chennai,5,3,1938,0
3001.8102421227145,20,UPI,iPhone,Mumbai,8,40,524,1
893.3839622727785,5,UPI,Android,Bangalore,3,2,2798,0
7919.083503186542,15,Card,Desktop,Mumbai,9,29,1728,0
5915.661190182869,10,Wallet,Android,Mumbai,1,49,3001,0
1247.24264726588,9,UPI,Android,Chennai,8,28,1888,0
429.86528451189355,14,NetBanking,iPhone,Chennai,9,12,386,0
5704.979103686202,6,Wallet,Android,Bangalore,3,44,2321,0
5313.975472115715,22,Wallet,Desktop,Delhi,1,15,844,0
1595.9292433686983,1,Wallet,Desktop,Bangalore,6,41,2375,1
15065.772031925546,11,Wallet,Android,Bangalore,6,31,2383,1
818.8214159732543,18,Wallet,Android,Delhi,4,37,514,0
2831.117362517058,11,Wallet,iPhone,Mumbai,4,32,27,0
14377.842163998273,15,Card,iPhone,Hyderabad,7,22,1946,0
2721.2857134677506,5,Card,iPhone,Delhi,5,3,665,0
5087.825088650514,2,Wallet,Desktop,Hyderabad,0,17,2188,0
2534.121515045698,1,NetBanking,iPhone,Mumbai,3,29,1729,0
1602.5086503344064,19,Card,Desktop,Delhi,0,12,2143,0
20668.85264565887,4,Card,iPhone,Chennai,4,14,2216,0
2632.522879227116,10,Wallet,Desktop,Bangalore,4,8,1541,0
11226.26253424066,2,NetBanking,Android,Delhi,3,41,1756,0
1306.5290624194522,2,Wallet,Desktop,Delhi,8,2,28,0
1198.3004068942896,21,NetBanking,Android,Mumbai,7,34,2632,1
158.145245477775,4,NetBanking,Desktop,Chennai,9,24,3062,0
5272.979294379948,21,UPI,Desktop,Delhi,2,48,308,0
2298.4952708610067,22,Card,Android,Chennai,4,20,3470,0
9988.690294133969,10,Wallet,Desktop,Hyderabad,5,43,134,0
3204.7655735140684,2,Card,Desktop,Delhi,4,10,2834,0
17240.411706004004,12,Card,iPhone,Chennai,7,40,3365,1
1026.060891304192,20,NetBanking,Android,Bangalore,4,7,1994,0
10148.427523649552,7,Card,Android,Mumbai,7,1,704,0
7493.886523371488,19,UPI,iPhone,Chennai,9,10,2543,0
7368.460219450181,9,Wallet,iPhone,Mumbai,9,5,355,0
9314.663054072944,1,Card,Android,Delhi,2,40,547,0
7156.960563018635,3,Wallet,Android,Delhi,4,21,2686,0
4920.443752117819,17,Card,Android,Hyderabad,3,9,1041,0
703.4699296379124,18,Wallet,iPhone,Mumbai,5,29,110,0
165.33456674992854,3,Wallet,iPhone,Bangalore,2,31,1499,0
12681.91650907132,19,Wallet,Desktop,Bangalore,9,45,2058,1
4794.038447153901,8,Card,iPhone,Chennai,3,46,563,0
7961.362694658197,15,UPI,Desktop,Bangalore,3,27,3184,0
3284.291801348973,5,Wallet,Desktop,Mumbai,4,6,2897,0
623.8958208700401,3,NetBanking,iPhone,Delhi,5,43,1588,0
668.718745581692,8,NetBanking,iPhone,Mumbai,1,31,2797,0
5784.8940747235565,12,NetBanking,iPhone,Mumbai,9,41,3392,1
2813.2785996209514,8,UPI,iPhone,Delhi,7,45,3361,1
1118.9983744581807,5,Wallet,Android,Mumbai,3,36,2657,0
3382.380067046655,20,UPI,iPhone,Bangalore,6,2,466,0
331.8152539672983,18,Wallet,Desktop,Chennai,6,21,1404,0
4361.027161624753,13,UPI,Desktop,Chennai,9,34,177,1
1566.663983062287,20,Wallet,Android,Mumbai,1,22,1388,0
7986.536450159809,14,NetBanking,Android,Delhi,6,13,1766,0
1857.941985900969,2,Wallet,iPhone,Hyderabad,0,19,3199,0
3036.8675459765627,4,UPI,Android,Mumbai,1,33,1287,0
58.44293025465451,20,Wallet,iPhone,Mumbai,4,38,986,0
376.0261115334893,17,Card,iPhone,Hyderabad,7,40,2928,1
2491.962485428586,13,Wallet,Android,Chennai,6,49,961,1
3269.0442439000635,15,NetBanking,Android,Chennai,2,3,895,0
4581.710517459567,13,Wallet,Desktop,Hyderabad,9,38,3518,1
1724.1735753722908,8,Card,Android,Delhi,8,19,1483,0
5936.92057194593,14,Card,Android,Mumbai,4,7,2314,0
9834.93752201551,6,Card,Android,Bangalore,2,15,1311,0
7567.253193487854,13,UPI,Desktop,Chennai,6,38,25,1
202.12508198851577,5,Card,iPhone,Chennai,3,25,1209,0
3274.5092075105413,20,UPI,Desktop,Chennai,0,22,3137,0
554.2677540477307,14,Card,Android,Delhi,4,23,427,0
1385.6564139235911,19,UPI,Android,Hyderabad,7,10,1528,0
21585.913276147166,7,Card,Android,Delhi,3,36,1155,1
768.6445108652931,1,Card,iPhone,Chennai,6,37,2871,1
3454.6297810450374,7,Wallet,Desktop,Mumbai,7,42,1328,1
4813.712174806433,0,Card,Desktop,Chennai,8,42,1857,1
6061.116574288691,16,Wallet,iPhone,Mumbai,8,42,2503,1
4100.912120190553,18,Card,Desktop,Mumbai,4,7,2795,0
49.09447692281613,4,Card,iPhone,Chennai,5,46,3185,0
1976.0491799893007,21,Wallet,iPhone,Chennai,6,25,1907,0
3646.0654678634164,19,Wallet,Desktop,Mumbai,9,40,2620,1
459.84458552025364,15,UPI,Desktop,Delhi,1,41,2574,0
2158.739455418413,6,NetBanking,iPhone,Delhi,8,24,87,0
168.83422852762027,6,Wallet,Desktop,Delhi,0,5,3568,0
409.18844804043624,17,UPI,iPhone,Bangalore,5,21,1873,0
2528.554267677974,17,Card,Desktop,Mumbai,5,40,3086,0
711.9425296233069,1,Wallet,Desktop,Bangalore,6,20,393,0
4191.337019590604,14,Wallet,Desktop,Bangalore,1,29,2733,0
5847.29281579217,13,Card,Desktop,Mumbai,5,37,2562,0
8061.878595553796,17,Card,Desktop,Bangalore,5,20,756,0
1116.6568712892358,8,Card,Android,Mumbai,8,18,2208,0
916.5056756753847,13,Card,Android,Hyderabad,7,4,3364,0
552.2440864253783,4,NetBanking,Desktop,Hyderabad,4,11,218,0
5058.920573520652,10,Wallet,Desktop,Mumbai,6,22,1445,0
6128.974697557997,7,Card,Desktop,Mumbai,6,43,783,1
160.47873368016056,4,Card,iPhone,Mumbai,4,14,546,0
13760.970272244544,10,NetBanking,Android,Delhi,6,45,1685,1
266.85242839504014,4,Wallet,iPhone,Mumbai,2,28,2007,0
3896.75444047811,16,UPI,Android,Chennai,6,4,1545,0
6173.200020306195,21,Wallet,Android,Hyderabad,5,16,2088,0
10238.517762273805,3,UPI,Desktop,Hyderabad,5,38,2074,0
6260.337364360131,14,NetBanking,Desktop,Mumbai,1,23,491,0
8090.57936298363,18,Card,iPhone,Hyderabad,1,13,3469,0
2073.413745732168,21,NetBanking,iPhone,Mumbai,6,20,1049,0
8432.272846739617,1,Wallet,Desktop,Mumbai,0,5,199,0
417.5322487908133,23,Card,Desktop,Hyderabad,8,19,371,0
11260.251593926081,16,Wallet,Android,Hyderabad,2,21,91,0
3965.8584143946473,11,UPI,Android,Chennai,5,42,399,0
8499.488048327594,23,Wallet,Desktop,Bangalore,2,5,460,0
3010.304859675232,16,NetBanking,Android,Chennai,8,14,2605,0
5158.1950086004435,9,NetBanking,iPhone,Chennai,9,36,2273,1
3736.989069793848,17,NetBanking,Android,Hyderabad,6,6,2837,0
6576.189174934603,18,Card,Desktop,Chennai,0,5,2137,0
425.7744994447808,17,Wallet,Android,Hyderabad,3,24,3368,0
311.2501565950754,12,Card,Desktop,Delhi,4,29,3247,0
1419.135787699582,13,Wallet,Android,Mumbai,6,29,1366,0
869.0574325757502,23,UPI,iPhone,Bangalore,6,2,573,0
10270.17778501199,15,Wallet,iPhone,Delhi,4,6,1294,0
1237.2707909027697,17,Wallet,Desktop,Mumbai,0,34,2760,0
18620.514047170465,17,Wallet,Desktop,Mumbai,4,12,2392,0
2054.1156216571467,15,Wallet,Desktop,Bangalore,4,22,1859,0
1005.1855198942644,16,UPI,Android,Chennai,3,4,1199,0
7796.065487971738,6,Card,Android,Mumbai,5,45,470,0
5375.081026707593,11,NetBanking,Android,Bangalore,7,49,912,1
3447.725543617169,1,Wallet,iPhone,Hyderabad,9,6,839,0
4052.4914955781032,9,NetBanking,Desktop,Mumbai,4,3,2834,0
6350.594698644832,4,NetBanking,Android,Mumbai,7,13,1965,0
1296.7997284335336,20,NetBanking,iPhone,Chennai,4,23,1019,0
28043.156160238523,2,NetBanking,Desktop,Chennai,2,35,3095,1
18403.199889450476,18,Wallet,iPhone,Hyderabad,7,26,2586,0
5253.765450662784,12,NetBanking,Desktop,Mumbai,3,9,2278,0
1112.8588923444668,11,Wallet,Android,Chennai,2,23,1730,0
5700.738976376843,2,UPI,iPhone,Bangalore,2,4,2178,0
374.68685917146644,5,Card,iPhone,Mumbai,5,34,1174,0
155.6605826180974,13,Card,iPhone,Bangalore,7,37,2675,1
1489.8937656944827,3,Wallet,Desktop,Delhi,9,8,166,0
3105.2765093671946,12,Wallet,Desktop,Hyderabad,4,34,3321,0
10135.099625954203,18,Card,iPhone,Chennai,0,37,2730,0
6494.514894089445,17,NetBanking,Desktop,Delhi,0,6,1692,0
6787.68952374661,2,Wallet,iPhone,Chennai,2,7,2623,0
2771.217897037069,19,NetBanking,Android,Delhi,5,45,1297,0
2122.742663447413,5,Wallet,iPhone,Chennai,1,41,243,0
2318.4282527364853,15,Wallet,iPhone,Hyderabad,0,39,2416,0
21970.319457582522,19,UPI,Desktop,Mumbai,6,36,2747,1
204.67871021964336,23,UPI,Desktop,Bangalore,1,5,627,0
10088.214958778693,2,Card,Desktop,Delhi,7,3,2306,0
4321.758706763312,11,UPI,Android,Bangalore,1,17,3407,0
2886.7454051732975,18,UPI,Android,Bangalore,0,19,2255,0
6459.607837444352,18,Card,Android,Chennai,9,45,1132,1
3334.17151799607,23,NetBanking,Desktop,Mumbai,1,1,2304,0
10334.531706338834,3,UPI,iPhone,Chennai,1,37,1645,0
11548.142398101872,0,NetBanking,iPhone,Bangalore,6,9,2295,0
2738.493506770124,1,Card,iPhone,Hyderabad,0,4,3298,0
1620.5395354257096,12,Wallet,Desktop,Mumbai,2,42,178,0
4486.735609704547,12,NetBanking,Desktop,Mumbai,4,46,1167,0
12172.779697617994,1,Card,Android,Bangalore,6,10,3218,0
1182.8044947501228,18,NetBanking,Desktop,Chennai,5,32,1101,0
4877.107288497878,21,Card,iPhone,Hyderabad,7,1,2086,0
4992.390001127717,23,Card,Android,Delhi,0,23,392,0
6604.6500756342775,15,Wallet,Android,Chennai,6,17,592,0
705.3281485133022,11,NetBanking,Desktop,Mumbai,8,30,2708,0
6290.824545635549,0,Wallet,Android,Chennai,6,27,1468,0
11986.266031446225,8,Wallet,Android,Delhi,5,15,2842,0
990.3228039007228,16,NetBanking,Desktop,Hyderabad,8,38,931,1
1356.0479584358097,9,NetBanking,Android,Hyderabad,3,7,121,0
17770.885194307557,17,Card,iPhone,Delhi,9,33,337,1
998.2152737757895,18,NetBanking,Desktop,Delhi,5,5,1810,0
9633.94883878329,6,Card,iPhone,Bangalore,5,39,2732,0
3389.1047127677452,18,Card,iPhone,Mumbai,9,34,2183,1
1419.9848499718523,23,Card,iPhone,Bangalore,2,3,1260,0
10230.030008724245,14,Card,iPhone,Chennai,6,32,1059,1
2946.6866277997788,8,Card,Android,Delhi,0,2,3084,0
3616.1493455055906,9,Card,Android,Bangalore,7,16,3449,0
2225.4497958890393,22,NetBanking,Desktop,Mumbai,7,17,2417,0
4494.106713425393,19,NetBanking,Desktop,Mumbai,7,12,1836,0
892.7864880881568,19,UPI,iPhone,Delhi,8,5,3113,0
2480.354531817368,3,NetBanking,iPhone,Bangalore,3,4,54,0
17435.79020910572,5,Wallet,Desktop,Hyderabad,5,16,1153,0
1492.929402120031,3,UPI,Desktop,Delhi,6,18,281,0
5346.286922585514,4,NetBanking,Desktop,Chennai,1,45,1360,0
1966.6210219446352,8,Wallet,Desktop,Bangalore,5,20,249,0
7424.458453535824,11,NetBanking,iPhone,Bangalore,7,9,3069,0
701.3338980506837,22,Card,Desktop,Delhi,3,16,2938,0
17503.052272122,7,UPI,Android,Bangalore,4,35,1807,0
3023.754610823689,20,Card,iPhone,Bangalore,7,29,587,0
1346.2677174886012,4,UPI,Android,Chennai,2,49,357,0
381.68861277968534,10,UPI,Desktop,Chennai,5,30,487,0
930.1897005229697,22,Card,Android,Hyderabad,0,20,3459,0
3667.4917271479076,10,UPI,Desktop,Chennai,3,42,1709,0
2054.925399025833,12,UPI,Android,Hyderabad,5,22,1400,0
8827.049420610787,13,NetBanking,iPhone,Chennai,2,23,1069,0
2818.3859534279622,7,Wallet,Android,Hyderabad,0,36,1459,0
1429.8461848792551,17,Card,iPhone,Chennai,5,22,532,0
4800.494582867339,18,NetBanking,Android,Chennai,2,1,2805,0
6134.113034796725,11,NetBanking,Android,Delhi,7,21,3031,0
913.8597384292341,11,Card,iPhone,Chennai,6,48,207,1
917.3263506538035,17,UPI,iPhone,Hyderabad,6,43,3188,1
186.8036400474137,9,Card,Desktop,Delhi,7,19,2727,0
6666.6506039491705,6,Wallet,iPhone,Hyderabad,6,8,1891,0
5450.312625735495,17,Wallet,iPhone,Chennai,4,5,285,0
3218.270848176464,11,Card,Desktop,Chennai,9,40,1812,1
9294.962453380751,13,NetBanking,iPhone,Hyderabad,7,29,938,0
8190.991605846757,14,Card,iPhone,Bangalore,7,18,1871,0
4401.655068179608,15,Wallet,Android,Delhi,7,29,2144,0
10135.053132645013,1,Card,Desktop,Delhi,9,15,3596,0
1152.3592518528678,17,UPI,Desktop,Chennai,5,45,2032,0
593.4651069514229,11,Card,Android,Delhi,1,31,2872,0
1571.8390286405395,15,NetBanking,Desktop,Hyderabad,7,15,883,0
293.90553364981355,12,UPI,Android,Chennai,9,45,1804,1
3787.5702141697193,19,Wallet,iPhone,Delhi,0,3,2009,0
13791.906027009833,16,Card,Desktop,Mumbai,8,44,3637,1
200.69208204691117,17,NetBanking,iPhone,Delhi,8,44,1634,1
651.1693999155838,2,NetBanking,Desktop,Hyderabad,5,42,2558,0
3009.2162415096545,22,Wallet,iPhone,Delhi,9,33,3336,1
13581.043269379974,9,Card,Desktop,Bangalore,5,24,826,0
1900.128055283935,0,NetBanking,Desktop,Bangalore,5,38,1901,0
3538.6125188567257,5,UPI,iPhone,Chennai,3,24,61,0
212.30866500525846,2,Card,Android,Bangalore,0,13,1153,0
802.8582566820946,18,Wallet,Desktop,Hyderabad,0,27,2137,0
21573.755422666894,3,UPI,Android,Mumbai,0,33,2018,1
16779.021539099547,19,Card,Android,Mumbai,4,19,3150,0
24.76111486913808,22,NetBanking,Android,Chennai,6,25,70,0
15163.203993394076,2,Wallet,Android,Chennai,0,6,685,0
5096.048067842505,7,Wallet,Android,Bangalore,0,33,2441,0
10121.672834882553,7,Card,Android,Hyderabad,5,25,2672,0
3032.4613454600476,6,Wallet,Desktop,Bangalore,1,23,3457,0
3624.180343488855,1,UPI,Android,Hyderabad,1,49,3529,0
3355.4274975443,20,Card,Desktop,Hyderabad,6,17,1176,0
5496.026185327917,5,UPI,Desktop,Mumbai,8,21,1596,0
752.0872710472859,15,Wallet,Desktop,Hyderabad,7,43,1255,1
152.15990459985636,9,Wallet,iPhone,Delhi,1,20,2514,0
1840.3404400689044,3,Wallet,Android,Hyderabad,6,12,1022,0
6098.491737704197,12,UPI,iPhone,Mumbai,4,13,432,0
1127.3152721830518,9,Wallet,Android,Bangalore,9,18,935,0
5595.5920466598955,20,Card,iPhone,Hyderabad,3,22,274,0
17518.151951146046,13,NetBanking,Desktop,Delhi,9,24,3177,0
493.03196860893485,8,Card,iPhone,Chennai,3,33,1372,0
5582.895419522681,10,NetBanking,Desktop,Bangalore,3,3,1332,0
2932.6891987858676,22,Wallet,iPhone,Chennai,8,17,3330,0
10130.158110967583,17,Card,Android,Delhi,6,39,1381,1
974.905495293219,10,UPI,Android,Mumbai,6,32,233,1
5898.449381901769,16,NetBanking,iPhone,Mumbai,3,17,1188,0
9104.354307988227,1,UPI,iPhone,Bangalore,8,48,1328,1
14467.161936901364,2,NetBanking,Android,Hyderabad,7,44,885,1
5748.18117492311,10,Wallet,iPhone,Hyderabad,9,25,2904,0
3437.563063057698,17,Card,iPhone,Chennai,3,8,803,0
4809.674277754708,2,NetBanking,Android,Mumbai,5,43,710,0
10159.164546839556,14,Card,Desktop,Hyderabad,3,35,849,0
4226.9454603450295,10,NetBanking,Android,Hyderabad,0,29,1630,0
154.291588669526,10,NetBanking,Android,Mumbai,4,12,1651,0
13364.527536495865,19,Wallet,iPhone,Mumbai,9,36,1096,1
5848.2876800557515,10,NetBanking,Android,Delhi,2,9,1872,0
5642.987719397445,18,UPI,Android,Chennai,0,26,1830,0
1214.6599900901197,0,NetBanking,iPhone,Mumbai,1,22,2202,0
5377.684968340443,4,NetBanking,iPhone,Delhi,1,31,3359,0
2503.257824479294,9,NetBanking,Desktop,Mumbai,7,49,2302,1
5266.755678436182,9,Wallet,Android,Bangalore,3,48,692,0
563.5653439134802,13,Card,Desktop,Bangalore,2,44,1468,0
5362.461592329283,1,Card,Desktop,Bangalore,3,30,8,0
37208.614548522026,3,Wallet,Desktop,Mumbai,9,15,3261,1
247.06499447150344,1,UPI,Desktop,Hyderabad,0,47,2083,0
18899.31556281114,17,UPI,Android,Hyderabad,0,33,802,0
2612.0284122729863,12,Wallet,Android,Bangalore,4,3,1162,0
10230.167305078765,18,Card,Android,Chennai,6,34,1704,1
7625.150284671463,4,UPI,Desktop,Delhi,8,17,1132,0
4185.275529632762,19,Wallet,iPhone,Bangalore,6,44,3380,1
6705.633929263293,1,Card,Android,Delhi,4,5,140,0
10539.845504791698,10,UPI,Desktop,Delhi,2,30,3433,0
2588.7503932435134,17,UPI,Desktop,Bangalore,7,43,2203,1
1980.2961239550323,5,Wallet,Desktop,Hyderabad,6,15,659,0
5506.981585861535,22,Card,Desktop,Chennai,3,39,313,0
8247.289214855367,9,UPI,Desktop,Bangalore,0,8,1242,0
7183.41684410256,21,Wallet,Desktop,Delhi,2,42,566,0
7992.827382238877,22,UPI,Android,Mumbai,7,38,1551,1
2859.8124837094324,16,Card,iPhone,Mumbai,1,28,1247,0
8514.190531929316,21,NetBanking,Android,Delhi,8,21,3438,0
640.3548132678573,10,UPI,Android,Bangalore,3,47,1957,0
3931.6781417214147,18,Card,Desktop,Hyderabad,6,10,2749,0
28.876527581269272,16,UPI,Android,Bangalore,9,28,402,0
1962.1459547159393,23,NetBanking,iPhone,Chennai,6,21,2781,0
2282.172813145931,3,NetBanking,iPhone,Mumbai,7,49,3419,1
2522.335175943337,23,UPI,Desktop,Delhi,6,28,2432,0
5944.882510155721,13,Wallet,iPhone,Hyderabad,3,22,852,0
2459.6767135570326,19,UPI,Desktop,Bangalore,6,38,2709,1
2977.3229278196422,3,Card,iPhone,Chennai,4,19,3179,0
1356.0532436598896,13,Wallet,iPhone,Bangalore,9,38,783,1
2336.052002753381,3,Card,Android,Chennai,6,46,3414,1
1289.1254876652442,5,Card,iPhone,Bangalore,2,24,343,0
380.0654412769361,8,Wallet,Desktop,Hyderabad,9,28,3396,0
4624.747976592281,20,NetBanking,iPhone,Hyderabad,6,45,1787,1
5516.307375355344,11,Card,iPhone,Delhi,6,13,2904,0
4831.218650742091,7,UPI,Android,Hyderabad,1,9,576,0
3113.388075084737,23,NetBanking,Desktop,Chennai,7,9,782,0
2388.4517238994995,3,NetBanking,Desktop,Delhi,6,21,2551,0
9951.063609473775,4,Wallet,Desktop,Hyderabad,8,24,2614,0
3660.290274007968,5,UPI,Android,Mumbai,3,31,1339,0
3261.771957576247,4,UPI,iPhone,Chennai,8,29,2688,0
129.88276971007235,18,NetBanking,Desktop,Delhi,0,40,1211,0
2087.0394070539883,7,Card,iPhone,Chennai,4,10,2871,0
2391.756824494026,8,Card,iPhone,Delhi,9,4,1451,0
2544.327570989996,14,UPI,iPhone,Chennai,6,3,692,0
4339.555274326353,3,NetBanking,Android,Mumbai,3,13,659,0
3813.5855217643443,8,NetBanking,iPhone,Hyderabad,6,21,184,0
4681.256791374099,6,NetBanking,Android,Bangalore,8,8,2522,0
7238.365643934406,7,Wallet,Android,Bangalore,4,9,1700,0
8382.852007425823,14,UPI,Android,Bangalore,4,46,1204,0
6331.423719156955,18,UPI,Desktop,Delhi,1,1,1324,0
15563.993625021027,14,Card,Android,Hyderabad,4,14,1838,0
92.00422291350013,4,Card,Desktop,Delhi,7,12,2145,0
1089.3995535625647,18,UPI,Android,Delhi,3,36,1704,0
37.958092657078446,6,UPI,Android,Delhi,1,22,336,0
5213.164632038758,5,Card,Android,Delhi,7,36,3253,1
11415.410050332384,18,UPI,Android,Hyderabad,3,45,1465,0
1395.1467213888675,16,Card,iPhone,Bangalore,4,16,403,0
13088.845831118593,9,UPI,iPhone,Chennai,6,11,3534,0
310.79950969360317,18,Wallet,Android,Delhi,4,3,236,0
13623.64461500059,10,Wallet,iPhone,Hyderabad,9,34,606,1
2166.412396532692,14,NetBanking,Desktop,Mumbai,3,25,223,0
534.7023069596843,9,UPI,iPhone,Chennai,6,26,916,0
3326.412744497058,10,Card,iPhone,Delhi,3,3,623,0
1483.7928153908595,22,UPI,iPhone,Delhi,9,20,3335,0
1676.4749629583098,2,UPI,Android,Chennai,3,31,1834,0
1835.718935806393,2,NetBanking,Desktop,Chennai,1,49,2110,0
8123.415099827117,17,Card,Android,Delhi,4,1,1253,0
3873.535690691302,10,UPI,Desktop,Hyderabad,7,26,239,0
1864.8034787672627,19,Card,Android,Mumbai,3,25,1750,0
4712.323804772562,21,UPI,iPhone,Hyderabad,1,11,1613,0
6296.558623240507,17,NetBanking,Desktop,Bangalore,8,16,2606,0
1591.5587110402303,14,Card,iPhone,Bangalore,5,20,2804,0
2668.3316697955106,6,UPI,Desktop,Bangalore,2,42,1574,0
649.8947976070027,9,Wallet,Desktop,Delhi,9,38,607,1
999.2678386106936,20,Card,Android,Mumbai,4,2,2433,0
5714.668463130851,22,NetBanking,Android,Mumbai,5,29,943,0
1001.0328074182362,19,Wallet,iPhone,Delhi,8,7,2411,0
3723.9224986605,9,Card,iPhone,Delhi,4,49,1165,0
6172.954997198428,12,Card,Desktop,Delhi,8,40,572,1
565.1544176023522,14,Card,Desktop,Mumbai,0,45,977,0
4188.694362840734,22,Card,Android,Delhi,9,25,960,0
1482.3548004624206,17,UPI,Android,Chennai,3,4,1476,0
16474.31485903963,22,UPI,Android,Chennai,0,43,3127,0
3303.8418566340356,3,Card,Android,Chennai,1,34,3179,0
8199.293587176795,19,NetBanking,Android,Delhi,1,25,2335,0
3995.056249968056,16,UPI,Desktop,Chennai,9,8,3425,0
221.9152463993306,2,Card,Desktop,Delhi,4,32,1934,0
5014.029917871761,20,Card,iPhone,Chennai,0,18,3285,0
15121.002600623664,20,NetBanking,Desktop,Delhi,9,40,2949,1
4601.642113769122,1,NetBanking,Android,Hyderabad,2,11,887,0
8551.511073538646,3,NetBanking,Desktop,Bangalore,5,37,694,0
10779.732650770165,0,Wallet,Desktop,Hyderabad,0,39,181,0
1294.370329182501,14,Card,Desktop,Bangalore,0,36,1189,0
1191.5704709007787,0,NetBanking,iPhone,Bangalore,2,10,3168,0
4720.635323547652,5,Card,iPhone,Chennai,8,6,3513,0
2646.887161667886,6,UPI,Desktop,Bangalore,1,45,3075,0
9158.57491084462,18,Card,Desktop,Bangalore,5,16,1513,0
11514.08176856428,11,Card,Android,Hyderabad,2,25,3277,0
2180.3023921175736,0,Wallet,iPhone,Bangalore,5,34,2443,0
1351.6380730422154,6,UPI,Android,Delhi,6,31,298,1
7582.596478962244,18,UPI,Android,Delhi,6,47,2743,1
1606.5806136708288,12,Wallet,Desktop,Chennai,1,8,1190,0
8647.144627595175,11,NetBanking,Desktop,Hyderabad,2,17,909,0
2755.966503777051,11,NetBanking,Desktop,Mumbai,3,14,1366,0
5506.327516026851,21,Card,Android,Hyderabad,7,30,3474,0
502.060086455629,12,Wallet,Android,Mumbai,4,18,1802,0
4888.960345326871,13,NetBanking,Android,Bangalore,0,46,2188,0
3005.280689813925,21,UPI,Desktop,Mumbai,8,36,1268,1
4416.800520333024,11,Wallet,Desktop,Bangalore,0,21,2014,0
919.6995746157896,19,NetBanking,Desktop,Hyderabad,1,31,3375,0
6675.606523742663,11,UPI,Android,Hyderabad,6,33,2798,1
9931.471316059387,5,Wallet,Android,Chennai,2,23,1235,0
1221.451633442697,9,Card,iPhone,Chennai,5,38,3411,0
503.0510563140048,19,Card,Desktop,Bangalore,7,5,1653,0
119.61229965786995,23,UPI,Android,Bangalore,4,15,10,0
5135.713440247937,8,NetBanking,iPhone,Delhi,0,30,2945,0
4670.92486661959,1,NetBanking,Android,Delhi,9,16,953,0
3955.9770669178283,6,Wallet,Android,Delhi,2,40,3572,0
1319.4833147064442,8,UPI,Desktop,Hyderabad,1,29,71,0
2478.913325326026,11,NetBanking,iPhone,Mumbai,5,28,3191,0
4512.88023769661,4,Card,Android,Bangalore,4,6,2955,0
3433.5085749595796,0,UPI,iPhone,Chennai,6,5,3509,0
22025.665816906632,21,Card,iPhone,Bangalore,1,38,2175,1
733.4580630766366,14,UPI,Desktop,Mumbai,5,25,2308,0
5939.587812102318,7,Wallet,iPhone,Bangalore,4,28,228,0
2590.248004051997,0,NetBanking,Desktop,Chennai,5,1,2493,0
2794.8266282585787,17,NetBanking,Desktop,Chennai,4,14,2005,0
6322.114307095265,12,NetBanking,Desktop,Mumbai,6,19,778,0
5895.3628765990725,0,Card,iPhone,Chennai,4,31,1239,0
23696.934039321848,4,NetBanking,Android,Hyderabad,6,15,1413,1
687.0906206829155,17,UPI,Desktop,Chennai,0,19,1981,0
549.686250203277,15,Card,Android,Mumbai,8,38,2288,1
6442.913828367711,9,Wallet,iPhone,Mumbai,5,32,380,0
4318.336252339902,3,Card,Android,Bangalore,8,31,2380,1
1602.1329622501307,0,Wallet,Android,Chennai,0,37,926,0
413.7534367389874,22,Card,Desktop,Chennai,1,26,3641,0
447.7543553195397,7,NetBanking,Desktop,Mumbai,6,48,2465,1
11230.592562327945,4,Wallet,Desktop,Bangalore,3,41,165,0
1065.14515929982,1,NetBanking,iPhone,Bangalore,9,25,2898,0
1953.164964737904,23,Card,Android,Hyderabad,0,47,3268,0
1285.1591504781666,16,Wallet,iPhone,Hyderabad,4,40,2011,0
2192.496174052104,6,UPI,iPhone,Mumbai,3,8,239,0
359.7568036581492,16,UPI,iPhone,Bangalore,5,4,2327,0
3660.061610127674,5,Card,iPhone,Bangalore,6,31,2118,1
350.03423188720683,21,Wallet,Desktop,Hyderabad,2,32,1799,0
8056.11021079626,14,UPI,Android,Hyderabad,5,34,19,0
1330.98653842103,4,NetBanking,Desktop,Mumbai,1,48,2286,0
3882.773455742973,14,NetBanking,Desktop,Bangalore,9,3,911,0
10604.614082448708,17,Card,iPhone,Mumbai,3,41,3445,0
5261.66020205132,17,NetBanking,Desktop,Hyderabad,9,26,3312,0
3806.6781628736585,20,NetBanking,Android,Chennai,8,4,3414,0
1960.2802124207303,20,NetBanking,iPhone,Hyderabad,6,2,3488,0
2024.840506119234,22,UPI,Desktop,Bangalore,1,19,3407,0
5535.54575284868,5,Wallet,iPhone,Mumbai,5,23,3387,0
25697.48337353652,1,Card,Android,Bangalore,3,25,2118,0
5421.1686348261555,16,Wallet,iPhone,Hyderabad,7,47,198,1
4079.7775548399063,20,Wallet,Desktop,Hyderabad,7,7,3065,0
6558.727620964057,3,Wallet,Desktop,Delhi,0,8,3334,0
3129.3646399120444,11,UPI,Android,Hyderabad,7,3,2892,0
310.1342174160877,18,NetBanking,Android,Bangalore,9,23,194,0
4131.071300719806,1,Card,iPhone,Mumbai,6,47,3545,1
15806.017136476676,1,Wallet,Desktop,Mumbai,0,33,132,0
963.6958147035177,13,NetBanking,Android,Delhi,2,48,2423,0
5855.99379234129,14,UPI,Android,Bangalore,4,28,1094,0
1121.5567187112897,19,Wallet,Desktop,Hyderabad,2,22,767,0
3837.4971301322325,1,NetBanking,Android,Chennai,2,35,2794,0
508.3724185118044,3,UPI,Android,Mumbai,0,34,1469,0
2992.5582892294033,18,NetBanking,Desktop,Bangalore,7,30,2419,0
7056.283292712284,8,Card,Android,Delhi,8,47,1464,1
2135.268807427271,6,NetBanking,Desktop,Chennai,4,36,1893,0
5466.806364380442,12,NetBanking,Desktop,Bangalore,0,14,230,0
7934.713214581751,11,Card,iPhone,Hyderabad,0,9,3214,0
13098.673463521045,2,Card,Desktop,Mumbai,8,22,1107,0
1337.0584385777781,12,NetBanking,Android,Hyderabad,0,28,755,0
2548.430664572674,14,Card,iPhone,Delhi,8,41,1543,1
826.826726612014,13,NetBanking,iPhone,Mumbai,2,14,1462,0
24453.274810240277,23,Wallet,Android,Chennai,2,15,1490,0
13086.545485792862,8,NetBanking,iPhone,Mumbai,3,37,3002,0
3882.1779939956136,12,UPI,Android,Hyderabad,4,24,3645,0
9226.854960309858,22,Card,iPhone,Bangalore,5,34,3400,0
3679.8347764914315,21,Wallet,Android,Bangalore,5,49,2972,0
4885.324243108654,3,Card,Desktop,Bangalore,9,43,3285,1
466.74489771510906,20,Card,Desktop,Delhi,8,45,2231,1
7038.007175778695,7,Card,iPhone,Delhi,0,44,2403,0
683.1866761445356,2,UPI,iPhone,Bangalore,8,3,1775,0
8745.443674676697,1,UPI,Desktop,Chennai,3,23,3018,0
7616.945335093325,18,NetBanking,Android,Hyderabad,6,20,565,0
6167.775345468045,22,UPI,iPhone,Chennai,5,45,3292,0
184.1518402577656,7,Card,Desktop,Bangalore,8,15,1619,0
1805.7702002577507,16,Wallet,iPhone,Hyderabad,1,43,1708,0
1526.6006958956375,12,Wallet,Desktop,Delhi,1,16,3043,0
2232.501310097585,6,Wallet,Desktop,Mumbai,6,7,2076,0
458.6182028618881,8,Card,Desktop,Mumbai,8,33,814,1
13819.75650446037,11,UPI,Android,Hyderabad,4,19,3249,0
4034.9650938159075,13,Wallet,iPhone,Chennai,6,18,3451,0
1822.9906097380108,13,Card,Android,Hyderabad,7,41,451,1
2529.0371555329953,14,Card,Android,Chennai,7,18,487,0
2963.8180112131513,2,Wallet,Desktop,Chennai,3,3,1691,0
4588.88835110396,14,Wallet,Android,Mumbai,9,3,3321,0
3625.041260227198,18,NetBanking,iPhone,Delhi,6,36,2001,1
12590.785232588232,23,NetBanking,iPhone,Bangalore,0,16,207,0
3435.4625646039476,19,Card,Desktop,Delhi,3,43,1268,0
24241.316326801178,13,NetBanking,Desktop,Bangalore,4,23,679,0
9533.325566641402,7,NetBanking,iPhone,Mumbai,9,23,2262,0
1169.1934191971593,4,Wallet,iPhone,Bangalore,6,15,1108,0
13338.997302944272,18,NetBanking,Desktop,Chennai,5,9,2075,0
618.5638975497147,3,Card,Android,Hyderabad,3,40,3107,0
8503.647870053628,13,Wallet,iPhone,Bangalore,2,38,1526,0
2395.208093335486,15,NetBanking,Desktop,Delhi,5,18,2863,0
10517.618841216181,19,NetBanking,Desktop,Mumbai,9,38,2868,1
10126.914595778133,23,NetBanking,iPhone,Mumbai,4,6,69,0
8197.563291787237,5,UPI,Desktop,Hyderabad,2,44,2242,0
7803.963467821305,22,NetBanking,iPhone,Chennai,3,37,2345,0
1816.9093479589337,5,NetBanking,Desktop,Chennai,1,46,1586,0
421.9066460037473,2,Card,Desktop,Mumbai,8,6,557,0
2579.0248237114984,14,NetBanking,Android,Chennai,6,21,3348,0
952.9251168332878,2,UPI,Desktop,Hyderabad,9,30,1656,0
5936.41575488737,10,Wallet,iPhone,Mumbai,2,28,967,0
2124.002131065532,2,NetBanking,iPhone,Chennai,7,20,292,0
18567.951510635416,9,NetBanking,Android,Bangalore,7,19,1736,0
5121.775572680622,17,Card,iPhone,Bangalore,0,14,603,0
8643.375877049688,0,NetBanking,Desktop,Chennai,4,1,326,0
710.8410438327973,15,NetBanking,Android,Bangalore,4,27,1176,0
9903.032716682255,15,NetBanking,iPhone,Hyderabad,2,32,676,0
12804.007243080663,9,NetBanking,Desktop,Delhi,1,29,1157,0
3338.0007027412466,0,Wallet,Android,Hyderabad,0,31,3284,0
4660.2327491249525,3,Card,Desktop,Hyderabad,3,25,1015,0
7236.803671659189,2,Wallet,iPhone,Chennai,9,7,1940,0
960.8815422728964,4,UPI,iPhone,Hyderabad,1,39,181,0
3491.4627410819726,11,NetBanking,iPhone,Chennai,4,46,2816,0
2542.999078347839,11,UPI,iPhone,Mumbai,9,16,361,0
791.3105552263052,12,Wallet,Android,Chennai,1,44,2472,0
2290.6474122836576,23,UPI,iPhone,Chennai,0,11,610,0
353.03681352055105,11,NetBanking,Android,Mumbai,9,18,1895,0
130.75439984406324,15,UPI,Android,Delhi,9,44,2172,1
726.090161642818,12,Wallet,Desktop,Mumbai,9,42,2226,1
16499.76669988554,4,NetBanking,iPhone,Chennai,9,5,330,0
3987.3138327906145,23,Card,Desktop,Bangalore,8,2,3011,0
16880.88915942053,3,Wallet,Desktop,Chennai,1,10,1777,0
2832.553955041249,20,NetBanking,Desktop,Mumbai,9,26,1250,0
1868.4961416535205,14,Card,Desktop,Chennai,3,24,163,0
3527.5348738864986,11,UPI,Desktop,Mumbai,2,26,1856,0
2894.7344531327417,18,UPI,iPhone,Hyderabad,0,16,1957,0
558.3725029919597,20,UPI,Desktop,Delhi,7,25,813,0
5119.746021987464,18,NetBanking,Android,Delhi,1,38,493,0
1216.9748099916533,20,UPI,Android,Mumbai,7,6,1830,0
4832.501422528819,10,UPI,iPhone,Delhi,0,12,2926,0
5251.984196623099,20,Card,Android,Bangalore,5,9,471,0
824.5197577722321,5,Card,Desktop,Bangalore,3,49,1381,0
316.5610447526569,8,Card,Android,Delhi,2,42,341,0
7587.977466119651,0,NetBanking,Desktop,Mumbai,0,8,2203,0
3079.0831104569315,11,Wallet,iPhone,Bangalore,9,31,760,1
299.6195005190793,13,UPI,Android,Delhi,0,41,3265,0
26359.659883683325,5,UPI,Android,Chennai,6,32,2633,1
297.5854071221184,0,NetBanking,Android,Bangalore,5,7,3331,0
5937.795067500756,21,UPI,iPhone,Hyderabad,2,32,3302,0
20576.490388284765,1,NetBanking,iPhone,Bangalore,1,42,2148,1
1366.7930847857351,23,NetBanking,Android,Delhi,9,25,226,0
767.2093061679248,10,NetBanking,iPhone,Delhi,2,33,1054,0
647.0420301200468,2,Wallet,Desktop,Delhi,7,28,2783,0
1806.823529705549,9,NetBanking,iPhone,Mumbai,6,11,3294,0
532.6160177578074,5,Wallet,Android,Mumbai,6,31,1040,1
5890.897349640917,5,Wallet,Desktop,Chennai,4,10,1990,0
321.5823189976354,19,UPI,Android,Chennai,9,2,2766,0
3560.8562621731844,20,Card,Android,Bangalore,2,46,2506,0
28564.399433999675,1,Wallet,Android,Delhi,0,44,2264,1
8409.243883383577,23,Wallet,iPhone,Chennai,0,4,612,0
4775.410383099368,9,Card,Android,Delhi,5,22,2584,0
1828.2441654349263,22,Wallet,Desktop,Bangalore,3,45,1799,0
4889.445714095118,5,Card,Desktop,Mumbai,6,28,433,0
3743.737779397671,22,UPI,Desktop,Chennai,9,10,3007,0
2776.3558065834786,16,NetBanking,Android,Hyderabad,9,2,2606,0
700.3946293017256,13,Card,Desktop,Hyderabad,9,49,240,1
10884.355299060238,4,NetBanking,Desktop,Hyderabad,0,31,816,0
2987.227648963911,22,Card,Desktop,Hyderabad,5,42,102,0
1082.220910307068,16,NetBanking,Desktop,Hyderabad,6,23,665,0
2292.4259169146762,1,UPI,iPhone,Hyderabad,0,16,3115,0
2673.28467310067,8,Wallet,Android,Hyderabad,1,9,1591,0
8787.888755452666,11,UPI,Android,Chennai,8,43,3490,1
6614.051614296392,18,Wallet,Desktop,Hyderabad,8,6,2369,0
7333.291630850958,21,NetBanking,Android,Hyderabad,5,25,1692,0
55.46280010766932,6,NetBanking,Desktop,Bangalore,3,4,2857,0
2690.590132204877,8,Wallet,Desktop,Chennai,6,48,413,1
3282.5736051908034,20,Card,Desktop,Bangalore,4,12,928,0
96.8941973322315,15,UPI,Android,Delhi,2,24,34,0
1504.2635201091314,19,Card,iPhone,Hyderabad,3,27,1851,0
7141.62340857189,10,NetBanking,Android,Mumbai,1,48,2798,0
737.3385866694464,11,UPI,Android,Hyderabad,5,3,445,0
3831.925226324291,14,UPI,iPhone,Hyderabad,2,12,180,0
1211.643780384469,17,Card,Android,Bangalore,6,47,1855,1
60.9741512438881,18,Wallet,iPhone,Delhi,3,30,1690,0
1380.0948092514966,15,Wallet,Desktop,Bangalore,7,12,717,0
18622.27511571439,14,UPI,iPhone,Chennai,0,41,1292,0
8085.765789807736,4,Wallet,Desktop,Delhi,8,42,3606,1
16041.737750956167,10,NetBanking,iPhone,Delhi,2,40,969,0
3345.7281205558397,14,Card,Desktop,Delhi,2,45,312,0
581.1872709759625,17,Card,Android,Bangalore,4,22,6,0
3969.917385008472,12,Card,iPhone,Hyderabad,9,15,2596,0
3029.1381554346426,3,UPI,Android,Hyderabad,0,28,638,0
9300.954436999045,16,UPI,Desktop,Hyderabad,2,17,458,0
516.1615804331191,3,Wallet,iPhone,Hyderabad,3,44,1765,0
3349.508678149231,15,Card,iPhone,Hyderabad,1,48,1723,0
812.8809185896223,22,NetBanking,iPhone,Chennai,5,25,2619,0
1962.8129750685223,14,NetBanking,Android,Mumbai,9,43,3552,1
6684.799390123954,13,Card,Desktop,Delhi,3,45,2116,0
3231.4909664580887,11,UPI,Android,Mumbai,0,3,120,0
2357.129482107963,2,UPI,iPhone,Chennai,2,36,964,0
2508.307700792891,9,UPI,Desktop,Hyderabad,6,31,1357,1
3075.810804584616,7,NetBanking,Desktop,Chennai,2,15,848,0
7685.97100947232,5,Card,Android,Chennai,5,46,875,0
11132.042581618733,21,NetBanking,Android,Mumbai,5,28,2995,0
15542.790315111499,13,Card,iPhone,Delhi,0,43,3058,0
7730.0481522784885,16,NetBanking,iPhone,Bangalore,1,31,2394,0
1894.6531280202564,20,NetBanking,iPhone,Bangalore,9,45,1889,1
5825.919673405102,18,Wallet,iPhone,Delhi,5,20,3317,0
2877.7374668244693,15,NetBanking,Desktop,Hyderabad,1,45,1690,0
1469.6452012448885,14,Card,iPhone,Chennai,1,21,1865,0
9190.218630952892,14,NetBanking,iPhone,Hyderabad,3,27,1321,0
195.92058371878028,0,Wallet,iPhone,Chennai,7,19,1739,0
11601.810465201861,23,Wallet,Android,Bangalore,5,36,1669,0
3094.629674196398,22,Card,Android,Delhi,7,12,934,0
5069.538156672787,22,Wallet,Android,Mumbai,3,35,2676,0
5384.5561785813115,11,Wallet,iPhone,Mumbai,2,48,2662,0
11274.584490295103,9,UPI,Desktop,Delhi,6,33,1384,1
5062.214460021356,13,Card,iPhone,Bangalore,6,36,1372,1
4758.72932055436,9,Wallet,Android,Chennai,1,41,1461,0
344.886003909527,9,Wallet,Android,Mumbai,0,23,3544,0
3653.2902099460907,19,Wallet,iPhone,Bangalore,7,13,1976,0
813.5888687831075,10,Card,Desktop,Delhi,2,30,275,0
6686.259595713725,21,UPI,Desktop,Hyderabad,5,10,2678,0
3589.4736616271416,15,NetBanking,Desktop,Bangalore,6,41,3137,1
5700.731733357541,8,UPI,Android,Bangalore,7,20,69,0
212.83059708177177,14,Card,Android,Hyderabad,5,6,2775,0
443.01967334239265,13,Card,Desktop,Bangalore,6,31,309,1
6299.601899914633,18,Card,iPhone,Mumbai,4,19,2195,0
374.0721481731317,8,NetBanking,Desktop,Mumbai,2,3,578,0
369.61463434506044,3,Card,iPhone,Mumbai,1,10,2556,0
60.91190004897985,20,UPI,Android,Bangalore,6,10,176,0
15675.132431098946,6,Wallet,Android,Bangalore,7,21,2626,0
6687.680215078304,21,Wallet,Android,Bangalore,7,2,2249,0
2178.988178668496,7,Card,Desktop,Delhi,2,45,3090,0
1758.689906150494,23,Card,Desktop,Hyderabad,1,39,3408,0
2151.6322533344005,7,NetBanking,Android,Bangalore,8,45,1831,1
7450.580998658252,18,Wallet,Android,Hyderabad,5,30,3199,0
5414.245088142517,14,NetBanking,Android,Chennai,9,46,2761,1
1024.035775549998,15,NetBanking,Desktop,Mumbai,2,28,3564,0
956.4644072751096,21,NetBanking,Desktop,Delhi,4,18,3123,0
517.8974559716975,22,NetBanking,Android,Hyderabad,0,14,1663,0
5398.502050167564,8,UPI,Desktop,Mumbai,1,45,1175,0
7227.51899611858,11,Card,Desktop,Delhi,8,19,1185,0
1539.7397477679515,15,Card,Desktop,Mumbai,9,40,2236,1
105.83709225807564,3,NetBanking,Desktop,Bangalore,9,36,230,1
428.7245372846805,4,NetBanking,Android,Bangalore,2,41,3003,0
17188.275014186715,7,UPI,Android,Mumbai,7,12,1634,0
1750.9428265181268,0,NetBanking,Desktop,Delhi,9,20,1946,0
7331.520216520101,5,UPI,Android,Mumbai,7,34,1205,1
4899.66252744019,14,UPI,Android,Chennai,4,36,846,0
2405.845779146629,3,NetBanking,Android,Delhi,7,21,1494,0
1151.3900947795175,20,Card,iPhone,Delhi,1,19,427,0
647.0504452855058,10,UPI,Android,Mumbai,1,41,1840,0
4772.728142397403,4,Card,Android,Hyderabad,3,41,3154,0
7450.1427917045885,17,Card,Desktop,Mumbai,7,43,1428,1
5162.778167818545,23,UPI,Desktop,Hyderabad,1,42,478,0
3778.328138432362,14,Wallet,iPhone,Delhi,3,35,1955,0
214.2829365455452,17,UPI,iPhone,Bangalore,7,8,1057,0
17287.057648767768,19,Wallet,Android,Bangalore,2,22,750,0
8015.1472442218,12,UPI,Android,Mumbai,7,43,2641,1
1732.3646431882362,4,UPI,Desktop,Hyderabad,1,38,2915,0
19552.70286358609,0,Card,Android,Mumbai,0,18,3532,0
4605.0290223474,21,Card,Android,Chennai,5,8,514,0
4366.427510224252,17,NetBanking,Android,Mumbai,7,2,3490,0
6893.083141025073,13,Card,Android,Mumbai,8,20,332,0
8350.447669219384,4,Card,Android,Mumbai,9,5,1440,0
5342.529453740248,5,Card,Android,Mumbai,7,42,533,1
685.3783099019248,23,Card,Android,Hyderabad,1,30,2053,0
2064.4694615775416,15,NetBanking,Android,Hyderabad,0,18,2332,0
13161.257532121032,21,Card,Desktop,Hyderabad,6,44,304,1
1271.9819393547195,20,Wallet,iPhone,Chennai,6,23,2912,0
2327.4055470633984,11,Wallet,Android,Chennai,2,2,3269,0
2828.846133593655,19,NetBanking,Desktop,Mumbai,5,42,1278,0
2893.782704616665,17,Card,Android,Hyderabad,6,44,867,1
4745.87240276116,1,Wallet,Android,Chennai,8,37,2886,1
14330.17691890098,22,UPI,iPhone,Bangalore,0,42,1619,0
1376.7436213709323,20,Wallet,Desktop,Mumbai,2,32,2216,0
647.7046900247617,22,Card,Android,Delhi,4,1,2054,0
1099.9332594693237,12,Wallet,iPhone,Hyderabad,2,39,142,0
10898.51540550276,16,UPI,iPhone,Mumbai,7,1,375,0
5189.620405381139,16,Wallet,Android,Mumbai,9,49,1149,1
1683.708889395092,15,Card,Android,Delhi,5,44,3395,0
8462.655938873602,20,UPI,Desktop,Bangalore,1,31,2443,0
9879.733695998477,17,NetBanking,Desktop,Chennai,0,39,1191,0
9370.740639905378,7,UPI,Android,Chennai,9,8,1705,0
12561.997716371161,2,Wallet,Android,Delhi,4,3,1048,0
1453.3728620730772,16,NetBanking,iPhone,Delhi,8,47,1707,1
7033.341104115277,17,UPI,Desktop,Chennai,9,12,2157,0
3085.928539260571,22,UPI,Android,Bangalore,8,49,2258,1
9225.755435367259,5,UPI,Android,Bangalore,0,34,2655,0
6518.794009673784,7,Card,Desktop,Mumbai,2,49,1226,0
7490.543769327965,22,NetBanking,Android,Delhi,5,25,1434,0
5337.920953421046,12,NetBanking,iPhone,Delhi,4,36,2845,0
976.6009881197293,7,UPI,iPhone,Delhi,3,7,2050,0
3937.5851209610228,18,NetBanking,Android,Chennai,1,15,1822,0
20889.632975084725,5,Wallet,Desktop,Chennai,3,21,2791,0
13853.996940037163,22,Wallet,iPhone,Chennai,4,25,2814,0
220.66723058793036,14,UPI,Desktop,Bangalore,1,48,1135,0
900.5090057537745,9,Wallet,Desktop,Chennai,9,38,2124,1
706.2557007634263,16,UPI,Desktop,Mumbai,0,37,2260,0
6472.769270301935,0,Wallet,iPhone,Chennai,6,16,1977,0
8512.848903479231,6,UPI,iPhone,Bangalore,6,1,1257,0
1200.8850417502645,12,UPI,Android,Delhi,7,47,2235,1
3524.608069197645,2,NetBanking,Desktop,Mumbai,9,37,1299,1
9184.925352389018,18,NetBanking,iPhone,Bangalore,5,45,2358,0
6598.818093235882,14,UPI,iPhone,Hyderabad,0,14,3014,0
3907.0207247689746,4,NetBanking,Android,Delhi,7,34,888,1
4462.232522850161,10,NetBanking,iPhone,Chennai,1,2,211,0
3550.04825034203,21,Card,iPhone,Bangalore,2,31,2399,0
1765.8942500081025,17,Wallet,iPhone,Hyderabad,7,19,1825,0
4162.299037340777,2,NetBanking,Android,Bangalore,3,19,2370,0
5837.968155484063,5,UPI,Android,Chennai,4,44,207,0
10330.570375537263,2,Card,Desktop,Bangalore,8,23,1114,0
5057.010774374272,4,Card,iPhone,Hyderabad,6,30,2706,0
7159.001897927629,8,NetBanking,Android,Bangalore,9,17,65,0
872.193352445619,18,UPI,Android,Mumbai,6,2,2464,0
3095.3725933318797,12,UPI,Android,Mumbai,0,11,1023,0
46.877160822280786,5,UPI,Desktop,Chennai,0,49,1924,0
1416.3183367893346,10,UPI,Desktop,Hyderabad,7,14,1316,0
6481.568428056429,20,UPI,Desktop,Hyderabad,9,41,2525,1
24024.177204430696,20,Wallet,Desktop,Hyderabad,0,29,2043,0
522.2385485554638,13,UPI,Desktop,Hyderabad,9,19,1465,0
2566.5962836070967,5,UPI,iPhone,Hyderabad,1,28,370,0
8048.964094508741,5,Wallet,iPhone,Delhi,3,1,2721,0
1141.0043063078188,16,NetBanking,Android,Bangalore,8,5,2791,0
4049.3595617380784,10,Card,Desktop,Hyderabad,6,34,2702,1
6603.868412840678,14,Wallet,Desktop,Mumbai,6,14,432,0
4785.374185823828,8,Card,Android,Bangalore,9,19,2287,0
1041.4270031672502,20,Card,iPhone,Chennai,6,24,293,0
2195.5068526149535,16,Wallet,Desktop,Chennai,4,40,2285,0
7657.566874469938,23,UPI,Desktop,Hyderabad,0,17,2693,0
4039.7216759808825,6,Card,Desktop,Delhi,4,2,1842,0
26.21667917122488,6,UPI,iPhone,Delhi,7,31,701,1
7156.265334138119,20,NetBanking,iPhone,Bangalore,6,17,1750,0
179.74938655777103,0,Wallet,Desktop,Delhi,6,8,325,0
6846.86730676522,7,Card,Desktop,Chennai,1,46,2470,0
1131.2453432593609,4,UPI,Android,Hyderabad,0,17,430,0
15859.183597798929,18,Card,Android,Mumbai,3,38,354,0
2293.860706448017,7,NetBanking,iPhone,Chennai,7,26,1679,0
1979.5417215167818,16,NetBanking,Android,Chennai,0,43,1520,0
806.0580416755946,18,Card,Desktop,Bangalore,1,40,293,0
1823.5659317442862,11,Wallet,iPhone,Delhi,6,45,2843,1
10463.678060883194,22,NetBanking,Android,Mumbai,4,40,2672,0
28043.731153545283,14,UPI,iPhone,Mumbai,5,7,1281,0
2296.7788413439007,3,NetBanking,Desktop,Delhi,7,24,1437,0
2976.5703025518474,22,UPI,Android,Hyderabad,8,30,381,0
6401.946856224548,11,Card,Android,Delhi,7,26,1224,0
10866.378397315071,12,UPI,Android,Hyderabad,0,30,225,0
4495.255143393084,13,Card,Desktop,Mumbai,3,35,903,0
2484.0029972796574,4,NetBanking,iPhone,Bangalore,4,2,1821,0
2660.4322157516863,21,Wallet,Android,Chennai,8,44,671,1
5947.361343779222,15,NetBanking,iPhone,Mumbai,5,4,1318,0
16.117266761173124,6,NetBanking,iPhone,Mumbai,5,5,2568,0
4832.519594462926,14,NetBanking,iPhone,Mumbai,2,48,607,0
2196.3480586487476,12,NetBanking,Desktop,Chennai,1,2,2725,0
7904.187440553979,15,Wallet,Desktop,Hyderabad,1,31,443,0
488.0125449492802,11,NetBanking,Android,Bangalore,6,27,2767,0
4436.114946889184,6,UPI,Android,Bangalore,4,24,182,0
3278.995809468057,15,Wallet,iPhone,Bangalore,9,45,3572,1
5140.659982373223,22,Wallet,iPhone,Hyderabad,0,4,442,0
335.2608925534093,22,UPI,iPhone,Delhi,4,28,2656,0
4337.309835440721,12,Card,Desktop,Delhi,0,5,1306,0
4121.801603014403,22,NetBanking,Desktop,Bangalore,8,27,944,0
4112.40946550342,2,Wallet,Android,Mumbai,7,44,3185,1
4625.240663537059,14,NetBanking,iPhone,Mumbai,3,47,267,0
5642.28528911877,2,NetBanking,iPhone,Chennai,0,5,3607,0
8173.496550579964,6,UPI,Desktop,Delhi,7,5,2978,0
1572.3259306312466,17,UPI,Android,Mumbai,4,48,801,0
8716.258444056155,13,UPI,iPhone,Bangalore,0,9,2513,0
3448.3230812980473,17,NetBanking,iPhone,Chennai,1,47,993,0
400.94593731684563,18,Wallet,Android,Delhi,4,27,1410,0
301.675130375288,13,Wallet,iPhone,Chennai,8,4,2556,0
2034.1175418012745,19,Card,Desktop,Mumbai,9,49,2161,1
7683.190946985042,5,NetBanking,Android,Bangalore,7,24,3389,0
6149.546920103921,7,Card,iPhone,Bangalore,9,27,2180,0
7770.369982367988,6,Card,iPhone,Bangalore,7,1,3596,0
3641.4791660759406,19,Card,Desktop,Mumbai,8,32,925,1
2900.869559489516,17,Card,Desktop,Hyderabad,1,16,2026,0
797.6319211344141,17,Card,Desktop,Bangalore,6,23,1775,0
1988.9190766618265,14,NetBanking,iPhone,Hyderabad,9,28,875,0
2845.9770860961657,19,UPI,iPhone,Bangalore,4,20,2151,0
463.8693580128087,21,Card,iPhone,Hyderabad,2,17,682,0
1246.231109903065,18,Wallet,Android,Delhi,9,36,3027,1
4559.318902293805,21,NetBanking,Desktop,Delhi,7,45,3257,1
6652.654534548505,20,Card,Android,Bangalore,1,8,1970,0
32027.364403170715,20,Wallet,Desktop,Chennai,3,18,2114,0
13523.778022021577,1,Card,iPhone,Chennai,4,13,2183,0
5144.011549014363,7,UPI,Android,Mumbai,4,9,3197,0
2734.406549742989,20,NetBanking,Android,Delhi,3,37,57,0
5055.443978899272,10,UPI,Desktop,Delhi,2,30,1326,0
7700.763173715463,17,Wallet,Android,Chennai,2,43,790,0
629.7223224301702,22,Card,Android,Bangalore,4,28,907,0
2637.3577558486445,12,UPI,iPhone,Mumbai,9,46,1953,1
9156.732559190154,8,UPI,Desktop,Delhi,5,18,694,0
2421.185851424566,8,Card,Android,Mumbai,0,20,1684,0
4241.668481050226,16,NetBanking,iPhone,Delhi,3,48,3086,0
4430.8614126586945,6,Wallet,Android,Hyderabad,9,36,2947,1
1019.6236897517547,8,NetBanking,iPhone,Hyderabad,9,19,2674,0
2248.930472744652,21,Wallet,Android,Mumbai,5,5,466,0
2036.1680204431748,0,Wallet,iPhone,Chennai,1,34,1024,0
132.72977607334806,1,UPI,iPhone,Chennai,9,17,1466,0
122.44595635265159,3,Card,Desktop,Delhi,4,28,27,0
8909.948060695697,13,NetBanking,iPhone,Hyderabad,8,36,772,1
1594.6310321501753,3,UPI,Android,Hyderabad,2,38,1408,0
3649.872968592603,1,UPI,iPhone,Mumbai,2,30,2368,0
1774.2799503994652,7,UPI,iPhone,Mumbai,8,18,219,0
14123.980180792614,17,NetBanking,Android,Chennai,2,6,1878,0
1500.7760910029715,18,UPI,Android,Chennai,3,26,1194,0
2807.5850820929522,13,Card,iPhone,Chennai,8,15,1437,0
10307.232165577963,19,UPI,Android,Bangalore,3,1,1616,0
9223.699354910641,9,UPI,iPhone,Hyderabad,4,17,2467,0
1029.59756345281,16,Wallet,iPhone,Hyderabad,1,31,3188,0
8113.712886243969,7,UPI,iPhone,Mumbai,7,2,2654,0
3064.1707324122744,13,NetBanking,Android,Hyderabad,8,36,1999,1
3298.260987768963,20,NetBanking,Desktop,Mumbai,9,35,2117,1
716.3502844895132,22,Card,Desktop,Bangalore,3,27,1311,0
420.17821036661684,7,NetBanking,iPhone,Chennai,2,3,2731,0
6508.650507257195,4,NetBanking,iPhone,Bangalore,3,46,3017,0
3430.47207298425,15,UPI,Android,Chennai,6,20,2509,0
2871.052520705656,7,Card,Desktop,Chennai,0,8,1003,0
6537.568006575189,9,NetBanking,Desktop,Mumbai,1,29,149,0
7251.773494836926,7,Card,Desktop,Chennai,9,8,1902,0
865.2721538019973,8,Card,Android,Bangalore,4,41,1759,0
4710.930064584235,17,Wallet,Android,Delhi,8,27,2241,0
727.1759976393737,2,Wallet,Android,Mumbai,5,26,3305,0
6959.049439136747,16,UPI,iPhone,Chennai,2,39,1741,0
5349.4705030797195,19,NetBanking,Android,Chennai,2,10,162,0
15688.163929801622,14,UPI,iPhone,Hyderabad,6,30,1981,0
357.2545375426614,20,UPI,iPhone,Mumbai,2,33,1572,0
293.7351341241873,16,Card,iPhone,Mumbai,9,36,3024,1
1657.7314679743201,7,Card,iPhone,Bangalore,2,20,1482,0
1517.063656781916,1,Card,Android,Delhi,9,4,2790,0
1418.3094814786361,16,UPI,Android,Bangalore,6,23,553,0
11835.862371081546,17,NetBanking,Desktop,Bangalore,8,29,2210,0
1435.3859428180333,4,UPI,Desktop,Bangalore,8,46,2201,1
1586.925878270974,8,UPI,iPhone,Delhi,2,32,3513,0
7123.061267985805,8,UPI,Desktop,Bangalore,7,37,321,1
2986.8204943252854,1,Wallet,Desktop,Mumbai,0,37,3148,0
7496.431991292298,1,Wallet,Desktop,Delhi,7,26,380,0
338.0021938096258,18,NetBanking,iPhone,Chennai,1,5,2811,0
3342.9674605186838,22,Wallet,Desktop,Hyderabad,3,24,2838,0
170.95762468974914,2,UPI,Android,Hyderabad,6,43,1724,1
323.5097575531596,16,Wallet,iPhone,Mumbai,5,2,3510,0
11845.62559072742,13,Wallet,Android,Hyderabad,8,15,1814,0
749.7289952322252,13,UPI,iPhone,Hyderabad,7,46,701,1
3800.9314053110493,13,NetBanking,Android,Hyderabad,1,46,1150,0
2647.457109592807,5,Wallet,Desktop,Chennai,3,40,2800,0
2133.520277972683,2,UPI,iPhone,Hyderabad,0,8,2989,0
11504.599685044135,0,UPI,Android,Bangalore,6,37,1224,1
110.32524677500766,15,UPI,iPhone,Mumbai,3,37,1249,0
5450.091904163448,3,Card,Android,Mumbai,7,14,581,0
16537.774897341835,0,UPI,Desktop,Mumbai,1,5,3264,0
4106.81430140426,16,Wallet,iPhone,Chennai,7,9,1546,0
13809.032264595595,17,Wallet,iPhone,Chennai,1,22,1803,0
268.3641914791203,7,UPI,Android,Hyderabad,7,43,1270,1
2713.2442614864804,1,Card,Android,Bangalore,0,49,2014,0
1506.5917327534437,17,Card,Desktop,Hyderabad,1,44,412,0
6561.892815365702,15,Card,Android,Mumbai,4,44,1797,0
19895.38089420841,9,Wallet,Android,Bangalore,0,48,1548,0
1482.134737918257,7,Card,Android,Mumbai,4,30,2604,0
5309.1062991501585,11,NetBanking,Desktop,Bangalore,4,33,2669,0
1103.842075671398,21,NetBanking,Desktop,Delhi,6,38,349,1
4165.843710739791,15,Card,iPhone,Chennai,1,37,3162,0
3117.4758408616094,11,NetBanking,Desktop,Chennai,1,45,989,0
17878.705654540576,10,UPI,Android,Mumbai,5,38,1821,0
4689.197140188667,19,Card,iPhone,Mumbai,9,7,1486,0
2150.118883764553,18,Card,Desktop,Delhi,2,3,1316,0
605.7322178781009,0,Card,Desktop,Hyderabad,7,43,3363,1
819.9343186071815,2,UPI,Android,Bangalore,2,40,369,0
1276.5063757044115,11,UPI,Android,Delhi,9,32,1288,1
1444.8589278068491,8,Card,Desktop,Delhi,3,36,1296,0
9506.177471315552,20,Wallet,iPhone,Mumbai,6,42,2117,1
4118.817425583973,21,Wallet,Android,Mumbai,0,41,2192,0
3705.2932239272172,4,NetBanking,Desktop,Hyderabad,0,45,2104,0
609.5325317064895,0,UPI,Desktop,Hyderabad,8,19,1577,0
9835.555820775437,9,NetBanking,Android,Mumbai,5,31,3149,0
6415.338059369304,16,NetBanking,iPhone,Chennai,4,30,520,0
350.33346359758156,3,Card,iPhone,Hyderabad,1,47,1334,0
6152.184503012271,14,Wallet,iPhone,Delhi,1,37,2138,0
3921.2515030869195,18,NetBanking,Android,Mumbai,6,25,2424,0
426.29372734834135,7,Card,Android,Bangalore,5,13,2825,0
3065.2206030335124,22,UPI,Android,Bangalore,7,12,3046,0
3314.994092074675,14,NetBanking,iPhone,Chennai,2,9,3266,0
906.2578881090823,6,Wallet,iPhone,Mumbai,2,40,1607,0
14565.98463699748,14,UPI,Android,Delhi,4,9,1822,0
9484.779041173424,7,Card,Android,Chennai,9,45,2385,1
5528.52195130109,22,UPI,Android,Delhi,3,27,2554,0
3102.2311983444283,9,NetBanking,iPhone,Bangalore,7,41,2156,1
2653.1483587842204,17,UPI,Desktop,Delhi,5,31,2655,0
5263.036671570292,3,UPI,Desktop,Bangalore,7,6,511,0
3942.037371518962,14,UPI,iPhone,Hyderabad,6,29,2369,0
321.48265013563275,10,Wallet,Android,Bangalore,1,30,1500,0
3592.352109670177,21,NetBanking,Android,Bangalore,8,38,2334,1
8209.898941840662,2,Card,Android,Chennai,5,11,2863,0
3073.8974756611506,14,Wallet,Android,Chennai,5,42,3423,0
266.7748675422467,2,NetBanking,iPhone,Mumbai,1,46,856,0
7715.400534056185,14,Card,Desktop,Mumbai,8,6,1951,0
1124.2486684293701,5,Card,Desktop,Bangalore,0,39,3317,0
1496.2154537418512,0,Card,iPhone,Hyderabad,5,41,587,0
899.8597170870082,13,NetBanking,Android,Mumbai,7,31,362,1
2003.993052358571,15,Card,Desktop,Bangalore,1,35,1360,0
7068.3587390825805,0,Card,iPhone,Chennai,2,12,1673,0
3663.4526676202145,20,Wallet,Android,Mumbai,9,48,2270,1
1146.3191739354422,16,Card,Desktop,Mumbai,9,45,716,1
10511.712006327438,7,UPI,iPhone,Bangalore,6,6,2486,0
10583.925255399172,17,Wallet,Desktop,Bangalore,0,45,1007,0
10223.400900512182,15,Wallet,Desktop,Delhi,4,26,573,0
1364.270832034604,5,NetBanking,iPhone,Delhi,5,37,2496,0
3000.464482161465,9,Card,iPhone,Hyderabad,9,32,1889,1
20995.078624649756,9,UPI,Desktop,Mumbai,6,4,3334,1
7392.321860913893,4,UPI,Desktop,Delhi,9,40,301,1
137.71639318440762,11,Card,iPhone,Bangalore,9,3,3649,0
337.13793909555255,19,Card,Android,Mumbai,6,2,973,0
3117.4654888553146,16,NetBanking,Android,Delhi,2,20,2597,0
11996.592748268404,13,UPI,Android,Hyderabad,6,19,995,0
3868.5529300196026,13,Wallet,Android,Hyderabad,0,39,1004,0
3443.9086952444604,2,NetBanking,iPhone,Hyderabad,3,12,1882,0
557.3048725830221,11,NetBanking,Android,Hyderabad,6,36,3306,1
5346.919715654812,19,Wallet,Desktop,Bangalore,6,42,3273,1
8632.757253150998,17,NetBanking,Android,Hyderabad,3,28,3473,0
2393.567309835921,11,Card,iPhone,Chennai,0,9,614,0
7471.889591691858,1,Wallet,Android,Hyderabad,7,44,1134,1
16687.82581026049,1,Wallet,Android,Delhi,3,11,2610,0
1139.3137155670654,16,UPI,iPhone,Mumbai,1,30,508,0
3704.6503885106786,9,Wallet,Android,Delhi,3,2,891,0
1692.3368344452695,17,NetBanking,iPhone,Mumbai,7,38,2887,1
7871.66721608737,21,UPI,Android,Bangalore,7,38,2025,1
4308.934204698225,18,NetBanking,iPhone,Mumbai,4,33,2847,0
5033.57258916638,20,Card,Android,Chennai,1,7,1696,0
7995.313597255331,0,Card,Desktop,Hyderabad,6,44,883,1
2520.660979608902,23,UPI,Desktop,Delhi,2,21,816,0
12330.821063064828,3,UPI,iPhone,Mumbai,5,12,3283,0
3807.439187276906,3,NetBanking,iPhone,Delhi,8,21,499,0
859.6080579465919,1,Card,iPhone,Hyderabad,4,23,1681,0
5951.97892248194,18,UPI,Desktop,Bangalore,8,6,3261,0
7881.499229619774,20,Card,iPhone,Hyderabad,3,14,3257,0
1904.5577239785516,11,Card,Android,Bangalore,8,32,1337,1
9730.824902566812,9,Card,iPhone,Delhi,0,49,454,0
11829.928230155832,12,NetBanking,iPhone,Bangalore,3,49,985,0
1621.069797852322,21,NetBanking,Android,Bangalore,0,45,249,0
20528.485611408694,22,Card,Android,Bangalore,8,13,1697,1
758.2529519025276,19,Card,Desktop,Bangalore,7,27,659,0
1128.331581573379,22,Card,Android,Bangalore,7,11,2831,0
1018.0825013378586,14,Wallet,Android,Mumbai,6,32,675,1
11221.095570920663,2,Wallet,iPhone,Bangalore,8,3,689,0
5310.811942673517,22,NetBanking,Desktop,Bangalore,2,49,2278,0
824.9881312515189,19,Card,Android,Hyderabad,6,2,1700,0
2901.9809744493596,12,Wallet,Desktop,Hyderabad,5,30,224,0
4776.431677739809,7,UPI,Android,Hyderabad,4,2,1760,0
435.77012666828676,6,UPI,Desktop,Bangalore,8,39,54,1
10703.027201711366,23,Card,Android,Hyderabad,3,29,1060,0
8138.09942226804,7,Wallet,iPhone,Mumbai,2,22,1589,0
3518.0766404091805,17,UPI,Desktop,Delhi,2,25,700,0
17075.45961525044,8,NetBanking,Desktop,Hyderabad,1,42,2530,0
2704.371135146974,5,UPI,Android,Hyderabad,0,46,586,0
20710.42688225587,3,NetBanking,Desktop,Mumbai,2,19,3372,0
5511.896858173445,14,UPI,Android,Chennai,7,49,289,1
5034.788547467605,4,UPI,Desktop,Chennai,5,16,1452,0
907.3389785331739,4,Wallet,Desktop,Mumbai,1,17,311,0
10682.293120440278,6,UPI,iPhone,Hyderabad,7,27,2506,0
2788.622656751126,8,UPI,iPhone,Delhi,4,43,1580,0
885.0787224134219,6,NetBanking,Desktop,Hyderabad,3,19,2099,0
63.43834561467812,8,NetBanking,iPhone,Mumbai,0,43,1533,0
4102.127208569378,19,UPI,Desktop,Mumbai,0,42,1123,0
3747.5255732925157,9,Card,Android,Bangalore,3,30,342,0
6353.29922373547,3,UPI,Desktop,Mumbai,8,14,563,0
11048.118028677141,5,UPI,Desktop,Bangalore,9,46,983,1
413.68400090274747,23,Wallet,iPhone,Mumbai,9,42,1409,1
6574.456468802963,13,UPI,iPhone,Bangalore,5,32,457,0
1037.6549707763459,8,UPI,Android,Bangalore,0,23,1328,0
9765.879262842791,0,NetBanking,Android,Hyderabad,7,36,1919,1
8548.046073055022,16,NetBanking,Android,Bangalore,8,10,1650,0
3891.2791714955024,12,NetBanking,Desktop,Chennai,1,38,2799,0
6193.559716560313,23,NetBanking,Android,Mumbai,5,29,2900,0
1886.9407530569824,6,UPI,Android,Delhi,6,11,1711,0
3185.421433947308,8,Card,iPhone,Mumbai,0,38,1583,0
8619.669529794814,10,Wallet,iPhone,Hyderabad,4,15,2314,0
3074.1315921204127,2,Wallet,Android,Hyderabad,4,32,2074,0
2214.263980932781,11,Card,Android,Bangalore,2,27,1074,0
3408.192770424321,20,Card,Desktop,Hyderabad,1,38,943,0
8808.55497633712,2,Wallet,Desktop,Hyderabad,0,1,2689,0
2041.4057023216683,14,UPI,iPhone,Mumbai,5,41,365,0
954.359594706478,20,Wallet,Android,Chennai,6,14,1855,0
6224.217408676418,9,Card,Android,Chennai,1,3,1169,0
8742.87386642449,0,UPI,Android,Bangalore,1,30,145,0
530.345380490442,13,Wallet,Android,Hyderabad,4,31,2215,0
1371.3560915406763,19,UPI,Android,Hyderabad,4,1,1067,0
765.5926703041757,5,UPI,Desktop,Chennai,2,46,972,0
2138.104307780281,1,Card,Desktop,Bangalore,2,14,1577,0
2992.3767396010608,22,NetBanking,Android,Hyderabad,0,36,3087,0
6908.053472419113,7,Wallet,Desktop,Bangalore,2,46,129,0
5265.5316276775075,0,Card,Desktop,Mumbai,8,36,58,1
4850.153076744655,3,Wallet,Android,Hyderabad,1,43,54,0
2172.216857034855,3,NetBanking,Desktop,Hyderabad,0,41,1248,0
9208.349225171542,4,NetBanking,Android,Hyderabad,8,43,133,1
3186.5492202196306,19,NetBanking,Desktop,Chennai,4,15,3646,0
19341.212082974456,8,NetBanking,Android,Chennai,7,38,1267,1
5027.551885048863,22,Wallet,Android,Hyderabad,3,25,210,0
674.8892859051263,12,UPI,Desktop,Hyderabad,7,44,242,1
5637.7997225537765,17,UPI,Desktop,Mumbai,4,45,2431,0
1965.983484598051,16,NetBanking,iPhone,Mumbai,5,14,3282,0
5797.024320124432,0,NetBanking,Android,Bangalore,5,24,2263,0
360.9245253477216,21,UPI,Android,Bangalore,5,43,3316,0
961.1409522956076,14,Card,Android,Chennai,1,2,1095,0
9680.595255090651,1,NetBanking,Android,Delhi,9,34,814,1
1288.5427165339245,15,UPI,Desktop,Mumbai,9,49,3162,1
9071.28706056416,19,Card,Desktop,Bangalore,8,23,3521,0
1637.4956968937365,21,UPI,iPhone,Mumbai,6,8,3228,0
5148.443838751175,4,Card,Android,Mumbai,2,5,3450,0
5923.311842148193,21,Wallet,iPhone,Delhi,1,29,2132,0
3593.9124064427474,18,Card,iPhone,Mumbai,3,43,1449,0
1821.4527509449106,4,NetBanking,iPhone,Delhi,7,33,2032,1
1195.3763008234291,1,Card,iPhone,Delhi,8,20,2711,0
168.7630960528036,6,Card,iPhone,Mumbai,9,16,1696,0
1811.6430595060465,2,NetBanking,Desktop,Mumbai,1,37,3002,0
5294.4987304611,16,Wallet,Desktop,Bangalore,5,48,1510,0
13927.747229546869,23,Card,iPhone,Mumbai,7,37,1959,1
10247.646330481997,23,Wallet,Desktop,Mumbai,2,42,2130,0
7263.55512373689,2,UPI,Desktop,Mumbai,8,41,2849,1
7766.406717068507,12,UPI,iPhone,Bangalore,3,24,3258,0
5467.898419608366,6,NetBanking,Desktop,Delhi,4,29,2137,0
1507.464066486351,23,Wallet,Desktop,Bangalore,6,35,2208,1
11886.275460975452,2,NetBanking,Android,Mumbai,4,9,3056,0
5554.421087100344,14,NetBanking,iPhone,Hyderabad,3,22,2418,0
4109.912439431902,17,Card,Android,Mumbai,3,20,2610,0
588.2309894213233,9,UPI,Android,Bangalore,4,40,179,0
2962.4886169196857,22,NetBanking,iPhone,Bangalore,2,4,2780,0
3084.249124014978,6,Card,Android,Chennai,8,43,1229,1
9996.265959284821,8,Card,Android,Hyderabad,1,36,1555,0
3955.4344949288216,4,Wallet,Desktop,Bangalore,6,12,2563,0
2393.4102822378923,19,UPI,Android,Delhi,3,23,116,0
18818.085801761696,7,Wallet,iPhone,Mumbai,7,39,3419,1
586.7189981337925,13,Wallet,Desktop,Delhi,6,8,2449,0
2745.653493256675,3,NetBanking,Desktop,Bangalore,7,10,299,0
214.66629153440707,19,Wallet,Desktop,Bangalore,3,23,669,0
6733.524748315729,13,NetBanking,iPhone,Delhi,1,29,1777,0
12509.85015581939,11,Wallet,iPhone,Delhi,6,45,510,1
1642.7795745700969,1,Card,iPhone,Chennai,8,32,3180,1
9771.686477564148,12,UPI,Android,Mumbai,5,14,2100,0
1728.0973395914966,0,UPI,Android,Delhi,6,16,1008,0
12082.698923069855,19,UPI,Desktop,Mumbai,5,39,1377,0
7011.3444580608475,6,Card,Desktop,Hyderabad,1,48,540,0
8171.388835882193,8,Card,iPhone,Bangalore,8,17,212,0
90.85323207082232,16,Wallet,iPhone,Delhi,4,20,1133,0
16458.624862181987,20,Wallet,Android,Hyderabad,2,12,2000,0
6485.395260823416,22,Wallet,Android,Bangalore,3,9,2818,0
1817.4268069886148,12,Wallet,iPhone,Chennai,3,8,1394,0
8842.011858024538,22,UPI,iPhone,Bangalore,8,41,2780,1
1653.0953880365955,9,Wallet,Android,Delhi,4,37,2577,0
10308.158987072082,15,Card,Desktop,Hyderabad,1,21,1264,0
597.1867124054711,5,Card,Desktop,Hyderabad,5,42,2772,0
6081.677500220933,15,Card,Android,Hyderabad,6,32,3474,1
3890.2418548362766,10,NetBanking,Android,Bangalore,7,37,1013,1
507.5866076325476,19,NetBanking,Desktop,Mumbai,4,46,1820,0
1384.6591744415068,2,NetBanking,Android,Mumbai,7,18,796,0
62.4080423751401,8,Wallet,Desktop,Bangalore,7,29,1204,0
3162.78188330141,14,UPI,Desktop,Delhi,3,7,3344,0
1792.4204741859724,12,UPI,Android,Bangalore,6,40,929,1
4560.96425207786,9,Wallet,iPhone,Mumbai,8,37,85,1
1763.6835997261835,19,Wallet,iPhone,Bangalore,9,6,1797,0
1782.7969781233705,23,NetBanking,iPhone,Hyderabad,3,20,3567,0
6797.156114135131,12,Card,iPhone,Delhi,8,9,3373,0
246.7014661997768,16,Card,iPhone,Delhi,3,9,421,0
11659.811810955893,6,NetBanking,iPhone,Chennai,0,8,2258,0
9561.637658070382,5,NetBanking,iPhone,Bangalore,3,17,3380,0
5510.160897567061,12,UPI,Android,Hyderabad,1,24,1984,0
4497.433200381701,16,NetBanking,Android,Bangalore,5,40,62,0
11142.14445221528,14,Card,iPhone,Chennai,7,23,5,0
1024.8618804199439,3,Card,Android,Chennai,5,33,496,0
411.3088016205121,14,Wallet,Desktop,Bangalore,8,22,3179,0
1368.9627001715946,13,UPI,iPhone,Bangalore,5,47,1547,0
7913.45117931367,20,Wallet,Desktop,Bangalore,6,22,1878,0
176.42771747663252,10,UPI,Android,Mumbai,4,27,1751,0
4371.029696097836,23,Wallet,iPhone,Chennai,7,48,3546,1
26949.440544300418,3,UPI,Desktop,Delhi,1,2,731,0
9679.168719178844,2,NetBanking,Android,Mumbai,1,31,3459,0
3684.927860044089,1,Card,iPhone,Hyderabad,7,13,179,0
328.7811607626576,19,NetBanking,iPhone,Delhi,5,2,1514,0
8900.345771633696,9,UPI,Desktop,Delhi,1,46,1852,0
4568.701287718527,12,UPI,Desktop,Delhi,5,7,3138,0
610.4596365140865,19,Wallet,Desktop,Chennai,7,11,1721,0
492.79231537230754,20,UPI,Android,Hyderabad,5,47,529,0
12019.038653921694,22,NetBanking,Desktop,Mumbai,8,26,1411,0
5531.210553440255,17,UPI,Desktop,Hyderabad,5,49,2435,0
8838.851597612023,20,UPI,Desktop,Mumbai,2,21,2600,0
10558.951853774708,15,Wallet,iPhone,Chennai,8,49,336,1
4240.501685324601,10,UPI,Desktop,Hyderabad,9,15,2636,0
3643.3158815578936,9,Wallet,Desktop,Delhi,4,16,758,0
2814.3452104728717,8,Card,Android,Hyderabad,5,9,1075,0
1905.9111005669158,11,Wallet,Android,Chennai,3,21,641,0
2851.073449415669,18,UPI,Desktop,Chennai,2,41,2355,0
7433.43962333363,0,Card,Android,Chennai,9,6,3332,0
4605.554539085551,17,UPI,Android,Mumbai,4,1,721,0
11152.40552814668,13,Wallet,Android,Hyderabad,2,31,211,0
2929.36261960972,21,NetBanking,iPhone,Delhi,1,5,1668,0
4670.868143826444,20,Card,Desktop,Delhi,5,37,1455,0
4988.962298454632,0,NetBanking,Desktop,Bangalore,7,26,935,0
4478.7306532975645,16,NetBanking,Desktop,Chennai,2,1,49,0
6063.954062764889,10,Card,Android,Delhi,5,1,441,0
1355.3275985830637,19,NetBanking,Android,Chennai,8,29,2294,0
3590.9279845120695,14,NetBanking,Android,Delhi,0,22,2025,0
550.3289673916541,3,NetBanking,iPhone,Hyderabad,2,38,551,0
2426.693687495298,14,NetBanking,Android,Bangalore,1,41,452,0
3343.903043343766,21,Card,iPhone,Chennai,7,19,3217,0
5280.9871545964415,21,UPI,Desktop,Mumbai,8,28,655,0
15032.050656159714,13,NetBanking,Android,Mumbai,9,5,247,0
4589.598621665501,21,Card,iPhone,Delhi,5,21,2409,0
6804.96413178296,0,Card,iPhone,Hyderabad,2,49,668,0
3528.7924442783865,8,Card,Android,Chennai,9,22,2064,0
5027.031123587008,6,Card,iPhone,Bangalore,7,20,2438,0
367.8678924806502,22,Wallet,Android,Hyderabad,9,12,2396,0
1467.7736194256954,10,UPI,iPhone,Delhi,6,6,2976,0
2245.9338035474525,22,UPI,Desktop,Hyderabad,1,29,2001,0
3197.9690828360435,1,NetBanking,Desktop,Bangalore,6,45,281,1
233.61742001170603,1,Card,Desktop,Hyderabad,0,40,3623,0
754.254552689986,5,Wallet,Android,Chennai,7,35,145,1
1620.446270516706,22,Card,Desktop,Delhi,4,11,2094,0
17794.994496157953,18,NetBanking,Desktop,Bangalore,8,33,2511,1
2012.45024322056,19,UPI,Desktop,Delhi,2,25,821,0
3289.296513143755,13,NetBanking,Android,Chennai,6,14,1394,0
1091.3877522282148,2,NetBanking,iPhone,Bangalore,7,29,3379,0
4718.05362569958,6,NetBanking,Android,Bangalore,0,13,3474,0
1647.2671395570603,6,NetBanking,Android,Delhi,5,15,2542,0
1159.6134927462508,3,NetBanking,Desktop,Hyderabad,1,8,1556,0
3634.270946622103,22,NetBanking,iPhone,Hyderabad,7,47,3415,1
27.605059686548863,4,NetBanking,Desktop,Mumbai,5,45,2181,0
38.46776135200151,16,UPI,Desktop,Mumbai,2,33,3584,0
1236.341184337153,3,UPI,Android,Bangalore,3,11,3390,0
187.06282919097913,22,Card,Android,Delhi,6,15,1895,0
571.5900958138311,12,Card,Android,Bangalore,8,21,268,0
2068.953217025154,15,Wallet,Desktop,Delhi,9,36,2641,1
8112.253047128231,15,Wallet,iPhone,Chennai,1,6,2718,0
4243.728712956564,1,UPI,iPhone,Mumbai,8,25,3027,0
3594.045504940313,17,UPI,Desktop,Bangalore,5,44,2272,0
1737.081285183237,0,Wallet,iPhone,Chennai,1,1,912,0
13423.16171793108,17,UPI,Desktop,Hyderabad,7,42,2,1
2529.3151328733416,7,Wallet,iPhone,Mumbai,3,33,972,0
455.60505058287794,10,Card,Desktop,Delhi,7,39,2685,1
4799.46988104977,23,UPI,iPhone,Hyderabad,6,32,3313,1
604.2797243533146,23,UPI,Android,Hyderabad,6,2,117,0
2117.303887116328,14,Wallet,Android,Chennai,6,25,1923,0
3540.4101485987303,15,NetBanking,Android,Bangalore,1,40,3621,0
10366.205011494583,16,NetBanking,Android,Bangalore,7,33,437,1
3401.614623279765,16,Card,Desktop,Chennai,1,38,2359,0
6057.652560462551,11,UPI,iPhone,Hyderabad,2,11,3288,0
24680.078709890553,9,UPI,Desktop,Mumbai,9,19,1585,1
704.8758295799078,19,Wallet,Android,Hyderabad,6,25,3061,0
1606.0669152345083,5,NetBanking,iPhone,Chennai,6,28,217,0
2509.1318241823747,7,NetBanking,Desktop,Hyderabad,6,10,571,0
2739.42092760732,12,Card,Android,Hyderabad,3,31,1596,0
2646.824387031414,1,NetBanking,iPhone,Hyderabad,4,16,2393,0
11908.736913559573,18,NetBanking,iPhone,Hyderabad,6,48,2126,1
6259.388080847127,21,NetBanking,Android,Mumbai,7,42,3191,1
4681.258338158763,9,Wallet,Android,Delhi,2,18,3502,0
1850.7749491469945,3,NetBanking,iPhone,Delhi,5,22,1343,0
8680.404969388557,11,Card,Android,Bangalore,8,35,1663,1
15512.19196899078,17,NetBanking,Desktop,Delhi,9,12,3279,0
8607.389054325331,6,Card,Android,Delhi,4,42,1346,0
7.831656240208741,19,Wallet,Android,Delhi,3,28,2645,0
5058.523425335606,23,Wallet,Android,Hyderabad,8,48,3076,1
262.4457374752228,23,Card,iPhone,Hyderabad,3,9,669,0
1489.3841161123783,22,Wallet,iPhone,Mumbai,2,30,3249,0
306.84946790983156,3,UPI,Android,Hyderabad,6,18,3421,0
4629.123340643961,6,UPI,iPhone,Hyderabad,4,45,1815,0
5801.213827223803,9,UPI,Android,Delhi,0,24,2947,0
607.9443072840651,14,UPI,Desktop,Mumbai,7,46,2358,1
2421.2339807468024,11,UPI,iPhone,Mumbai,0,19,1788,0
3046.2044288539464,0,Wallet,Android,Delhi,8,14,1941,0
2302.667240593697,19,Card,iPhone,Delhi,0,2,3152,0
644.9941183205865,17,Wallet,Desktop,Mumbai,3,11,44,0
2714.573320919404,15,NetBanking,Desktop,Chennai,9,26,2964,0
6955.088448640369,4,UPI,Android,Delhi,3,8,3555,0
368.27395253618056,18,UPI,iPhone,Delhi,8,3,1977,0
417.88647782379894,3,Wallet,Desktop,Mumbai,0,15,453,0
2190.7521936821518,5,NetBanking,iPhone,Chennai,9,45,1008,1
14212.971527639203,16,Wallet,Android,Chennai,8,40,730,1
5521.733194204588,6,Card,Desktop,Bangalore,3,13,1223,0
5676.432558498414,23,UPI,Desktop,Chennai,6,16,1716,0
2246.457986449028,22,Wallet,iPhone,Delhi,8,22,3280,0
4502.83489286723,6,Card,Desktop,Hyderabad,6,33,194,1
50.91426876271543,8,UPI,Android,Mumbai,1,2,1036,0
5054.326549630213,12,UPI,Android,Delhi,5,45,3002,0
12225.754297699063,19,UPI,Desktop,Mumbai,5,29,2765,0
4741.145219464216,13,NetBanking,Android,Chennai,2,46,3461,0
10345.420566187717,15,Wallet,Desktop,Mumbai,3,34,1150,0
6436.2839645358035,22,UPI,Desktop,Delhi,5,16,2396,0
642.3406851299852,8,UPI,Desktop,Hyderabad,5,14,3144,0
11637.120579908871,14,Card,Desktop,Delhi,0,39,440,0
343.77080895068553,4,Wallet,iPhone,Bangalore,9,46,732,1
3817.4992294642348,17,Card,Desktop,Mumbai,7,49,302,1
766.5550510375781,20,Wallet,Android,Delhi,8,5,2397,0
58.878363072410124,19,UPI,iPhone,Chennai,1,43,121,0
2741.2034282186883,7,NetBanking,Android,Chennai,3,18,786,0
1748.0760959518882,14,Card,Desktop,Delhi,5,48,2036,0
3327.664871115796,20,NetBanking,Android,Bangalore,1,26,1324,0
4304.2787854620365,8,NetBanking,iPhone,Mumbai,6,10,2603,0
223.6223312795628,18,NetBanking,Android,Bangalore,5,6,208,0
656.2602194234074,21,Wallet,iPhone,Hyderabad,7,14,2522,0
4089.4991986412333,5,Wallet,Desktop,Delhi,6,2,214,0
2101.6300809552895,3,NetBanking,Desktop,Bangalore,9,27,1359,0
6531.384192807292,10,UPI,Android,Hyderabad,0,9,2125,0
5281.956106258551,9,UPI,Android,Bangalore,9,13,1174,0
9341.18449748684,2,NetBanking,Desktop,Hyderabad,9,21,2300,0
5896.284320513488,0,Card,Desktop,Chennai,4,44,2620,0
2809.990043020031,11,Card,Android,Chennai,5,2,213,0
5588.465205528075,22,Wallet,Desktop,Delhi,6,3,3647,0
1610.5475999006462,14,Card,iPhone,Bangalore,3,13,498,0
1828.6757394049723,14,UPI,iPhone,Chennai,8,21,1816,0
7779.134079251587,20,NetBanking,Android,Mumbai,0,33,705,0
2956.7406445783763,13,Card,Android,Chennai,2,20,29,0
8006.861151346732,6,NetBanking,Desktop,Chennai,9,36,2945,1
8641.737171109364,16,Card,Desktop,Bangalore,1,18,3585,0
9744.254161289728,23,Wallet,iPhone,Hyderabad,1,25,2121,0
12422.647754965885,18,UPI,Android,Mumbai,0,45,789,0
2819.244353499046,6,Wallet,Android,Mumbai,2,38,2254,0
1919.987120715736,2,NetBanking,Android,Hyderabad,9,25,2043,0
4363.747149250416,2,UPI,Android,Bangalore,4,38,2100,0
2319.49091486295,17,UPI,iPhone,Chennai,5,15,1003,0
4594.898805376317,19,Wallet,iPhone,Hyderabad,7,17,2370,0
6113.839361847306,21,Card,Android,Mumbai,3,46,2675,0
5830.255353370436,13,Wallet,iPhone,Mumbai,0,36,1250,0
2346.4425212038996,2,NetBanking,Android,Chennai,8,29,1624,0
912.769129024082,6,Card,iPhone,Chennai,2,33,3134,0
2815.2400679893053,6,Wallet,Desktop,Delhi,7,32,2067,1
769.2194749305025,4,Wallet,iPhone,Hyderabad,3,8,1794,0
11040.787202685333,2,Card,Android,Chennai,2,43,311,0
2122.3028808697004,17,Card,Desktop,Delhi,2,13,2639,0
838.8975176259995,14,Card,Android,Bangalore,3,17,3513,0
128.8857719833833,19,Wallet,Desktop,Mumbai,3,21,2571,0
5189.783790103036,13,Card,Desktop,Hyderabad,6,14,2704,0
5065.4169149841,3,Card,iPhone,Bangalore,1,25,85,0
2082.156335553708,23,Card,iPhone,Hyderabad,7,49,3006,1
372.0656488813726,7,UPI,Desktop,Hyderabad,1,24,1563,0
2635.019740558731,20,NetBanking,Desktop,Chennai,0,33,2051,0
1864.1486276414166,12,Card,Desktop,Delhi,7,8,771,0
5652.382615793507,21,NetBanking,Android,Hyderabad,3,28,1267,0
4654.221230029178,7,Card,iPhone,Bangalore,5,19,405,0
2267.453432794459,14,Card,Android,Hyderabad,0,11,3115,0
1228.8157461212413,16,UPI,iPhone,Delhi,2,10,233,0
22129.251546822652,4,UPI,Android,Mumbai,6,1,508,1
3025.6963623264687,19,Card,iPhone,Hyderabad,6,5,1829,0
5828.157192596624,3,Card,Desktop,Bangalore,7,16,1374,0
757.3304104734127,10,Card,Desktop,Mumbai,1,20,1464,0
3323.670411344603,17,NetBanking,iPhone,Mumbai,6,20,1575,0
139.61481211462657,9,Card,Desktop,Chennai,3,28,916,0
3520.58684735351,16,NetBanking,Desktop,Chennai,5,5,1857,0
16623.599942560744,14,UPI,Android,Hyderabad,3,48,3235,0
2424.2197239737097,5,NetBanking,iPhone,Bangalore,8,3,1323,0
198.8836038739157,22,Card,Desktop,Chennai,0,30,3034,0
157.22522362918266,20,UPI,iPhone,Delhi,0,23,21,0
2455.006813150407,15,Wallet,Android,Delhi,4,34,1034,0
871.9153692556544,14,UPI,iPhone,Mumbai,4,49,2093,0
118.14538540600282,7,Wallet,Android,Mumbai,7,28,2653,0
7057.314520714553,8,NetBanking,Android,Mumbai,6,1,3075,0
3067.2735222690767,10,UPI,Android,Delhi,2,48,2091,0
1707.135864146678,1,UPI,Desktop,Chennai,7,27,3252,0
11517.086346607717,12,UPI,Android,Chennai,3,34,297,0
617.2771174893265,3,NetBanking,iPhone,Hyderabad,2,31,2425,0
15608.612740704872,8,Card,iPhone,Bangalore,1,32,1131,0
1884.1456774526314,4,NetBanking,Desktop,Delhi,8,7,2985,0
10964.33567784054,18,UPI,Desktop,Mumbai,6,43,717,1
4618.375603423861,21,Card,Android,Bangalore,4,38,3502,0
8763.86775688192,2,UPI,Android,Mumbai,8,34,636,1
20679.947980001412,20,UPI,Android,Bangalore,2,46,3185,1
1701.2348244930583,2,Wallet,Desktop,Bangalore,5,4,2425,0
16238.368329798273,5,UPI,Desktop,Chennai,7,19,47,0
2467.2366484581094,9,NetBanking,iPhone,Hyderabad,8,22,1308,0
2434.828616049801,4,NetBanking,Android,Hyderabad,3,29,331,0
2080.510688152398,2,NetBanking,Android,Mumbai,0,34,236,0
3897.9674844694014,21,Card,iPhone,Delhi,7,34,862,1
837.036899559433,23,Wallet,iPhone,Hyderabad,9,45,2333,1
4033.948211457837,6,Wallet,iPhone,Delhi,2,45,2802,0
3901.2089404475637,21,UPI,iPhone,Mumbai,5,3,3512,0
7175.360691532479,17,UPI,Android,Delhi,3,21,3321,0
8968.305238542267,22,Wallet,Desktop,Bangalore,5,38,716,0
2903.0346577253276,7,Card,Android,Bangalore,2,21,2760,0
1800.0686241447333,0,NetBanking,iPhone,Mumbai,6,17,1081,0
1501.0335452106865,3,UPI,Desktop,Delhi,1,29,2485,0
1082.2291355506095,23,Wallet,Android,Delhi,4,33,1098,0
296.879789041904,6,Card,iPhone,Mumbai,2,39,2044,0
2096.156992084949,13,NetBanking,Desktop,Hyderabad,4,26,2167,0
1575.250533525845,12,UPI,Desktop,Chennai,2,7,571,0
16968.733912148306,9,NetBanking,Desktop,Hyderabad,8,45,1315,1
4078.934248270577,22,NetBanking,Android,Chennai,7,9,948,0
2133.0124775855043,17,Wallet,iPhone,Delhi,1,18,1357,0
4343.072618112863,0,Wallet,Android,Chennai,7,1,58,0
749.4462875107239,3,NetBanking,Android,Chennai,7,11,500,0
2935.328367214515,15,NetBanking,Android,Delhi,9,22,731,0
4920.631028910057,15,UPI,Desktop,Bangalore,2,32,1282,0
3355.9288548973755,17,Card,iPhone,Chennai,9,43,2844,1
2568.97347427876,7,Card,Android,Mumbai,4,10,482,0
25455.206319712303,9,NetBanking,iPhone,Hyderabad,1,49,1493,1
10614.450001233983,15,Wallet,Desktop,Delhi,9,27,326,0
4882.9374190340395,22,Card,Android,Delhi,5,49,3135,0
4212.615601905684,23,NetBanking,iPhone,Chennai,1,12,3252,0
4846.618216599772,10,Wallet,Desktop,Bangalore,3,30,1852,0
1123.9251629289254,5,UPI,Android,Bangalore,2,10,231,0
2513.772608450984,0,Card,Android,Hyderabad,0,12,3236,0
201.29583182880106,11,UPI,iPhone,Hyderabad,7,38,1384,1
3226.988145217898,5,Wallet,iPhone,Bangalore,7,21,3282,0
3915.6284187648725,12,NetBanking,Android,Bangalore,0,27,3518,0
1292.2330272947286,16,UPI,Android,Bangalore,5,6,555,0
16625.189859498885,0,NetBanking,Desktop,Chennai,0,38,2471,0
12009.520086993216,7,Card,Desktop,Mumbai,8,8,3205,0
6403.247667618975,21,UPI,Android,Hyderabad,0,37,2778,0
3811.2713153296622,7,Card,iPhone,Delhi,2,6,203,0
10199.918115913102,23,Card,iPhone,Bangalore,8,34,690,1
700.0608453811546,10,Card,Android,Bangalore,0,49,784,0
7815.391457141174,13,Card,Desktop,Mumbai,1,40,3539,0
666.6331477601192,23,Card,Android,Bangalore,3,22,1588,0
7904.511335870843,9,Wallet,iPhone,Hyderabad,6,29,453,0
1613.2144989567132,14,UPI,Android,Bangalore,7,9,1607,0
10481.538129752245,6,NetBanking,Android,Mumbai,0,21,3075,0
14415.777731750819,6,NetBanking,Desktop,Chennai,0,32,1113,0
805.5171260730478,9,Wallet,iPhone,Hyderabad,4,8,1075,0
3105.766397295583,3,NetBanking,iPhone,Chennai,7,43,3525,1
19813.261065714854,17,NetBanking,Android,Delhi,0,10,672,0
3302.5039624369056,9,NetBanking,iPhone,Mumbai,2,49,3069,0
9958.894376326063,18,UPI,iPhone,Delhi,5,23,480,0
4442.54523462125,13,NetBanking,iPhone,Delhi,0,20,3205,0
2352.658106401821,12,UPI,iPhone,Delhi,2,13,3319,0
1682.8460953003796,14,NetBanking,Desktop,Delhi,0,22,2934,0
1135.902764541932,15,NetBanking,Desktop,Mumbai,3,41,2444,0
7173.185146084777,1,UPI,Desktop,Chennai,8,15,159,0
2443.2052140118794,3,Wallet,Desktop,Bangalore,4,31,2513,0
3579.781328070311,20,NetBanking,Desktop,Delhi,2,45,1174,0
3389.573727044545,17,Card,iPhone,Bangalore,9,32,2619,1
4305.21480586775,16,Card,Android,Bangalore,6,45,3062,1
10033.824089565735,9,Wallet,Android,Delhi,5,13,3380,0
19748.453956678415,20,Card,Desktop,Hyderabad,8,25,559,0
2617.7327012433343,8,UPI,iPhone,Bangalore,3,21,1522,0
8787.338709486767,14,NetBanking,Desktop,Hyderabad,3,4,1897,0
7230.8119825129315,11,NetBanking,Android,Chennai,8,42,3030,1
4261.053979223314,20,NetBanking,iPhone,Bangalore,1,15,3069,0
15623.188325989675,8,NetBanking,iPhone,Mumbai,9,21,3377,0
1118.6843585222507,13,Card,iPhone,Chennai,1,42,1336,0
578.5371390988225,12,Card,Android,Chennai,8,8,2010,0
9619.440954463931,5,Card,Android,Hyderabad,6,31,2591,1
2891.5073097373825,18,UPI,Desktop,Delhi,4,10,2295,0
9385.569055162965,3,Card,Desktop,Mumbai,4,21,2747,0
11178.849196435585,19,Card,Android,Mumbai,8,17,3307,0
322.466443437917,16,NetBanking,Desktop,Hyderabad,9,5,1862,0
10747.807940351615,18,Card,Android,Hyderabad,4,13,1356,0
2973.9269933421238,2,Wallet,iPhone,Chennai,8,21,1195,0
3571.164541230529,13,Wallet,Desktop,Hyderabad,7,44,1499,1
4925.424960426511,16,NetBanking,Android,Delhi,5,12,2641,0
13044.369797823878,12,Card,Android,Chennai,4,25,2890,0
96.50584682792922,8,Wallet,Android,Chennai,4,28,1389,0
3239.3728196891166,0,Wallet,Desktop,Chennai,4,2,1029,0
5819.307990668292,16,UPI,Desktop,Mumbai,0,21,516,0
6413.4020877255225,15,NetBanking,iPhone,Mumbai,4,41,487,0
5896.928328555539,17,Wallet,Desktop,Chennai,2,22,2703,0
721.8647779765466,1,Wallet,Desktop,Delhi,5,2,898,0
1779.0593565488703,13,NetBanking,Desktop,Bangalore,8,30,1457,0
2221.4106120466736,21,Card,iPhone,Chennai,2,1,312,0
8159.368813932607,22,NetBanking,iPhone,Hyderabad,0,46,3573,0
1633.9157458831598,16,UPI,iPhone,Bangalore,7,13,1672,0
1183.0754561812428,2,UPI,Desktop,Mumbai,8,3,1984,0
15785.144344750042,1,UPI,Android,Mumbai,9,20,3327,0
44.513988361426186,7,Wallet,Desktop,Bangalore,3,5,2772,0
30644.114969520433,1,Card,iPhone,Hyderabad,9,2,1304,1
5647.749272183766,1,UPI,Desktop,Mumbai,4,26,763,0
8814.96508219185,8,NetBanking,Desktop,Mumbai,2,29,3043,0
1745.0887925246032,19,UPI,Android,Chennai,7,18,3383,0
72.0936486900576,20,Wallet,Android,Delhi,2,9,694,0
6694.564392173502,5,UPI,Desktop,Hyderabad,3,22,2257,0
8983.194682467003,11,Card,iPhone,Chennai,9,28,1349,0
6744.53301774047,8,UPI,Desktop,Delhi,6,12,1998,0
770.7134085511085,6,Card,Desktop,Mumbai,1,37,2766,0
7000.50461802127,11,Card,Desktop,Delhi,0,18,750,0
7325.016738640083,4,NetBanking,iPhone,Mumbai,3,34,3563,0
5372.631236659406,15,Card,iPhone,Chennai,7,42,159,1
7264.648628462066,4,Wallet,iPhone,Mumbai,0,42,3604,0
9351.463373394025,11,Wallet,iPhone,Delhi,9,3,2509,0
4754.4641215646525,23,Card,iPhone,Chennai,2,46,3072,0
463.8928619745787,19,Card,Desktop,Delhi,3,5,2102,0
3343.519918938111,8,UPI,iPhone,Delhi,3,23,393,0
404.1489828716267,22,UPI,Desktop,Bangalore,2,13,244,0
2617.3851741266762,6,NetBanking,Desktop,Mumbai,2,24,1740,0
2613.7023652531557,18,UPI,Desktop,Mumbai,6,28,744,0
341.4469028677538,19,Wallet,Android,Delhi,7,17,1360,0
2144.8499864969035,22,UPI,iPhone,Mumbai,9,6,1217,0
588.2795243903626,10,NetBanking,iPhone,Hyderabad,3,27,3216,0
8257.4285503774,20,NetBanking,Desktop,Mumbai,7,45,2886,1
14752.649925309994,11,Card,Android,Chennai,7,29,1236,0
375.3231686622788,2,NetBanking,iPhone,Mumbai,5,12,2950,0
15518.281170343429,16,Card,Desktop,Hyderabad,0,35,291,0
3696.7577469438056,6,Wallet,Android,Delhi,6,48,1641,1
1780.2733813930101,21,Wallet,Desktop,Mumbai,6,5,1523,0
399.8831236978604,9,UPI,Android,Chennai,4,2,131,0
3471.982483856968,22,NetBanking,Desktop,Hyderabad,5,11,1301,0
7911.924450988089,14,Wallet,iPhone,Bangalore,8,4,1415,0
6139.389288918249,1,Card,Desktop,Delhi,2,22,3406,0
257.6561474802323,12,NetBanking,Desktop,Delhi,3,1,278,0
378.4791202912624,3,NetBanking,Android,Delhi,8,45,2190,1
2578.1296560804385,17,Card,Android,Hyderabad,9,16,1975,0
1749.848046900245,23,NetBanking,iPhone,Mumbai,1,2,2115,0
1322.3304586627976,22,NetBanking,Desktop,Mumbai,8,41,1413,1
1649.500892277558,0,Wallet,Android,Mumbai,4,27,2931,0
8135.02515578358,1,Card,iPhone,Mumbai,2,12,3131,0
13241.46297271714,1,Wallet,iPhone,Delhi,7,5,1770,0
2596.832420887668,3,Card,Android,Bangalore,8,5,393,0
11828.210341214452,2,UPI,Android,Delhi,0,22,2557,0
1939.3223202862478,16,NetBanking,Desktop,Bangalore,4,13,2224,0
3235.489429947621,13,NetBanking,iPhone,Bangalore,8,16,3174,0
1281.1043548639432,1,Wallet,Android,Mumbai,1,26,2085,0
5114.872309857723,15,NetBanking,iPhone,Chennai,0,9,3396,0
19311.66983988161,10,NetBanking,Desktop,Hyderabad,7,48,2964,1
4625.30912905048,12,Wallet,Android,Chennai,5,32,597,0
2214.3871430334207,0,Wallet,iPhone,Bangalore,1,19,2482,0
5218.028092377419,22,Card,Android,Chennai,2,36,2544,0
655.7892212615534,1,UPI,Desktop,Bangalore,4,28,1560,0
10975.792178331532,1,Wallet,Desktop,Delhi,0,15,892,0
3496.6709110161732,20,Card,Desktop,Delhi,1,9,3054,0
2983.277059530509,4,Wallet,Desktop,Mumbai,0,16,3198,0
4407.813802699802,3,Card,Android,Hyderabad,6,6,2353,0
4901.265265759135,11,UPI,Android,Delhi,6,8,256,0
372.4099362783249,2,Card,iPhone,Hyderabad,9,33,1416,1
5738.2336476219,19,Card,iPhone,Mumbai,4,32,587,0
1384.9088294575524,9,NetBanking,Android,Hyderabad,9,46,3569,1
6257.9893063476675,19,Wallet,Android,Delhi,5,36,2670,0
8644.903569908594,17,Card,iPhone,Delhi,2,42,3529,0
8147.144729977397,20,Wallet,Android,Chennai,1,48,1030,0
4020.404515374513,20,Card,Desktop,Chennai,9,36,1576,1
3671.615900233151,20,NetBanking,Desktop,Chennai,8,34,849,1
770.8631748212546,9,NetBanking,Desktop,Hyderabad,1,2,2998,0
7465.972538187141,0,UPI,iPhone,Delhi,0,13,1389,0
1583.2163455430325,5,Card,Android,Mumbai,8,43,2705,1
3432.7988544986133,10,NetBanking,iPhone,Bangalore,7,10,1331,0
1672.2899833187105,1,Wallet,iPhone,Delhi,7,38,1026,1
718.360974536481,6,Card,Android,Chennai,6,7,3230,0
4965.287867379612,19,Card,iPhone,Chennai,8,47,2976,1
279.31879862958186,20,UPI,Desktop,Hyderabad,2,3,818,0
6904.449639590402,20,Wallet,Android,Chennai,7,27,2276,0
1910.5996627694826,20,UPI,Desktop,Hyderabad,0,14,1223,0
0.6735103820133685,17,Card,Desktop,Mumbai,0,30,1424,0
3578.2845640222263,20,UPI,Android,Chennai,5,34,83,0
239.92496180626088,18,Card,Desktop,Hyderabad,7,23,3023,0
1615.9905495488986,3,Card,Desktop,Chennai,7,48,3511,1
6137.5121279666155,12,UPI,Desktop,Hyderabad,9,17,2489,0
323.70402329413395,17,UPI,Android,Delhi,0,15,3534,0
9142.277821073933,19,Card,Android,Hyderabad,0,45,3117,0
19.136185981980283,23,UPI,Android,Bangalore,8,44,1460,1
1417.2808654574776,12,UPI,iPhone,Mumbai,8,7,2759,0
6752.784231555521,18,Card,Desktop,Delhi,6,3,175,0
1900.9619755987487,16,Wallet,iPhone,Mumbai,0,9,1569,0
537.3269137189676,0,UPI,iPhone,Delhi,9,3,384,0
2233.26333782404,5,UPI,Desktop,Chennai,1,48,408,0
1576.2481924437802,18,NetBanking,Android,Hyderabad,7,35,3619,1
9248.380685685146,19,Wallet,iPhone,Chennai,7,40,2240,1
1879.6377264691987,0,UPI,Android,Mumbai,4,8,1109,0
7777.885788656753,7,Card,Android,Mumbai,1,26,2904,0
11122.204538520142,16,NetBanking,Desktop,Delhi,2,15,2512,0
2844.1933627164817,20,NetBanking,iPhone,Mumbai,4,5,3388,0
12036.570365805983,21,NetBanking,iPhone,Hyderabad,2,13,721,0
2368.59705279758,14,UPI,Android,Mumbai,9,15,2077,0
16632.08476084358,17,Card,Desktop,Chennai,0,39,3346,0
467.65120906180755,6,NetBanking,iPhone,Hyderabad,5,12,3258,0
5808.068223299942,15,Wallet,Android,Mumbai,4,35,1072,0
3404.255841155766,6,NetBanking,Android,Bangalore,2,8,267,0
2452.2465688125653,16,NetBanking,Android,Bangalore,8,10,2435,0
5008.043337026638,3,Wallet,Desktop,Chennai,9,34,2730,1
6084.565713175622,11,NetBanking,Desktop,Delhi,7,8,3218,0
21.864082458732064,12,NetBanking,Android,Delhi,6,22,1040,0
913.326611856045,3,Wallet,Android,Mumbai,1,12,3369,0
6242.167656343331,20,UPI,Desktop,Hyderabad,9,22,3061,0
5488.844425837361,0,Wallet,Android,Delhi,4,27,2497,0
16913.964705202707,0,UPI,Android,Bangalore,4,18,3627,0
7157.2492887837025,6,UPI,Desktop,Delhi,5,19,3499,0
15056.535441884396,8,UPI,Android,Bangalore,5,5,347,0
6062.386014385437,0,Wallet,Android,Delhi,2,16,2335,0
1769.4812450163242,15,Wallet,Android,Chennai,3,49,3565,0
556.6968910601795,17,UPI,Desktop,Hyderabad,0,41,3356,0
7612.262880572403,21,Wallet,Desktop,Mumbai,0,10,3048,0
5166.218987260125,14,UPI,Desktop,Bangalore,4,19,3635,0
246.92827225770995,5,Wallet,iPhone,Delhi,3,44,1563,0
2231.8297935387855,1,Card,iPhone,Mumbai,6,1,3593,0
15709.552562720572,8,Wallet,iPhone,Bangalore,6,22,377,0
3469.748969941752,3,Wallet,iPhone,Bangalore,3,17,3452,0
2834.591875362745,12,Wallet,Desktop,Chennai,9,35,2470,1
3059.6759852499945,22,UPI,Android,Delhi,1,39,932,0
1171.545296262979,21,UPI,Desktop,Mumbai,9,9,1852,0
2299.9272627958508,10,Card,iPhone,Delhi,3,5,764,0
2308.6954222601867,12,Card,Desktop,Delhi,7,9,745,0
268.8767036804891,10,NetBanking,Android,Hyderabad,1,11,2267,0
7295.779858065249,18,Card,iPhone,Bangalore,4,14,57,0
2693.592113318849,7,UPI,Android,Bangalore,6,46,687,1
8634.91419891449,6,Card,Android,Hyderabad,9,40,114,1
9497.213438694287,15,Card,Android,Hyderabad,5,24,1754,0
1191.2482217703125,2,Wallet,iPhone,Delhi,8,20,3318,0
5355.2796173565475,16,Card,Desktop,Bangalore,1,33,2523,0
3195.964288803716,17,NetBanking,iPhone,Mumbai,3,4,3140,0
10607.8526965118,14,Wallet,iPhone,Chennai,6,16,1843,0
1215.0777348314862,16,UPI,Desktop,Hyderabad,7,25,2106,0
5663.118891917224,10,NetBanking,Desktop,Mumbai,4,1,2352,0
4679.306489215451,4,UPI,Desktop,Mumbai,4,24,3046,0
1749.9259769507948,15,NetBanking,Desktop,Delhi,3,3,3387,0
734.3912124034376,14,Wallet,Android,Hyderabad,8,32,1100,1
5272.590817927142,9,NetBanking,iPhone,Mumbai,9,34,2351,1
6708.468768927355,13,NetBanking,iPhone,Chennai,3,49,2959,0
1896.2634533008838,1,Card,iPhone,Mumbai,2,25,1647,0
5175.830313402491,15,UPI,Desktop,Chennai,8,43,1648,1
2513.716102906837,18,Wallet,iPhone,Chennai,6,3,2782,0
6244.970854163753,7,NetBanking,Android,Chennai,8,7,2766,0
1110.815628530355,14,UPI,iPhone,Hyderabad,3,42,1500,0
11046.156976364959,9,UPI,iPhone,Chennai,2,35,2041,0
1694.2424636730939,4,Card,Android,Hyderabad,9,29,2911,0
2292.636575941695,19,UPI,Android,Mumbai,7,40,2,1
299.2381142185304,15,Wallet,iPhone,Chennai,3,25,1064,0
591.1718817835568,20,Card,Desktop,Bangalore,9,28,1072,0
3626.92543994203,21,NetBanking,Desktop,Mumbai,2,24,2760,0
1557.092336128623,11,Wallet,iPhone,Bangalore,3,5,1989,0
9023.622538735031,22,Wallet,iPhone,Bangalore,1,27,2036,0
74.01202847220853,12,Wallet,iPhone,Delhi,3,10,2105,0
2382.8782782735357,8,Card,iPhone,Hyderabad,6,12,3584,0
2057.508056708215,16,UPI,Desktop,Delhi,2,18,1732,0
97.58425834938556,19,Wallet,iPhone,Hyderabad,0,38,2060,0
664.0491165229436,11,UPI,Android,Delhi,9,8,458,0
2669.1295273787273,4,UPI,Desktop,Mumbai,7,38,3396,1
3394.88609616996,23,Wallet,Desktop,Bangalore,5,30,691,0
2590.0044161986098,11,UPI,Android,Mumbai,2,9,541,0
3785.098187566613,0,Card,iPhone,Hyderabad,7,48,3164,1
4520.966939817584,19,Card,iPhone,Bangalore,5,43,1821,0
49.866952290763585,15,NetBanking,iPhone,Bangalore,0,25,2387,0
3118.9933498330947,11,UPI,iPhone,Hyderabad,8,30,3443,0
16552.111105048192,8,UPI,iPhone,Mumbai,8,2,2807,0
3659.7756079241276,12,NetBanking,Android,Bangalore,8,17,256,0
5658.916066119483,16,Card,iPhone,Mumbai,5,45,3573,0
1868.842898449402,16,NetBanking,Android,Mumbai,5,7,3170,0
7435.9106533549875,3,NetBanking,Android,Mumbai,3,22,1070,0
7412.2971324484,13,NetBanking,Android,Bangalore,7,10,1044,0
3683.364631013783,18,UPI,iPhone,Chennai,8,26,1083,0
18651.387922679223,6,UPI,iPhone,Delhi,6,13,2288,0
670.8020364218745,2,UPI,Desktop,Hyderabad,6,42,376,1
85.464600292336,0,UPI,Desktop,Mumbai,1,28,1060,0
7351.8204197989135,11,Wallet,Android,Bangalore,1,36,1537,0
8229.35654032973,14,NetBanking,Desktop,Hyderabad,9,11,2906,0
640.3444343923533,10,NetBanking,Android,Chennai,1,9,387,0
1543.3903217401742,9,UPI,Desktop,Chennai,3,16,812,0
88.54116353232502,1,Card,iPhone,Bangalore,8,17,183,0
1735.806079258283,3,Wallet,iPhone,Mumbai,4,5,2364,0
7417.152260640561,16,Wallet,Android,Chennai,1,5,1411,0
3648.64637786035,16,Card,Android,Chennai,3,38,2133,0
2139.286715466708,7,UPI,iPhone,Chennai,6,31,1471,1
2324.000315796827,22,Wallet,iPhone,Bangalore,4,2,1784,0
6.772713471739074,13,Wallet,iPhone,Hyderabad,7,27,3300,0
1781.9501195560354,23,NetBanking,Desktop,Delhi,0,46,2877,0
5198.775432802587,3,NetBanking,Desktop,Bangalore,4,43,3121,0
18285.8272714259,5,UPI,Desktop,Mumbai,3,19,2860,0
9388.574993123457,18,UPI,Desktop,Bangalore,2,43,948,0
119.38891707758249,23,NetBanking,Android,Bangalore,6,25,1823,0
11441.468746111294,3,NetBanking,Android,Delhi,9,38,2888,1
7643.863453550762,2,NetBanking,Desktop,Delhi,0,13,2905,0
7579.194241744997,19,Card,Android,Delhi,5,29,2993,0
3062.40726428223,5,Wallet,Desktop,Hyderabad,7,19,302,0
2537.5331299759787,22,UPI,Desktop,Bangalore,1,35,950,0
1804.244849911565,6,UPI,iPhone,Mumbai,5,25,724,0
339.76095317135434,13,Card,Desktop,Delhi,0,48,2699,0
1295.3782521651374,11,NetBanking,Android,Delhi,5,9,2664,0
1415.8190425046666,15,Wallet,Desktop,Bangalore,5,35,1089,0
3308.989422796835,19,NetBanking,iPhone,Mumbai,4,15,1493,0
6880.619413033579,7,UPI,Android,Delhi,6,22,2420,0
3210.4629430782743,22,Card,iPhone,Bangalore,4,13,2588,0
297.9244503124204,1,Wallet,Desktop,Chennai,7,49,1618,1
15825.467021983783,12,Wallet,Desktop,Hyderabad,1,30,1501,0
14299.395811760218,7,Wallet,Desktop,Bangalore,5,21,1354,0
7689.996178639589,20,Wallet,Desktop,Delhi,4,25,2057,0
23738.222416799716,19,Card,Android,Mumbai,9,25,2210,1
3931.603883231449,15,UPI,Desktop,Chennai,1,40,1428,0
16452.9803989145,3,Wallet,iPhone,Mumbai,6,22,2783,0
393.0792672458491,15,Wallet,Android,Mumbai,3,46,643,0
2276.014498231384,19,UPI,Android,Mumbai,5,41,2689,0
1276.9216469929554,5,NetBanking,Android,Bangalore,4,3,828,0
1089.742122761541,3,Wallet,iPhone,Bangalore,3,9,865,0
758.784936855425,15,Wallet,iPhone,Hyderabad,1,24,3378,0
4869.779861959905,22,NetBanking,iPhone,Chennai,6,44,648,1
7600.771455615799,22,UPI,iPhone,Mumbai,4,47,914,0
4317.286613479134,20,UPI,Desktop,Delhi,2,32,2145,0
794.7600783391258,12,Wallet,Desktop,Mumbai,5,17,1942,0
8333.31672907327,4,UPI,iPhone,Chennai,7,41,2538,1
5052.384941086984,14,NetBanking,iPhone,Mumbai,9,24,521,0
2456.468973888904,7,Card,Desktop,Bangalore,9,8,2326,0
5606.28828533534,6,NetBanking,Desktop,Bangalore,1,6,906,0
1504.8834729935857,13,NetBanking,iPhone,Chennai,9,9,2550,0
2117.067672469814,6,Card,Android,Hyderabad,3,15,993,0
12473.927009813524,21,NetBanking,Android,Mumbai,2,24,496,0
1716.00566445232,6,Wallet,iPhone,Chennai,6,11,3559,0
3174.280685649471,22,Wallet,Android,Delhi,9,31,2371,1
11042.794021308753,17,UPI,Desktop,Delhi,7,46,1233,1
6150.238259218661,9,UPI,Android,Hyderabad,7,45,2057,1
321.1100623703637,17,NetBanking,iPhone,Bangalore,3,45,1327,0
796.7553170232788,13,Wallet,Android,Chennai,9,13,1832,0
39.362488619868074,9,Wallet,Android,Mumbai,1,30,3364,0
4983.733534007457,6,Card,Android,Chennai,5,25,1378,0
2968.0789350511686,6,UPI,Desktop,Hyderabad,2,48,1026,0
720.9390029505175,6,Wallet,Desktop,Chennai,7,12,1499,0
15842.591716576111,4,NetBanking,Desktop,Hyderabad,2,21,2721,0
3771.4942731423134,0,Wallet,iPhone,Hyderabad,1,24,3580,0
1384.6556515460238,13,UPI,Android,Hyderabad,8,26,2112,0
3471.775260262578,17,NetBanking,Desktop,Chennai,8,12,1791,0
5691.242631366281,12,UPI,Desktop,Delhi,8,37,410,1
396.5106738502541,7,Wallet,Android,Mumbai,2,49,1655,0
1605.8758829254643,7,Wallet,iPhone,Hyderabad,1,21,3183,0
8224.43151175426,9,Wallet,Android,Bangalore,3,23,1442,0
3077.828607786736,16,UPI,iPhone,Hyderabad,1,1,1727,0
3954.6506380290175,5,NetBanking,Android,Chennai,7,45,1948,1
2835.3575840115564,14,Wallet,Desktop,Hyderabad,9,10,3280,0
224.46354450078513,14,Wallet,Desktop,Bangalore,0,35,1750,0
906.1094871259683,15,Wallet,Desktop,Delhi,1,38,92,0
2948.8178371113804,7,Card,iPhone,Chennai,5,48,1102,0
1173.45904124512,18,Card,Android,Chennai,8,28,3590,0
256.3560976806342,19,NetBanking,iPhone,Chennai,9,1,1070,0
9278.280231937153,14,UPI,Desktop,Bangalore,4,8,1812,0
19867.505515976198,2,Wallet,iPhone,Chennai,4,41,1956,0
7878.634682838712,5,Wallet,iPhone,Delhi,2,23,2673,0
9613.38301134739,7,UPI,iPhone,Mumbai,7,20,3600,0
1385.2086135460568,15,UPI,Android,Mumbai,5,32,2299,0
16173.37177429394,14,NetBanking,iPhone,Hyderabad,9,23,1478,0
1096.5402342068912,12,UPI,iPhone,Mumbai,1,7,456,0
15123.726591010258,19,Wallet,iPhone,Bangalore,4,11,941,0
26314.069659946475,14,NetBanking,Desktop,Mumbai,3,8,1274,0
6219.163908423409,17,Card,Desktop,Bangalore,9,43,2020,1
19854.54944713223,12,NetBanking,Android,Bangalore,8,14,3632,0
4214.501812797032,23,NetBanking,Desktop,Hyderabad,3,14,2820,0
1502.4303624615975,7,NetBanking,Android,Mumbai,7,36,3248,1
2872.3417149640477,13,UPI,Desktop,Hyderabad,0,41,2658,0
4501.606318808089,10,Wallet,Android,Chennai,4,40,2004,0
379.44851106921936,5,UPI,Android,Delhi,8,47,3032,1
4868.848016974755,23,Wallet,Android,Mumbai,2,27,877,0
19863.601039376943,0,UPI,Desktop,Chennai,5,20,2755,0
1054.2697055766685,1,NetBanking,iPhone,Chennai,9,38,3484,1
7865.412180781225,12,Wallet,Desktop,Hyderabad,5,25,3486,0
11924.336194756286,0,UPI,iPhone,Hyderabad,5,48,2333,0
14385.44517946248,23,NetBanking,Desktop,Delhi,3,48,661,0
16111.358472240992,23,Card,iPhone,Delhi,6,29,1834,0
3685.073610284772,3,UPI,Desktop,Delhi,2,14,2523,0
18928.69392429678,23,UPI,Android,Delhi,5,28,2944,0
7079.856118620867,22,Card,Android,Hyderabad,9,30,3072,0
881.7258724042813,1,UPI,Android,Bangalore,4,15,306,0
3239.9141606916014,20,Card,iPhone,Hyderabad,2,21,857,0
6335.11639460626,19,Wallet,iPhone,Bangalore,1,12,2942,0
1420.7104998989794,15,Card,Android,Hyderabad,0,11,2563,0
5116.807762306764,2,NetBanking,iPhone,Hyderabad,7,39,449,1
5492.068727594814,16,Card,Android,Delhi,0,6,2839,0
887.8627189925479,4,Wallet,Desktop,Bangalore,4,3,2923,0
4163.026938543289,7,Card,iPhone,Chennai,4,41,773,0
7383.873160206979,11,Card,iPhone,Chennai,0,15,2271,0
3454.70472579968,22,Wallet,Desktop,Chennai,8,34,3353,1
60.88477943850167,11,UPI,iPhone,Delhi,4,4,2851,0
45.39781925452142,0,UPI,iPhone,Chennai,8,34,2795,1
2208.280959100534,0,NetBanking,iPhone,Hyderabad,5,38,2625,0
13031.580885262008,14,NetBanking,Desktop,Delhi,6,44,1231,1
1298.2388548195847,16,Card,Android,Chennai,6,39,2776,1
5030.580625276099,1,UPI,Android,Delhi,1,41,1403,0
1255.6313986525486,16,UPI,Desktop,Hyderabad,4,6,482,0
1940.6068427327787,19,Card,Desktop,Delhi,1,22,2322,0
9420.758508770627,8,Wallet,Desktop,Chennai,3,37,2329,0
6525.626528131986,11,UPI,Android,Delhi,2,32,3069,0
501.3081151833449,3,NetBanking,Desktop,Mumbai,5,28,3428,0
2799.221753900893,12,Card,Android,Chennai,4,26,3457,0
148.0182990112607,3,Wallet,Desktop,Hyderabad,0,4,958,0
3278.1987731790286,6,NetBanking,iPhone,Bangalore,1,10,1161,0
5429.971334477727,13,UPI,Android,Delhi,6,27,1193,0
630.6662671847921,8,Wallet,Android,Delhi,8,20,3350,0
1704.6051616351724,22,NetBanking,Desktop,Chennai,0,36,230,0
2536.1324214142514,0,Card,iPhone,Chennai,3,5,1518,0
12599.417841485549,0,Wallet,Android,Mumbai,2,17,2025,0
24994.780379511754,19,Wallet,Desktop,Hyderabad,4,32,2242,1
229.7553109084137,3,Card,iPhone,Delhi,4,35,489,0
7156.624401502872,0,UPI,Android,Delhi,9,23,1709,0
2323.879121527445,21,UPI,Desktop,Bangalore,9,13,1972,0
2491.6713844208653,9,Wallet,iPhone,Delhi,1,1,1300,0
7017.507254976709,1,Wallet,Android,Delhi,4,31,2937,0
12531.249964185861,20,Wallet,Android,Mumbai,3,19,1239,0
15072.393932936031,23,NetBanking,iPhone,Bangalore,0,23,2250,0
4303.364717227319,14,Wallet,Desktop,Delhi,0,34,892,0
2208.99500324707,2,UPI,Desktop,Delhi,0,4,2624,0
7745.221547885493,22,Card,iPhone,Hyderabad,7,48,2720,1
1445.090711393864,8,Card,Android,Delhi,2,48,1086,0
4151.4142047588675,16,Card,iPhone,Mumbai,8,49,3205,1
2220.342059383268,20,Wallet,iPhone,Delhi,9,44,2168,1
5344.749114938969,12,Wallet,iPhone,Delhi,1,34,2860,0
1374.8093444425483,2,Card,Android,Chennai,8,30,1181,0
1063.447836422213,3,NetBanking,iPhone,Delhi,8,10,1313,0
12519.779908948434,3,NetBanking,iPhone,Bangalore,3,6,1380,0
536.8330935189589,10,NetBanking,Android,Chennai,3,12,1037,0
3525.6727920490885,6,NetBanking,Android,Bangalore,3,12,2866,0
1247.7763444526256,10,UPI,iPhone,Bangalore,0,49,1922,0
198.53996856933324,23,Card,Desktop,Mumbai,4,18,3531,0
183.4175280566355,10,UPI,iPhone,Delhi,5,36,2460,0
963.2037172916342,9,Wallet,Android,Bangalore,3,35,1526,0
10078.404909353612,4,NetBanking,Android,Delhi,7,25,3579,0
1659.7635333402472,12,NetBanking,Android,Delhi,2,49,1764,0
15024.790562678798,11,Card,Desktop,Mumbai,8,41,3346,1
4356.853245869319,9,NetBanking,Android,Mumbai,6,22,231,0
2868.9530490754382,6,Card,Desktop,Bangalore,7,30,969,0
4338.560505970516,18,Wallet,Android,Bangalore,6,44,1602,1
3635.571794975433,18,NetBanking,Android,Chennai,8,29,2276,0
7110.151842746742,18,NetBanking,iPhone,Delhi,1,7,430,0
1659.8842419936323,11,UPI,Desktop,Delhi,3,48,145,0
2177.434362613133,19,Card,iPhone,Mumbai,1,40,2209,0
11226.031136902604,21,Card,Desktop,Mumbai,7,3,2915,0
14636.305584720752,14,NetBanking,Android,Bangalore,1,21,289,0
11154.031145986535,4,UPI,Android,Chennai,7,45,1376,1
2718.87946748747,23,NetBanking,Desktop,Chennai,5,20,84,0
7578.952457757636,13,Card,iPhone,Mumbai,6,9,2974,0
3234.5225620584083,11,Card,Desktop,Mumbai,5,41,534,0
3441.194749736848,20,NetBanking,Desktop,Chennai,8,36,2173,1
1145.0543335802254,10,Wallet,Desktop,Chennai,3,14,181,0
4471.793817869971,4,NetBanking,Android,Bangalore,0,18,3033,0
1029.8093873716539,15,UPI,Desktop,Chennai,8,33,3565,1
2014.078347864592,17,Card,Android,Delhi,9,2,2478,0
9656.149226451775,11,Card,iPhone,Chennai,7,37,1068,1
1160.1382995655154,4,NetBanking,Android,Hyderabad,0,31,2891,0
369.08468501513136,15,Wallet,iPhone,Chennai,9,22,370,0
357.5207853447732,11,Card,iPhone,Mumbai,5,46,930,0
14132.86146641773,22,NetBanking,iPhone,Mumbai,9,9,419,0
3535.423672578998,1,Wallet,Android,Hyderabad,3,20,964,0
2633.183749008319,5,NetBanking,Desktop,Delhi,1,20,2825,0
8326.830208309166,22,NetBanking,Android,Chennai,2,47,1387,0
9034.139994404848,20,NetBanking,iPhone,Chennai,8,1,3350,0
2018.765620314438,3,Card,Desktop,Hyderabad,4,30,3517,0
5914.6138858317445,12,Wallet,Android,Bangalore,6,19,3289,0
7372.84866529631,9,UPI,iPhone,Bangalore,1,36,3157,0
5315.994361736102,16,UPI,iPhone,Delhi,7,14,2841,0
821.9862551402465,13,Card,Desktop,Chennai,2,1,3561,0
10432.65641370974,23,Card,Android,Chennai,0,5,3409,0
3872.8118028546187,14,NetBanking,Desktop,Chennai,7,10,2127,0
1659.7195097022186,7,NetBanking,Desktop,Mumbai,8,9,2985,0
2768.9108059388404,22,Wallet,Desktop,Bangalore,7,49,1543,1
191.47537851351137,23,NetBanking,Desktop,Hyderabad,0,14,1760,0
684.06557923332,17,Wallet,Android,Mumbai,6,39,1480,1
7252.495367560702,2,NetBanking,Desktop,Mumbai,6,18,707,0
0.058174115252161616,16,NetBanking,iPhone,Bangalore,3,42,2337,0
2694.1182510663552,23,UPI,iPhone,Chennai,7,25,3556,0
3696.062204669365,23,Card,iPhone,Delhi,4,36,977,0
280.91784578248456,6,Wallet,Desktop,Hyderabad,3,31,961,0
18074.087681393878,12,UPI,iPhone,Bangalore,4,46,3428,0
1281.726725915564,15,NetBanking,Android,Delhi,1,35,872,0
1813.455880670851,4,UPI,Desktop,Bangalore,3,27,81,0
1811.615123619793,3,Wallet,Desktop,Bangalore,9,22,3194,0
1309.5301511269734,9,Card,Desktop,Bangalore,7,11,570,0
7.37454615192529,12,UPI,Android,Bangalore,6,10,2860,0
6534.547855373437,9,Wallet,Desktop,Chennai,7,8,1657,0
17032.884094513745,13,NetBanking,Desktop,Mumbai,6,41,2550,1
1269.905152221055,21,UPI,iPhone,Bangalore,6,28,1072,0
5439.061967302936,11,Card,iPhone,Delhi,6,23,1661,0
6771.969706403121,0,Wallet,Desktop,Delhi,1,6,2981,0
9433.386140185174,20,Card,Android,Delhi,2,14,2713,0
2746.3528969361278,19,NetBanking,iPhone,Mumbai,0,24,2457,0
1804.3537102967462,19,Card,Desktop,Mumbai,1,9,825,0
1967.399596573177,6,NetBanking,iPhone,Delhi,9,46,3085,1
6234.772679962116,8,NetBanking,iPhone,Chennai,5,40,1869,0
8485.323753150264,7,UPI,Android,Mumbai,1,38,2272,0
1002.1056582081991,12,NetBanking,Desktop,Mumbai,0,25,227,0
2317.651199833902,13,Card,iPhone,Chennai,7,38,988,1
11610.888745885164,11,UPI,Desktop,Bangalore,8,30,1388,0
8217.391843646854,7,NetBanking,Android,Mumbai,6,22,191,0
20951.54769341188,20,Wallet,Android,Delhi,2,2,2810,0
7017.167191600204,21,Wallet,iPhone,Delhi,0,25,2750,0
2497.740614418322,17,NetBanking,Android,Chennai,3,24,1024,0
4465.77511649979,15,UPI,iPhone,Delhi,9,37,468,1
5408.986102064621,10,UPI,Desktop,Hyderabad,2,3,28,0
408.5227772741556,15,UPI,iPhone,Delhi,2,43,3511,0
3931.7644317620525,13,Card,iPhone,Chennai,1,26,3295,0
6177.675616784139,2,Wallet,Android,Chennai,9,30,3032,0
915.5371515647234,20,NetBanking,Desktop,Chennai,2,29,1739,0
7585.016529870559,1,NetBanking,Desktop,Hyderabad,4,7,3114,0
4382.619835734714,2,Wallet,iPhone,Mumbai,3,9,3261,0
15205.92755555257,3,Card,Desktop,Bangalore,0,45,2086,0
216.74205261056252,21,UPI,Desktop,Delhi,0,30,3409,0
1541.64301404719,4,Wallet,iPhone,Mumbai,0,16,1133,0
4600.914975811219,9,NetBanking,iPhone,Chennai,9,44,1650,1
1758.862845523176,19,Card,Desktop,Mumbai,8,40,3436,1
6266.238300943795,1,NetBanking,iPhone,Mumbai,8,14,1157,0
7114.901324549239,11,UPI,Android,Hyderabad,8,26,1364,0
540.7997301929704,4,Wallet,Desktop,Chennai,9,46,1712,1
3606.2362177253794,4,UPI,iPhone,Chennai,3,37,510,0
3555.4413749490777,22,Card,Desktop,Delhi,3,10,163,0
2304.472380936284,0,Wallet,Desktop,Delhi,9,30,304,0
13509.709168835878,3,UPI,Android,Delhi,6,22,2795,0
8786.973400640409,20,UPI,Android,Delhi,2,30,782,0
5973.568708741898,23,UPI,Desktop,Mumbai,9,32,54,1
6264.531019127749,11,Card,Android,Mumbai,2,14,1178,0
3096.8462211463793,11,UPI,iPhone,Delhi,3,23,374,0
12691.190378560188,15,NetBanking,Desktop,Delhi,5,17,877,0
5930.589566671045,23,Wallet,Android,Delhi,0,36,1451,0
6527.832886776416,16,Wallet,Desktop,Bangalore,2,29,2798,0
9891.321354357859,20,UPI,Desktop,Delhi,4,24,1066,0
1601.5193846438724,9,Card,iPhone,Bangalore,3,47,2776,0
8227.162675622996,16,NetBanking,iPhone,Delhi,7,11,2655,0
1086.0596594951662,16,NetBanking,iPhone,Chennai,8,41,2866,1
2118.2112208300723,17,Wallet,Android,Hyderabad,7,15,2685,0
2044.4331813511394,1,Wallet,Android,Mumbai,8,22,2390,0
19204.438111263076,3,NetBanking,Android,Chennai,7,27,2709,0
9708.398381862213,18,Wallet,iPhone,Hyderabad,9,34,2210,1
6039.39982992444,10,UPI,Desktop,Bangalore,0,33,3289,0
6492.457117101071,16,NetBanking,iPhone,Mumbai,6,21,40,0
4128.512898420655,11,Wallet,Android,Bangalore,8,24,1655,0
14695.877652546007,1,UPI,Android,Bangalore,0,20,1647,0
3428.462706605279,5,UPI,Android,Mumbai,9,49,798,1
2394.3558284108544,8,NetBanking,iPhone,Hyderabad,0,4,710,0
889.8671397007586,4,UPI,Android,Mumbai,9,37,629,1
7713.703589415599,19,NetBanking,iPhone,Delhi,1,37,1517,0
6629.646409861012,20,UPI,Desktop,Bangalore,4,46,25,0
2425.4242142454214,8,NetBanking,iPhone,Delhi,7,33,965,1
127.58100477195538,22,NetBanking,Android,Mumbai,7,31,3357,1
9131.671580553208,7,NetBanking,Desktop,Mumbai,9,34,2115,1
57.418345521317775,19,NetBanking,Android,Hyderabad,3,22,2745,0
6081.910403301189,7,UPI,Desktop,Bangalore,6,42,2351,1
17575.82578969906,21,NetBanking,Android,Chennai,6,30,1019,0
2878.2549581847943,20,Wallet,iPhone,Mumbai,8,5,478,0
1339.2234052435344,22,UPI,Android,Chennai,8,41,3288,1
6101.71382059899,5,NetBanking,iPhone,Bangalore,2,45,105,0
8494.848005046626,2,UPI,iPhone,Delhi,7,23,2705,0
3953.031815944503,4,UPI,Desktop,Bangalore,4,13,1457,0
17061.586182015417,8,UPI,iPhone,Hyderabad,4,9,1645,0
265.2569402128082,6,UPI,iPhone,Chennai,7,14,1074,0
3513.9233446428684,3,NetBanking,iPhone,Chennai,5,17,1236,0
6337.296236748891,6,UPI,Desktop,Delhi,9,35,602,1
9925.767462153395,4,Wallet,Android,Delhi,9,18,389,0
987.7178007997744,10,UPI,Android,Mumbai,0,12,3341,0
8047.276607020213,14,UPI,iPhone,Bangalore,3,41,1215,0
4022.7079369991493,1,Wallet,iPhone,Hyderabad,8,16,3367,0
2525.4909675138965,12,NetBanking,Android,Mumbai,4,30,964,0
706.1765505724636,21,Wallet,iPhone,Bangalore,3,13,429,0
10023.368553021275,15,Card,Android,Delhi,9,18,2065,0
855.562319381555,6,Wallet,Desktop,Hyderabad,0,12,3304,0
1853.7813911121623,7,NetBanking,iPhone,Delhi,8,34,443,1
1712.772202638604,5,Wallet,iPhone,Delhi,7,33,3427,1
10255.788018501551,23,UPI,Android,Chennai,2,6,1017,0
5584.436228630647,6,NetBanking,Android,Bangalore,8,18,2015,0
7964.905291553204,17,Card,Desktop,Mumbai,0,3,1616,0
1441.5306609661313,21,NetBanking,iPhone,Chennai,3,6,2018,0
4902.467874882831,21,UPI,Android,Bangalore,4,36,1595,0
4240.19381061268,19,Card,Desktop,Bangalore,3,49,3424,0
8943.731370964588,6,NetBanking,Android,Bangalore,3,22,3553,0
11826.935506050371,2,NetBanking,Android,Hyderabad,8,7,2426,0
61.15634704485625,4,UPI,Desktop,Chennai,4,30,392,0
5604.59500444768,0,Wallet,Desktop,Mumbai,0,2,30,0
266.1379202311137,14,Wallet,Desktop,Chennai,6,32,131,1
3979.873036849448,2,Card,Desktop,Delhi,5,15,401,0
1695.80835284943,7,UPI,Desktop,Bangalore,8,22,123,0
1832.0148226473093,8,UPI,Desktop,Delhi,3,49,2099,0
2176.7242483955856,14,Wallet,iPhone,Chennai,9,38,920,1
4854.955025691306,9,Wallet,Desktop,Mumbai,5,8,1616,0
2032.7031739141698,1,Card,iPhone,Delhi,9,8,3264,0
6596.900519963843,19,Wallet,Android,Delhi,6,39,74,1
2591.999393869146,4,Card,Android,Hyderabad,3,36,3451,0
354.00753206794394,18,NetBanking,Desktop,Chennai,8,20,1527,0
7656.8282429166675,12,Card,Android,Delhi,0,37,3544,0
1682.6694647585691,10,Card,Desktop,Chennai,0,8,111,0
2834.9245633047144,0,Card,Desktop,Mumbai,2,14,3440,0
5782.963935159129,21,NetBanking,iPhone,Delhi,8,20,2225,0
2020.7510434524888,14,Wallet,Android,Mumbai,4,35,3092,0
291.2485191194904,17,Card,Desktop,Delhi,0,25,2253,0
2341.3939642607365,15,Wallet,Android,Bangalore,4,18,2589,0
14452.231245840161,8,Card,iPhone,Hyderabad,5,47,3594,0
5132.403303355561,0,Wallet,Android,Hyderabad,3,21,3081,0
5565.7748434752075,10,Card,iPhone,Hyderabad,6,37,1991,1
5002.1967836806925,8,Wallet,iPhone,Mumbai,2,47,3647,0
1109.422589643863,22,UPI,iPhone,Chennai,4,31,1057,0
2709.2932275544613,10,NetBanking,Desktop,Hyderabad,5,6,2200,0
6950.30319049337,12,Card,Desktop,Delhi,6,42,2128,1
534.4356102718182,1,NetBanking,Android,Delhi,9,47,1568,1
1627.6312482164751,13,Card,Desktop,Bangalore,1,20,3588,0
1617.02370654051,5,UPI,Desktop,Mumbai,4,28,2894,0
2828.335920229905,7,UPI,Android,Delhi,6,41,2174,1
19653.16066639828,17,NetBanking,iPhone,Delhi,6,36,508,1
349.44429248061493,15,Card,iPhone,Bangalore,2,40,2423,0
3656.3328435297367,20,Wallet,Android,Bangalore,7,26,3037,0
988.3823033775566,11,Card,Desktop,Chennai,0,13,534,0
17646.83792612887,10,Wallet,Android,Chennai,3,49,151,0
601.2626257777125,5,NetBanking,Android,Chennai,2,4,218,0
2584.226883898694,2,NetBanking,Desktop,Delhi,3,34,282,0
6694.859411838541,13,UPI,Android,Bangalore,8,37,305,1
6096.3532435157795,1,Wallet,Desktop,Mumbai,7,34,1775,1
2747.214115099548,10,Card,Desktop,Chennai,3,16,662,0
2127.248644659102,21,UPI,Android,Hyderabad,7,23,1219,0
2534.2707571706296,2,NetBanking,iPhone,Delhi,0,23,1450,0
1534.5029413501968,17,UPI,Desktop,Mumbai,7,15,1588,0
1149.1602143566874,0,Card,iPhone,Delhi,9,25,654,0
3298.9459593419006,23,Card,Desktop,Chennai,1,29,3136,0
1563.5210297696756,0,NetBanking,iPhone,Delhi,5,36,2221,0
1694.607823168569,11,UPI,Android,Chennai,5,15,2752,0
5346.56949691592,14,Wallet,Desktop,Delhi,2,37,397,0
17294.767846531577,4,Wallet,Android,Chennai,4,35,744,0
4627.126634713337,5,Wallet,Android,Bangalore,1,46,1184,0
400.5189942997255,15,Card,Android,Bangalore,7,39,1454,1
392.9633724427554,11,UPI,Desktop,Bangalore,7,47,2018,1
15123.048287162152,11,Wallet,Android,Bangalore,4,37,51,0
1764.0605735917973,2,UPI,Android,Bangalore,6,41,3287,1
482.9233816040338,22,NetBanking,Desktop,Hyderabad,7,28,1826,0
4569.52523879412,1,Wallet,Android,Delhi,3,45,2668,0
4886.1623565029195,6,UPI,Desktop,Bangalore,1,30,884,0
5227.796404115659,1,Card,Android,Hyderabad,4,7,1740,0
1555.7909833478298,20,NetBanking,iPhone,Hyderabad,6,4,1751,0
76.13006942445557,6,NetBanking,Android,Delhi,3,7,3612,0
16764.232206039815,10,NetBanking,iPhone,Delhi,3,33,2323,0
1444.3675475963291,10,NetBanking,Desktop,Chennai,3,47,688,0
5635.464512230805,13,Card,iPhone,Chennai,8,47,2914,1
6131.601122250381,2,Card,Desktop,Bangalore,8,18,2632,0
4708.137790959099,13,Wallet,Android,Mumbai,9,15,1954,0
1876.430992420446,10,Card,iPhone,Chennai,7,35,362,1
1581.0679551628298,3,Card,Android,Mumbai,7,37,400,1
4552.391816101795,16,NetBanking,iPhone,Chennai,6,5,795,0
10053.147087469952,15,Card,Desktop,Hyderabad,0,48,563,0
14662.259804712816,2,NetBanking,Desktop,Hyderabad,7,23,3156,0
559.7207257871357,9,UPI,Desktop,Hyderabad,3,10,3638,0
841.0792343154851,20,UPI,Desktop,Mumbai,0,25,2275,0
14478.191298494596,14,UPI,Android,Bangalore,0,22,2065,0
6669.1780690436135,7,UPI,Android,Chennai,2,31,220,0
10727.642831722234,17,UPI,Android,Chennai,2,23,2632,0
1132.1988527499602,2,UPI,Android,Mumbai,9,28,2500,0
4428.636336323545,6,UPI,Android,Hyderabad,0,45,2017,0
6038.893427855406,9,NetBanking,Desktop,Bangalore,7,15,626,0
5698.919931745888,19,NetBanking,Android,Chennai,3,40,2518,0
2622.524557519717,8,NetBanking,Android,Bangalore,3,7,2399,0
77.57311732207486,13,NetBanking,Android,Bangalore,5,46,1665,0
4372.458755453356,22,Card,Desktop,Delhi,8,38,3177,1
1459.1301618925725,13,Card,Desktop,Bangalore,8,40,3342,1
2991.4968667385015,10,Wallet,Desktop,Delhi,7,15,903,0
15800.796297502717,0,Card,Desktop,Mumbai,0,49,64,0
2546.095554848561,3,NetBanking,Android,Hyderabad,9,5,1992,0
9156.711367572208,5,NetBanking,Android,Delhi,9,12,1928,0
1044.6046558564826,21,UPI,iPhone,Bangalore,1,13,950,0
5580.7330723148625,21,UPI,Android,Hyderabad,2,3,3224,0
18862.81737842832,4,Wallet,Desktop,Bangalore,4,19,439,0
537.3308821031382,2,Card,Desktop,Bangalore,4,26,897,0
41.773730626224285,1,NetBanking,Android,Delhi,9,30,1763,0
2842.121784125344,2,Card,iPhone,Mumbai,7,28,3561,0
485.99997869304997,8,Wallet,Desktop,Bangalore,1,15,3272,0
6899.262764478805,18,UPI,iPhone,Delhi,1,18,581,0
12299.04116448158,18,NetBanking,Desktop,Bangalore,7,7,2080,0
2845.9912786061886,16,UPI,Desktop,Hyderabad,0,14,1,0
1496.8279124765963,17,NetBanking,Android,Mumbai,8,24,706,0
2849.370162666727,10,UPI,Desktop,Bangalore,1,24,3054,0
6426.778759780297,11,UPI,iPhone,Mumbai,4,11,1929,0
45.47699803614305,2,Wallet,iPhone,Mumbai,2,39,2764,0
4451.33636144739,17,Card,Android,Hyderabad,4,43,2634,0
4750.422889260729,23,UPI,Desktop,Hyderabad,7,40,152,1
5076.251206765839,5,NetBanking,iPhone,Chennai,7,10,3433,0
1385.505115132008,6,Card,Android,Mumbai,5,43,2418,0
6259.739163161683,0,Card,iPhone,Bangalore,8,33,1683,1
479.20477802918,5,UPI,Android,Hyderabad,6,20,563,0
1111.159437946992,17,UPI,iPhone,Bangalore,1,42,2897,0
10496.998808902605,12,UPI,Desktop,Mumbai,0,39,258,0
6710.873543226647,21,Card,iPhone,Hyderabad,7,22,2570,0
69.20449429463241,18,Wallet,iPhone,Chennai,0,35,965,0
1427.5971324184038,6,UPI,Android,Mumbai,7,28,3175,0
1206.5788712923631,18,Card,Android,Bangalore,8,36,646,1
1579.079571346389,8,Card,Android,Chennai,0,30,190,0
1422.1685722856123,2,NetBanking,iPhone,Mumbai,6,6,578,0
322.83285161657346,22,UPI,Android,Hyderabad,4,1,1288,0
3071.130276710677,11,Wallet,Desktop,Mumbai,7,4,836,0
6597.544483496353,19,NetBanking,Android,Delhi,3,25,3259,0
4666.316328474587,23,UPI,Android,Bangalore,1,39,1842,0
5587.013671515735,17,NetBanking,Desktop,Hyderabad,6,11,2911,0
423.1574841409748,7,UPI,Android,Hyderabad,6,38,2696,1
15129.99978317007,8,NetBanking,Android,Delhi,7,37,2655,1
9115.997865791447,12,Wallet,iPhone,Chennai,8,12,505,0
8176.094997440988,7,NetBanking,iPhone,Hyderabad,5,29,2030,0
8657.570268273654,21,NetBanking,Android,Chennai,2,34,1870,0
13493.75596598192,9,NetBanking,Desktop,Chennai,4,18,1928,0
3929.097839250176,16,UPI,Android,Chennai,2,9,378,0
1117.4806789967352,6,UPI,Android,Mumbai,9,46,2393,1
4795.777283987892,16,Wallet,Android,Delhi,8,12,1230,0
6791.090931174177,22,NetBanking,iPhone,Bangalore,4,9,3031,0
6695.477661867003,17,Card,Desktop,Delhi,6,1,2859,0
3684.962705983576,23,NetBanking,Desktop,Hyderabad,9,7,3305,0
354.5738679351854,1,Card,Desktop,Delhi,6,39,2111,1
2319.0179537814724,2,Card,iPhone,Bangalore,6,42,849,1
12676.787293516332,18,NetBanking,iPhone,Mumbai,9,34,1393,1
4390.748556865408,0,Card,Android,Hyderabad,3,32,780,0
3864.5456901744315,20,Card,iPhone,Mumbai,3,28,3412,0
1565.7072429293191,20,NetBanking,Android,Hyderabad,2,26,866,0
2297.882267765736,9,UPI,iPhone,Bangalore,3,36,3640,0
11285.482300295029,20,NetBanking,Android,Mumbai,8,40,3633,1
5490.008088730326,13,Wallet,iPhone,Bangalore,4,14,2996,0
7741.408965374802,12,Card,Desktop,Bangalore,5,45,1931,0
3028.8457321064925,8,Wallet,Android,Delhi,3,31,539,0
4974.603286775109,5,Card,iPhone,Hyderabad,0,16,2953,0
1427.6460159816909,5,UPI,iPhone,Chennai,6,39,1106,1
6111.716403019921,18,Card,Android,Chennai,6,42,1766,1
2789.5978066118114,20,NetBanking,iPhone,Mumbai,5,11,2596,0
2921.872099519876,9,Card,Desktop,Bangalore,3,11,1966,0
5239.438905266018,22,Wallet,Android,Delhi,9,38,1756,1
13766.332735548693,2,NetBanking,Android,Hyderabad,7,12,2516,0
330.7329154614954,17,Wallet,Android,Mumbai,7,42,3446,1
8707.515826035758,20,UPI,Android,Bangalore,0,9,234,0
1729.2622407306778,18,Wallet,Android,Chennai,8,22,1181,0
2934.210646139482,4,Wallet,Desktop,Chennai,7,38,1988,1
110.78495994734696,10,Wallet,Android,Hyderabad,1,9,2127,0
1790.852292848194,9,NetBanking,Desktop,Hyderabad,8,3,1321,0
3492.1178073381466,16,UPI,Desktop,Hyderabad,3,39,3308,0
289.07826423977497,3,UPI,Desktop,Mumbai,9,35,3612,1
3377.476767819873,20,UPI,Android,Hyderabad,5,30,3264,0
13094.062255622892,17,Wallet,Desktop,Mumbai,1,26,3048,0
556.8550354541229,17,NetBanking,Android,Delhi,9,8,790,0
7228.963558694006,0,NetBanking,Desktop,Bangalore,3,32,3119,0
2635.3768039866254,13,NetBanking,Android,Chennai,1,22,529,0
5323.572545600616,7,Wallet,iPhone,Mumbai,8,8,897,0
1507.124354572826,1,UPI,iPhone,Bangalore,8,45,3487,1
868.7456019759164,18,Wallet,Desktop,Hyderabad,4,2,2393,0
874.5213506410947,14,NetBanking,iPhone,Chennai,2,14,3596,0
365.4990330033584,1,Wallet,Desktop,Mumbai,2,5,276,0
1026.8049183884455,3,Card,Desktop,Hyderabad,0,13,403,0
5456.48631893166,0,UPI,Desktop,Bangalore,7,23,3333,0
10672.260761290974,18,UPI,iPhone,Delhi,2,13,2302,0
8413.422813307037,20,NetBanking,Desktop,Bangalore,3,19,1039,0
5778.045558182285,9,Wallet,iPhone,Mumbai,1,24,3049,0
585.0958690531575,0,NetBanking,iPhone,Delhi,7,35,2585,1
1706.7326074221485,19,Wallet,Android,Delhi,2,14,163,0
1853.9191485798178,21,Card,iPhone,Hyderabad,1,4,1132,0
1438.1233464810095,14,UPI,Android,Bangalore,0,26,2111,0
3618.090288086634,3,UPI,Desktop,Mumbai,9,10,243,0
3834.54791469922,6,Wallet,Desktop,Delhi,1,38,2351,0
2207.166189586289,6,UPI,Android,Hyderabad,1,38,963,0
2183.1472439241606,21,Wallet,Desktop,Delhi,3,34,1140,0
8817.481254885437,17,NetBanking,Android,Bangalore,0,34,2002,0
7786.430081345391,12,Card,Android,Chennai,0,19,2368,0
1839.3716297835185,9,Wallet,Desktop,Mumbai,5,3,1046,0
12254.755242514166,23,Card,Android,Chennai,4,36,1488,0
15268.397969230025,7,NetBanking,Android,Bangalore,0,4,1487,0
1978.1373489389512,9,NetBanking,Android,Chennai,5,26,965,0
2188.0690356209325,13,NetBanking,Desktop,Bangalore,7,11,2538,0
3522.3972788543006,13,Wallet,Desktop,Bangalore,4,3,2666,0
14161.338022406764,19,Card,Desktop,Hyderabad,2,49,2034,0
10450.265554463935,21,Card,Desktop,Chennai,2,9,2012,0
541.0894290702713,10,UPI,Desktop,Delhi,1,46,842,0
2493.915001170238,5,Wallet,iPhone,Bangalore,8,2,3408,0
4030.1371573408683,20,UPI,iPhone,Chennai,8,14,2431,0
3497.1591639203407,0,UPI,Android,Delhi,6,3,3202,0
1077.5083000408872,18,Wallet,iPhone,Mumbai,0,2,1150,0
9788.483684779265,6,UPI,Desktop,Delhi,0,22,370,0
5649.5981909402835,23,UPI,Desktop,Chennai,3,29,2788,0
9097.967581497203,17,UPI,Desktop,Chennai,1,33,1395,0
9786.625034027142,2,NetBanking,Android,Delhi,2,36,2457,0
6898.696535848756,19,Wallet,Android,Delhi,1,10,829,0
2892.049236190386,10,NetBanking,Android,Bangalore,0,47,2309,0
4715.0572971352485,4,UPI,Android,Chennai,2,44,2076,0
873.9424453665171,18,UPI,Android,Bangalore,6,38,2897,1
5598.854061247785,20,NetBanking,Android,Bangalore,9,21,450,0
987.7034469695108,23,UPI,iPhone,Mumbai,8,31,527,1
5920.027268512381,23,Wallet,Desktop,Chennai,9,35,183,1
1304.215155550323,1,Card,iPhone,Bangalore,8,3,376,0
625.2731117308141,21,NetBanking,Android,Mumbai,7,19,1830,0
903.3215947152424,3,Card,Desktop,Bangalore,5,22,2013,0
9.97061079855313,9,Card,Desktop,Bangalore,0,20,210,0
6342.37205923132,1,Card,Desktop,Chennai,7,36,2574,1
6591.329354919007,7,NetBanking,iPhone,Delhi,7,19,32,0
3617.344873135256,0,UPI,Desktop,Delhi,8,46,2092,1
879.8854342037746,5,Wallet,Android,Chennai,9,4,3526,0
436.26250762010454,10,UPI,Android,Delhi,5,32,1372,0
96.57146158574832,9,Wallet,iPhone,Hyderabad,2,8,886,0
906.0998805753395,12,UPI,iPhone,Delhi,5,26,2164,0
11075.414535748174,0,Card,Android,Bangalore,7,1,372,0
1382.3052658091772,1,Card,iPhone,Bangalore,6,26,3538,0
2186.879373005469,2,Wallet,Desktop,Mumbai,7,47,995,1
556.5882570548337,8,NetBanking,iPhone,Chennai,2,43,2490,0
1257.4663233084152,4,UPI,Desktop,Mumbai,7,9,2662,0
3661.775005095822,9,Card,Desktop,Bangalore,4,35,3076,0
4679.313638308699,9,Wallet,Desktop,Bangalore,6,18,1395,0
1407.5213996189348,11,UPI,Desktop,Mumbai,3,19,1726,0
297.3285639384077,17,Wallet,Desktop,Hyderabad,2,48,3057,0
2479.954925116879,20,NetBanking,Android,Delhi,5,16,3516,0
1334.1932089252791,20,NetBanking,Android,Hyderabad,8,28,1739,0
1239.448147360115,0,UPI,Android,Hyderabad,3,3,238,0
16077.258807530035,2,NetBanking,Desktop,Hyderabad,8,18,2107,0
4789.477740754984,4,UPI,iPhone,Hyderabad,2,13,1355,0
4069.555759654726,16,UPI,iPhone,Delhi,5,27,2973,0
2687.3463678898756,7,NetBanking,Desktop,Chennai,4,40,915,0
2801.3429223173603,16,Wallet,iPhone,Mumbai,8,39,1540,1
3892.490635099082,8,Wallet,Desktop,Hyderabad,5,24,1964,0
5960.7120846190255,5,UPI,iPhone,Hyderabad,1,29,2820,0
6055.760841675229,16,Card,Desktop,Mumbai,3,22,3003,0
941.8625811311384,7,UPI,iPhone,Mumbai,4,26,1420,0
3466.8635507154195,20,Wallet,iPhone,Chennai,8,20,303,0
2654.7853333703615,6,UPI,Android,Bangalore,0,24,1927,0
10221.413266333093,6,Wallet,iPhone,Chennai,8,12,981,0
4990.47283861855,14,NetBanking,iPhone,Bangalore,9,18,2529,0
3801.823142536145,6,UPI,Desktop,Delhi,0,47,229,0
613.0682839680343,21,UPI,iPhone,Chennai,0,12,3212,0
4652.428645663679,7,NetBanking,iPhone,Delhi,3,38,54,0
623.3051440267387,8,NetBanking,iPhone,Mumbai,5,32,2490,0
2056.459571843652,14,Card,iPhone,Chennai,1,49,2623,0
770.6648613371262,1,NetBanking,iPhone,Mumbai,0,23,3215,0
5889.473191581443,6,Card,Android,Hyderabad,3,4,1957,0
1154.9469593972321,14,NetBanking,iPhone,Mumbai,7,12,1592,0
2486.7456483084243,17,Wallet,Desktop,Hyderabad,5,17,2633,0
11301.21060443565,21,UPI,Desktop,Bangalore,4,21,1121,0
1142.7681936507677,17,NetBanking,iPhone,Hyderabad,0,37,2640,0
3544.402147474845,9,Wallet,iPhone,Bangalore,2,29,1295,0
2717.361033171202,21,NetBanking,iPhone,Hyderabad,6,6,130,0
91.45146658282576,17,UPI,Android,Hyderabad,9,47,1549,1
7869.343172279621,0,NetBanking,Desktop,Delhi,2,28,1784,0
357.72655764686004,6,NetBanking,Android,Delhi,4,8,517,0
3214.695072837621,2,UPI,Android,Mumbai,5,31,944,0
4112.616604663264,13,NetBanking,iPhone,Delhi,8,20,3489,0
4950.042355320459,11,UPI,iPhone,Bangalore,2,16,3616,0
5833.8929802859475,13,Card,Desktop,Delhi,5,13,2229,0
1460.2739846099723,3,NetBanking,iPhone,Mumbai,1,15,2666,0
50.144491822740214,12,Wallet,Desktop,Chennai,8,13,3056,0
6426.703629946993,15,NetBanking,Android,Bangalore,8,47,2285,1
3835.6545643634713,15,UPI,Desktop,Chennai,6,2,512,0
9043.034056564426,21,UPI,Desktop,Bangalore,8,20,2581,0
8612.70727665723,4,Wallet,Desktop,Mumbai,3,28,3010,0
9267.945682339605,19,Wallet,Android,Delhi,9,18,1981,0
3318.861004991347,5,UPI,Android,Chennai,0,7,1462,0
2029.538999184942,5,Card,iPhone,Chennai,0,21,225,0
7840.477129159646,17,Card,iPhone,Delhi,1,41,2251,0
3000.963530161353,5,UPI,Desktop,Mumbai,9,39,3113,1
1013.2878735771451,6,Card,Desktop,Delhi,2,9,2903,0
9654.211885867282,23,Wallet,Android,Hyderabad,1,44,2982,0
10709.13332417349,23,Card,Android,Hyderabad,3,10,136,0
3139.6983800225375,15,Wallet,Android,Hyderabad,7,31,1508,1
393.59144843978925,8,NetBanking,Desktop,Chennai,2,42,1057,0
2453.694350175748,12,Wallet,Desktop,Chennai,3,13,1053,0
8136.422586247192,11,NetBanking,Android,Mumbai,1,5,1375,0
11602.423117498834,18,Wallet,Desktop,Bangalore,0,40,3129,0
1137.4696431004256,22,Wallet,Android,Delhi,7,42,3038,1
346.6089780181737,22,Card,iPhone,Bangalore,6,38,1352,1
10492.121014020715,0,Wallet,Android,Chennai,9,43,2493,1
2466.60643722313,7,UPI,Desktop,Delhi,1,36,1495,0
3901.8215946856776,3,NetBanking,Desktop,Chennai,7,2,1394,0
17220.390602646057,20,NetBanking,Desktop,Mumbai,9,6,371,0
344.4182867956367,21,Wallet,Desktop,Delhi,2,13,2987,0
5225.139709923748,18,UPI,Android,Chennai,6,29,638,0
384.97449045062484,20,Wallet,Android,Hyderabad,0,44,1660,0
2353.7709819860083,4,Wallet,iPhone,Hyderabad,2,14,922,0
8143.47434561074,16,Card,Android,Chennai,8,30,3444,0
2841.1459213976,2,Wallet,iPhone,Bangalore,3,25,3562,0
29359.267299804666,18,Wallet,Android,Mumbai,0,40,1277,1
4094.224227788536,0,Card,Android,Mumbai,5,35,2534,0
1936.8649544732373,22,Card,Desktop,Chennai,0,37,2306,0
1243.02047501835,0,UPI,iPhone,Mumbai,9,7,2487,0
2157.9202945019088,22,Card,Desktop,Delhi,0,38,602,0
2330.3231764687807,19,NetBanking,Desktop,Mumbai,1,18,2066,0
355.94253131322523,8,NetBanking,Android,Hyderabad,2,8,219,0
2306.799069853607,22,UPI,Android,Chennai,1,7,512,0
3120.3310823324064,4,Wallet,iPhone,Delhi,7,34,1202,1
6413.957389264605,6,UPI,iPhone,Mumbai,5,36,209,0
5346.18234187654,5,Card,Android,Hyderabad,0,41,1837,0
6168.135137033334,16,Wallet,iPhone,Bangalore,5,48,2575,0
41.99426856058394,21,UPI,Android,Mumbai,0,10,2283,0
1227.376543151715,16,UPI,Android,Hyderabad,8,40,3207,1
5418.8788073561855,12,NetBanking,Android,Hyderabad,2,29,1233,0
3308.1395470501225,11,UPI,iPhone,Hyderabad,0,16,211,0
26.638211927366015,3,Wallet,Desktop,Hyderabad,0,25,3624,0
8160.837477457025,7,UPI,iPhone,Bangalore,1,29,273,0
7409.833644919387,4,UPI,Desktop,Chennai,5,8,3232,0
3975.0044058111744,4,Card,iPhone,Hyderabad,0,20,2192,0
343.8751498821395,12,UPI,Desktop,Chennai,6,36,1727,1
7273.188279549896,10,Wallet,Desktop,Bangalore,3,27,3580,0
4381.9088229585905,7,NetBanking,iPhone,Bangalore,6,13,2782,0
7615.383210126404,7,NetBanking,iPhone,Delhi,3,26,3406,0
6966.534304535216,0,NetBanking,Desktop,Delhi,3,42,502,0
8122.810339259655,12,NetBanking,Android,Hyderabad,3,25,2492,0
3649.1395017543887,4,Card,Desktop,Chennai,9,28,1874,0
756.0015384221203,20,Wallet,Desktop,Bangalore,9,9,1110,0
5560.881426470513,7,Card,Android,Mumbai,7,26,2228,0
4844.158034676422,16,NetBanking,Desktop,Delhi,1,12,3065,0
6778.887608141981,22,Card,Android,Delhi,7,26,3152,0
930.9311113175609,22,UPI,Android,Mumbai,9,47,1841,1
1084.4109723041843,12,Wallet,iPhone,Chennai,0,22,1585,0
11055.023720907293,8,UPI,Desktop,Chennai,6,1,1178,0
6931.02779435605,1,Card,Desktop,Chennai,6,12,2227,0
11942.266819727802,18,UPI,Android,Hyderabad,5,24,2347,0
7108.889013113904,19,Card,Desktop,Hyderabad,3,30,1350,0
4546.020829885577,16,Card,Android,Mumbai,4,14,755,0
5308.501052794628,6,Wallet,Desktop,Bangalore,0,23,9,0
10996.891050998267,2,Wallet,Desktop,Mumbai,1,2,3500,0
4323.317676020178,18,Wallet,Android,Bangalore,9,3,192,0
5003.68143965703,18,NetBanking,Android,Mumbai,6,6,1114,0
850.8388667527144,23,Wallet,Desktop,Hyderabad,1,19,3074,0
3211.521529083448,8,UPI,Desktop,Chennai,7,21,3492,0
6300.901504357143,9,Wallet,Android,Delhi,6,45,1027,1
1580.0147346499277,13,Wallet,iPhone,Mumbai,9,20,2998,0
1129.8262711589632,17,Wallet,iPhone,Mumbai,7,21,3477,0
1883.1260848764964,14,Card,Desktop,Delhi,3,40,492,0
1382.0665406717283,0,Card,Desktop,Mumbai,0,4,1289,0
1209.8013849627498,5,Wallet,Desktop,Chennai,6,25,2828,0
2765.6293405821807,14,Card,Android,Delhi,0,7,3016,0
11921.064783844442,5,Card,Desktop,Delhi,6,7,3315,0
3536.8354977931604,17,NetBanking,Desktop,Chennai,8,33,3066,1
1040.7844522212927,0,UPI,Desktop,Chennai,4,26,677,0
400.476754442232,23,Card,iPhone,Delhi,1,17,2773,0
5956.206724269233,2,UPI,Desktop,Chennai,0,8,1957,0
2412.8007830491347,16,Card,Desktop,Chennai,7,26,1384,0
8625.11220560803,15,Wallet,Android,Chennai,3,15,2243,0
5386.85889928382,7,Card,iPhone,Delhi,7,20,499,0
7954.097836041615,16,Card,Android,Mumbai,1,19,2616,0
1586.9005592718597,7,UPI,Desktop,Bangalore,2,7,1641,0
5894.107541012077,16,Wallet,Desktop,Delhi,2,45,3285,0
1533.046910668404,8,NetBanking,Desktop,Bangalore,3,1,1855,0
13990.02329675527,11,UPI,Desktop,Chennai,8,39,154,1
5058.1509316187885,18,Wallet,Desktop,Chennai,8,37,1070,1
1961.5979526792974,3,Wallet,Android,Mumbai,4,18,181,0
1570.211432581741,20,UPI,Desktop,Chennai,6,8,1596,0
1059.3280914634784,21,Card,Desktop,Bangalore,8,15,226,0
5931.335053787402,10,Wallet,iPhone,Delhi,0,6,3104,0
1234.080317687602,3,NetBanking,iPhone,Delhi,1,37,347,0
4523.086485645731,13,Card,Desktop,Mumbai,5,22,2494,0
1536.9417050454952,13,UPI,Desktop,Bangalore,2,11,2223,0
5423.087542058412,5,UPI,Desktop,Chennai,6,26,829,0
8435.368576448172,16,UPI,Desktop,Hyderabad,4,8,1630,0
7525.958057169421,1,UPI,Desktop,Mumbai,9,9,1924,0
7153.3493706326,7,NetBanking,Desktop,Mumbai,7,13,3202,0
1039.5656616596675,3,NetBanking,Android,Hyderabad,0,3,1687,0
462.687345025399,9,Wallet,Android,Delhi,8,3,1847,0
6002.375118285905,6,NetBanking,Android,Delhi,9,7,3369,0
2297.077123598895,3,UPI,iPhone,Delhi,5,3,252,0
2831.2179982064276,15,NetBanking,Desktop,Hyderabad,4,11,1476,0
158.22270730651903,13,Card,iPhone,Chennai,7,46,1445,1
1502.6644533912372,15,Card,iPhone,Chennai,3,28,2699,0
171.2825761378989,8,Wallet,iPhone,Bangalore,8,42,1956,1
10567.506119683947,3,UPI,Android,Bangalore,4,31,2532,0
1394.5809149747279,23,NetBanking,Desktop,Delhi,0,9,1807,0
4074.734519277519,5,Wallet,Desktop,Hyderabad,7,27,3429,0
198.79675840272978,0,Wallet,iPhone,Mumbai,8,12,624,0
5495.77304807254,6,NetBanking,Android,Chennai,4,8,158,0
1950.621997161652,0,Wallet,iPhone,Hyderabad,4,44,569,0
11409.952473304837,18,UPI,iPhone,Bangalore,5,41,1726,0
10951.561116018707,7,NetBanking,Desktop,Chennai,8,22,3617,0
1967.3661327106797,2,Card,Android,Chennai,4,18,3073,0
11561.202569055897,0,Card,Desktop,Hyderabad,1,30,1667,0
27808.38618074186,0,NetBanking,iPhone,Bangalore,2,49,9,1
8726.736769711308,6,Wallet,Desktop,Hyderabad,9,11,509,0
9317.502459260151,20,Wallet,iPhone,Mumbai,2,2,544,0
1431.806299604674,12,Card,Android,Chennai,8,29,2637,0
4298.398992553327,0,Card,Desktop,Hyderabad,7,26,2040,0
348.1220362865055,15,UPI,Desktop,Hyderabad,5,14,2861,0
498.6483092402734,21,Wallet,Desktop,Mumbai,4,28,95,0
34028.75609944641,21,UPI,Desktop,Hyderabad,9,35,2745,1
1977.3702970479465,13,Card,Desktop,Chennai,1,6,1301,0
6895.28133814556,3,Card,Android,Delhi,8,36,1559,1
8216.655588657974,22,Card,Android,Delhi,9,12,973,0
9760.460575716626,22,Card,Desktop,Bangalore,7,34,2970,1
30220.735930216168,11,UPI,iPhone,Mumbai,4,6,3033,0
1382.0392319829855,11,Card,iPhone,Bangalore,5,37,117,0
205.9375297847147,16,NetBanking,Desktop,Delhi,8,37,1480,1
2648.2715304569138,20,Wallet,Desktop,Mumbai,0,8,360,0
696.7739778697819,14,Card,Android,Hyderabad,3,37,1054,0
113.40586641273957,9,Wallet,Android,Hyderabad,4,40,2373,0
2234.7712126266642,2,Card,Desktop,Chennai,8,33,1944,1
7656.329021790305,22,UPI,Desktop,Delhi,4,41,74,0
4175.63585401623,19,Wallet,iPhone,Hyderabad,4,46,979,0
1875.489395772082,19,UPI,Android,Mumbai,2,31,1443,0
5311.527239748332,11,Card,Desktop,Hyderabad,7,34,807,1
1319.9460919587746,0,NetBanking,Android,Bangalore,6,11,1287,0
72.42930686019672,0,NetBanking,Desktop,Bangalore,7,36,3518,1
7227.109981674551,9,NetBanking,Desktop,Bangalore,3,4,551,0
4887.41541994483,17,NetBanking,Desktop,Bangalore,7,17,2452,0
7183.784729547108,14,NetBanking,Desktop,Bangalore,9,16,2152,0
198.58186663832365,1,UPI,iPhone,Chennai,3,30,3512,0
9073.696303464501,16,NetBanking,Desktop,Bangalore,0,39,1888,0
4831.6898045698,7,Card,iPhone,Chennai,3,44,2754,0
4143.635930371261,21,UPI,iPhone,Chennai,4,49,2191,0
4899.002886260929,21,UPI,Desktop,Hyderabad,9,5,2762,0
9991.455584666099,8,NetBanking,Android,Mumbai,7,40,917,1
4420.769803459723,20,Wallet,Android,Bangalore,9,37,207,1
4348.829704919095,19,Card,Desktop,Mumbai,5,43,2594,0
23377.51105393526,10,UPI,Desktop,Delhi,9,26,1907,1
7067.920140598498,5,Card,Desktop,Chennai,4,28,1285,0
2919.6149416729463,23,Wallet,Android,Delhi,2,19,824,0
6144.692688281089,13,UPI,Android,Chennai,3,21,1107,0
2465.1779752405428,0,Card,Desktop,Bangalore,5,28,2311,0
1299.5269560208721,6,NetBanking,Android,Delhi,5,19,2220,0
4542.256167094157,23,UPI,iPhone,Hyderabad,5,36,362,0
13168.107520581172,8,UPI,Android,Delhi,1,11,42,0
13235.212029327808,10,UPI,Android,Chennai,7,19,1764,0
2092.032018851315,23,UPI,Desktop,Chennai,7,5,2322,0
3750.465962435363,22,NetBanking,iPhone,Mumbai,5,2,1798,0
1188.9761909378167,15,Wallet,Desktop,Delhi,3,25,500,0
27166.23096007408,18,Wallet,Android,Hyderabad,1,26,132,0
19847.706561621562,1,Card,iPhone,Bangalore,5,30,3525,0
5242.10024943048,14,NetBanking,Desktop,Mumbai,5,17,2958,0
8158.777018532883,2,NetBanking,Android,Delhi,9,21,2473,0
6278.088017923939,3,Card,iPhone,Mumbai,2,20,2991,0
4496.654568445091,19,NetBanking,Desktop,Delhi,1,18,2657,0
274.11863195983733,21,NetBanking,iPhone,Bangalore,3,47,1077,0
3032.6858939522594,6,UPI,Android,Bangalore,7,16,2837,0
5616.363904695658,11,UPI,Desktop,Hyderabad,4,28,1421,0
5658.750875488165,3,UPI,Android,Mumbai,2,12,2242,0
2335.0216057317393,9,NetBanking,iPhone,Hyderabad,4,40,3471,0
14210.07872475774,5,NetBanking,Android,Delhi,8,6,1007,0
915.7516941152923,21,Wallet,iPhone,Bangalore,7,24,464,0
3469.3316575906993,13,UPI,Desktop,Bangalore,9,43,1379,1
5870.192960707369,2,Card,Android,Chennai,6,6,1197,0
5972.353891048593,16,NetBanking,Desktop,Chennai,3,17,3412,0
5229.70485491036,10,UPI,Desktop,Hyderabad,1,42,2241,0
1609.906194807168,9,Wallet,Desktop,Mumbai,8,19,1454,0
849.2378198547864,20,UPI,Desktop,Delhi,2,47,2435,0
5052.187437461948,9,Wallet,Android,Hyderabad,5,48,657,0
4572.737712303205,9,Wallet,Android,Bangalore,6,28,1001,0
988.3294682328686,2,NetBanking,Desktop,Bangalore,2,29,3540,0
6106.258569092443,23,Wallet,Desktop,Bangalore,2,49,1812,0
3036.4255764388963,14,Wallet,iPhone,Delhi,2,7,1796,0
5509.497301556075,16,Card,Desktop,Hyderabad,2,19,1355,0
9081.298204613951,17,Wallet,iPhone,Delhi,2,8,3599,0
930.012186111506,18,Card,iPhone,Bangalore,6,8,3501,0
96.65252060320518,18,Card,Desktop,Chennai,4,5,795,0
7550.28438535453,11,UPI,Android,Hyderabad,3,43,3068,0
4704.165038596198,23,UPI,iPhone,Chennai,5,34,3288,0
6013.8604543900055,4,NetBanking,Android,Hyderabad,7,21,1300,0
9105.580186750543,23,NetBanking,Desktop,Bangalore,1,4,108,0
8117.961443897677,15,NetBanking,Desktop,Chennai,2,44,256,0
16210.741057540956,14,Wallet,Desktop,Chennai,1,36,1103,0
3838.6541013813157,14,UPI,Desktop,Hyderabad,6,5,2438,0
3351.995776638009,5,Wallet,iPhone,Chennai,1,49,3602,0
2569.8795693722027,11,UPI,iPhone,Chennai,4,23,3414,0
834.3539423031891,1,Wallet,Android,Bangalore,9,19,3377,0
4250.259296105759,19,NetBanking,Android,Hyderabad,8,42,725,1
1621.8168984630424,8,UPI,iPhone,Hyderabad,7,46,1944,1
12711.037909505007,3,UPI,Desktop,Mumbai,7,15,1233,0
4375.633630557237,4,Card,Android,Hyderabad,2,14,3083,0
4492.747468663413,20,UPI,iPhone,Bangalore,0,48,3218,0
2191.94082082837,7,UPI,Android,Chennai,1,8,3107,0
266.9477234958443,21,Wallet,iPhone,Mumbai,6,9,1591,0
161.29260770302403,9,NetBanking,Desktop,Chennai,3,40,3423,0
2752.4701015670294,6,Card,iPhone,Hyderabad,9,11,540,0
441.78164933378406,21,Wallet,Android,Delhi,4,44,2904,0
4667.781584065129,13,UPI,iPhone,Chennai,0,46,109,0
10642.02484115725,4,Wallet,Android,Hyderabad,1,18,2072,0
10724.267725759071,15,NetBanking,Android,Bangalore,8,32,1697,1
5380.029890547041,14,Card,Android,Hyderabad,5,44,499,0
1186.4141540467563,4,Wallet,Desktop,Mumbai,6,36,3038,1
9938.756123270603,2,UPI,Desktop,Delhi,4,45,2420,0
10861.88387330262,22,Wallet,iPhone,Delhi,8,21,1189,0
1094.8462850360547,9,UPI,iPhone,Delhi,9,27,2445,0
6686.113292848203,4,Card,Android,Bangalore,4,48,2320,0
1688.0012053853386,22,Card,Desktop,Delhi,5,42,3499,0
8113.636947089958,14,Wallet,iPhone,Chennai,9,21,3145,0
29458.819920511763,17,Card,iPhone,Bangalore,8,11,50,1
152.43008731011756,7,NetBanking,Desktop,Hyderabad,4,44,3597,0
11382.923547395158,20,Wallet,Android,Mumbai,3,34,71,0
4872.652772287815,1,UPI,iPhone,Bangalore,4,5,1955,0
18130.95430860339,21,Wallet,Android,Mumbai,4,28,492,0
3127.5316100669693,7,UPI,Desktop,Bangalore,4,10,474,0
9399.280356643363,22,Card,Desktop,Hyderabad,0,48,1225,0
322.12767012842176,7,UPI,iPhone,Mumbai,4,12,24,0
2041.9397528551704,3,UPI,iPhone,Bangalore,4,41,3041,0
346.8390182076232,18,UPI,Desktop,Mumbai,0,3,469,0
18513.499282987344,22,UPI,Android,Delhi,3,1,1461,0
8490.632765453647,17,NetBanking,Android,Delhi,7,37,214,1
9571.243274335699,20,UPI,Desktop,Delhi,3,40,1319,0
13900.301338964835,22,Wallet,iPhone,Chennai,6,49,147,1
444.72159843660444,0,NetBanking,Desktop,Delhi,5,1,2988,0
2435.5258936051096,19,UPI,iPhone,Delhi,4,13,2430,0
368.42048178420515,14,UPI,Android,Hyderabad,8,38,1710,1
1183.6338190250638,17,UPI,iPhone,Mumbai,7,15,3501,0
1302.7071848820397,21,NetBanking,Android,Mumbai,4,7,1440,0
3165.97591084984,11,UPI,Desktop,Delhi,9,30,1029,0
1563.7152419979116,0,UPI,iPhone,Mumbai,6,24,844,0
532.2394599515666,6,UPI,Android,Bangalore,8,8,872,0
916.5567669698086,18,Card,iPhone,Delhi,6,3,2438,0
796.5941795647717,0,Wallet,Android,Delhi,2,15,2898,0
18073.834164996213,23,UPI,Android,Chennai,9,36,1031,1
7120.864021507772,6,Wallet,Desktop,Bangalore,4,41,723,0
17172.964055921457,1,Card,Desktop,Delhi,8,43,2831,1
2896.775928236257,6,Card,iPhone,Delhi,8,14,3562,0
1631.2031639109377,18,UPI,Android,Mumbai,7,27,3401,0
8004.7005365923505,12,Wallet,Desktop,Delhi,5,30,1300,0
1974.5098602513415,23,NetBanking,iPhone,Delhi,6,41,3312,1
1778.9721849606435,4,UPI,Desktop,Delhi,6,44,2875,1
1323.1230349408831,22,NetBanking,iPhone,Delhi,0,37,2004,0
694.4657242346085,18,Card,Desktop,Chennai,7,6,2052,0
1481.684158781171,0,Card,Desktop,Bangalore,5,19,1738,0
2195.0040958558247,0,Wallet,Android,Chennai,6,37,2154,1
5604.200656745553,17,NetBanking,Android,Mumbai,9,1,40,0
323.0384428183206,23,NetBanking,Desktop,Hyderabad,9,25,2625,0
1181.8211763742077,0,UPI,Android,Delhi,1,10,2595,0
8278.028148781994,4,Wallet,Desktop,Mumbai,6,46,2604,1
794.5210206221643,8,Wallet,iPhone,Hyderabad,7,26,1287,0
2097.6564723377955,11,NetBanking,Desktop,Delhi,4,23,2710,0
9999.785910183711,8,Card,Desktop,Delhi,0,17,3351,0
841.6513317584938,17,Wallet,iPhone,Hyderabad,5,30,577,0
431.8043191951981,22,Card,iPhone,Chennai,2,27,2392,0
3313.458417686708,10,UPI,Android,Hyderabad,4,11,788,0
1800.686879638946,0,Wallet,iPhone,Hyderabad,8,4,1568,0
4143.784966406359,18,Wallet,Android,Bangalore,6,18,3551,0
8143.2282908656425,21,UPI,Desktop,Delhi,7,19,1889,0
737.5633156735948,9,Wallet,iPhone,Delhi,5,36,164,0
4345.832207681815,1,NetBanking,Desktop,Chennai,8,44,402,1
3521.129218640965,6,NetBanking,Android,Chennai,2,46,2533,0
777.8847340567875,19,UPI,iPhone,Bangalore,0,26,353,0
4890.810538759516,1,Card,Android,Bangalore,9,1,673,0
1598.5504728562223,18,Card,Android,Bangalore,3,20,2885,0
3345.535548474945,5,Wallet,iPhone,Chennai,7,11,3154,0
429.2729095505401,9,Card,iPhone,Hyderabad,5,25,265,0
3077.080857529958,8,Card,Android,Delhi,6,19,1066,0
1829.7568147735685,7,UPI,iPhone,Delhi,8,32,3039,1
8640.578305722409,10,Card,Android,Mumbai,1,1,1223,0
293.3321887280849,8,Card,Desktop,Chennai,6,1,3455,0
2711.644018475361,19,Card,Desktop,Chennai,3,3,207,0
3066.4278999475177,19,NetBanking,iPhone,Bangalore,6,46,110,1
6455.031385964184,8,NetBanking,iPhone,Mumbai,7,40,1668,1
4269.956097824136,7,UPI,Desktop,Mumbai,1,32,3502,0
5501.253208091015,14,Wallet,Android,Chennai,6,47,1767,1
7504.022719200143,1,UPI,Android,Bangalore,7,36,2120,1
9909.867500789174,23,Wallet,Android,Delhi,0,43,408,0
1883.4808803283204,0,Wallet,iPhone,Bangalore,9,8,840,0
3861.1976745870343,8,Card,Android,Delhi,4,30,1660,0
9166.285911198182,8,Card,iPhone,Chennai,8,39,2757,1
22758.68312642863,12,UPI,iPhone,Bangalore,1,34,279,1
11014.572669368903,7,UPI,iPhone,Mumbai,5,8,3179,0
2321.8358210038937,20,UPI,Desktop,Hyderabad,1,25,3511,0
1085.599383242565,4,NetBanking,Android,Mumbai,2,26,1890,0
3360.7707946998785,2,NetBanking,iPhone,Delhi,5,27,51,0
6767.03468632035,20,NetBanking,Android,Chennai,4,19,1147,0
3391.9733866756933,3,NetBanking,Desktop,Bangalore,3,23,3634,0
3300.311490037453,16,NetBanking,Android,Chennai,6,41,431,1
9107.911543049326,15,Card,Desktop,Chennai,2,16,1875,0
2242.414582282474,15,Wallet,iPhone,Delhi,9,8,2599,0
9823.236611522212,19,NetBanking,iPhone,Chennai,6,30,324,0
2611.158810307507,2,UPI,Desktop,Bangalore,8,8,1864,0
1989.2194104343907,5,Wallet,iPhone,Mumbai,1,11,2423,0
3025.5891287585646,0,NetBanking,Android,Chennai,4,7,874,0
7186.821742735029,20,NetBanking,Android,Bangalore,0,21,1805,0
673.3861176990654,15,Card,Desktop,Bangalore,6,34,548,1
1093.3877928111208,14,Card,Android,Delhi,1,21,1445,0
15125.272562192738,6,Card,iPhone,Chennai,4,5,2986,0
964.839911254856,1,NetBanking,iPhone,Delhi,0,43,376,0
4193.493406866942,9,Card,iPhone,Mumbai,0,17,2157,0
4329.348380491145,14,NetBanking,Android,Mumbai,3,21,1779,0
3363.04237657266,5,Wallet,iPhone,Bangalore,6,6,2539,0
5174.600686113209,1,Wallet,Android,Chennai,6,45,3295,1
1305.6987900925894,23,NetBanking,Desktop,Bangalore,7,7,1043,0
4022.2070829147433,23,UPI,iPhone,Chennai,8,11,2597,0
2327.4551736404087,16,NetBanking,Desktop,Delhi,3,18,1241,0
5418.627143872415,0,Wallet,Android,Mumbai,1,38,1729,0
761.2331381052286,0,Wallet,Android,Mumbai,9,12,2281,0
4230.063296187815,3,NetBanking,Desktop,Delhi,9,22,1575,0
1024.494725853495,19,NetBanking,iPhone,Hyderabad,2,3,2025,0
1633.1060305257065,15,NetBanking,iPhone,Hyderabad,8,19,1434,0
1234.0431183475278,7,Wallet,iPhone,Hyderabad,7,43,2602,1
1009.588239898087,0,UPI,Desktop,Chennai,5,23,1536,0
8735.20080051758,18,NetBanking,Android,Delhi,2,34,3262,0
1682.3141569534437,10,Wallet,Desktop,Chennai,9,3,1845,0
13094.964595202688,16,NetBanking,Android,Chennai,7,23,963,0
17520.55868226091,9,Wallet,iPhone,Delhi,1,49,1330,0
4234.528502392569,11,NetBanking,iPhone,Chennai,3,5,2921,0
771.5933519011431,8,Wallet,Android,Delhi,3,29,3525,0
2346.4053987741577,6,NetBanking,iPhone,Hyderabad,8,34,107,1
7990.815151086436,11,Card,Desktop,Hyderabad,7,44,1693,1
2289.511561743342,14,NetBanking,Android,Chennai,6,5,1249,0
455.1912880210078,7,Wallet,iPhone,Mumbai,3,29,1410,0
4068.5004919447892,16,NetBanking,iPhone,Delhi,6,45,1554,1
9325.550766240665,4,UPI,iPhone,Bangalore,0,24,60,0
7946.37251445945,13,NetBanking,iPhone,Bangalore,7,39,2420,1
962.6058227600851,1,NetBanking,Android,Chennai,7,21,3214,0
5585.377667199042,15,NetBanking,Android,Mumbai,8,32,118,1
1245.540299742289,16,UPI,iPhone,Delhi,8,43,2728,1
1230.8298155587215,2,UPI,Desktop,Hyderabad,0,5,3264,0
10360.21581868679,22,UPI,Desktop,Chennai,9,18,286,0
1436.2038674606604,0,Card,Desktop,Delhi,6,38,1565,1
1527.5152788324526,17,UPI,Desktop,Delhi,0,35,1693,0
3.2680215703518454,17,Card,Android,Delhi,5,38,19,0
10226.902666443611,3,NetBanking,Android,Mumbai,4,16,1006,0
7865.404874322917,14,Card,Desktop,Delhi,1,35,2650,0
4935.295559612934,18,NetBanking,Android,Mumbai,2,24,1594,0
6936.789911598988,18,Card,Desktop,Mumbai,7,36,1014,1
824.6595886831491,9,UPI,iPhone,Delhi,1,5,116,0
3065.4324691254774,4,UPI,iPhone,Hyderabad,3,9,3112,0
2163.3032924217136,18,Card,Desktop,Delhi,2,4,3337,0
492.3467179710379,10,Card,Android,Hyderabad,6,33,121,1
3328.9295402065054,6,UPI,Desktop,Chennai,7,27,2670,0
12675.086398529636,4,NetBanking,Android,Bangalore,3,22,2412,0
204.4178938049949,19,NetBanking,iPhone,Chennai,5,11,2253,0
1722.7502670192948,11,NetBanking,Android,Mumbai,2,5,2534,0
1163.0721454153988,18,NetBanking,Desktop,Chennai,6,10,671,0
1360.0060034847197,14,Wallet,iPhone,Bangalore,7,3,2894,0
11953.506411923292,11,NetBanking,iPhone,Bangalore,6,15,95,0
3156.207996288356,3,Wallet,Android,Hyderabad,3,46,3471,0
3139.601478306203,11,Wallet,iPhone,Chennai,9,37,2594,1
7147.588734519326,17,UPI,iPhone,Mumbai,8,40,2802,1
839.0894505614924,16,UPI,Android,Mumbai,9,17,1854,0
3339.9841354523955,18,Card,iPhone,Hyderabad,7,20,2378,0
2810.4648917574455,15,NetBanking,Desktop,Hyderabad,5,4,825,0
4542.985650204533,10,NetBanking,Android,Chennai,1,34,2709,0
38617.6476103123,1,UPI,Android,Hyderabad,9,34,615,1
7336.413617363867,15,UPI,Android,Bangalore,6,31,310,1
2536.3738693217297,0,UPI,Android,Mumbai,8,34,1241,1
8788.328196142538,16,Card,Desktop,Bangalore,8,3,677,0
935.9169618058402,17,NetBanking,Android,Delhi,8,28,168,0
154.68674449368606,12,Card,Desktop,Bangalore,8,41,2580,1
1143.5976691547312,4,Wallet,Android,Mumbai,5,37,1133,0
2080.6960416615416,23,Wallet,Android,Delhi,0,29,199,0
3572.6790505528024,5,NetBanking,iPhone,Chennai,5,15,402,0
4774.237154703566,0,UPI,iPhone,Delhi,4,36,2793,0
12073.49274895966,9,UPI,Desktop,Hyderabad,6,35,2220,1
3565.259962798689,4,Card,iPhone,Mumbai,7,41,184,1
3478.5086494797633,0,Wallet,Android,Hyderabad,0,10,17,0
257.7456346178432,22,Wallet,Desktop,Bangalore,9,17,554,0
177.6776328235749,10,NetBanking,iPhone,Chennai,3,30,3015,0
4005.4435866823446,23,Wallet,Android,Mumbai,3,8,2204,0
2882.8564838544908,23,UPI,iPhone,Chennai,0,23,1045,0
9137.360039524066,6,UPI,iPhone,Mumbai,3,19,1445,0
875.8137200227975,17,UPI,iPhone,Hyderabad,6,37,1175,1
126.44371955660195,20,NetBanking,iPhone,Bangalore,5,43,1135,0
2980.4541576218885,19,Card,Android,Delhi,3,36,1840,0
1355.6232430193663,20,Wallet,iPhone,Chennai,1,4,1339,0
254.43726975349387,9,NetBanking,Desktop,Mumbai,6,26,640,0
6447.622360550428,14,Card,Desktop,Mumbai,7,47,458,1
591.6265380557514,3,NetBanking,iPhone,Chennai,8,40,1006,1
4686.5441128329985,15,Wallet,Desktop,Delhi,8,27,1076,0
1649.815586056245,14,UPI,iPhone,Bangalore,3,13,3345,0
952.7529148633623,14,Card,Android,Mumbai,2,44,806,0
2388.175558723339,11,Card,Android,Mumbai,4,34,385,0
8083.465242579142,7,NetBanking,Desktop,Chennai,5,33,587,0
2488.671591218777,7,NetBanking,Desktop,Chennai,7,46,2977,1
6946.8885329597815,17,UPI,iPhone,Mumbai,2,26,863,0
670.436574455666,5,NetBanking,iPhone,Mumbai,5,20,3160,0
7408.994031594319,4,Wallet,iPhone,Mumbai,4,8,3092,0
1352.049330360584,1,Wallet,Android,Hyderabad,6,16,1455,0
5656.604087255281,11,Wallet,iPhone,Mumbai,8,5,2629,0
4171.037708251309,3,Wallet,Android,Bangalore,6,34,1194,1
13235.578763142397,22,UPI,Desktop,Bangalore,5,47,666,0
2449.5830598328184,12,UPI,Android,Delhi,8,27,2865,0
342.27859051140086,16,UPI,Desktop,Chennai,9,36,2154,1
96.70664486445757,15,NetBanking,Android,Delhi,3,4,327,0
8768.232259392127,8,UPI,Android,Mumbai,0,42,3291,0
3719.4203873678034,0,Card,iPhone,Chennai,7,7,2834,0
7463.700701425875,14,Card,Desktop,Mumbai,5,37,1894,0
1335.644386220155,11,Card,Android,Chennai,5,36,1631,0
2116.2395363326136,4,NetBanking,Android,Hyderabad,4,24,265,0
152.83148986313606,22,NetBanking,Desktop,Hyderabad,9,15,322,0
16284.488479234655,23,UPI,Android,Hyderabad,2,49,2364,0
5511.112589061934,17,Wallet,Desktop,Delhi,5,6,108,0
13530.641827008183,19,Card,Desktop,Chennai,0,26,1829,0
1542.8019610061597,1,NetBanking,Desktop,Delhi,6,26,1967,0
4726.842243809472,3,Card,Android,Chennai,5,25,1773,0
5673.788183406286,14,UPI,Android,Mumbai,4,33,3581,0
1910.3278773241575,5,NetBanking,iPhone,Hyderabad,2,3,2589,0
9422.968339540976,21,Wallet,Desktop,Hyderabad,7,9,3042,0
14702.572425907543,11,Wallet,Android,Chennai,3,37,2623,0
10807.82048718696,17,NetBanking,Android,Delhi,8,38,1551,1
6717.457586923357,19,Wallet,Desktop,Delhi,8,30,238,0
1624.944869983028,3,UPI,Desktop,Bangalore,4,27,1033,0
1653.7554628434193,0,Wallet,Desktop,Hyderabad,6,13,2384,0
16533.11742506215,14,Card,iPhone,Hyderabad,5,23,3394,0
51.68873392039226,17,Card,iPhone,Delhi,5,3,2049,0
6294.785092121541,13,Card,iPhone,Hyderabad,3,23,121,0
6125.065749837182,2,NetBanking,Desktop,Delhi,9,35,3081,1
4873.434658081642,14,NetBanking,Android,Bangalore,7,24,313,0
23080.572327089856,4,NetBanking,Desktop,Chennai,9,37,184,1
1868.9560884289394,23,NetBanking,Android,Chennai,2,12,1262,0
2077.3640712701704,21,NetBanking,iPhone,Bangalore,4,20,889,0
411.1472502245692,2,UPI,iPhone,Hyderabad,0,18,1794,0
2924.138463799997,21,NetBanking,iPhone,Mumbai,0,7,769,0
1512.615124595582,6,Wallet,Android,Hyderabad,8,26,3068,0
2103.3001078636576,5,UPI,Android,Delhi,3,12,330,0
8996.089781267632,21,NetBanking,Desktop,Mumbai,8,34,2519,1
13704.249918254915,0,Wallet,Desktop,Bangalore,6,48,822,1
1027.3352268225353,18,UPI,Desktop,Chennai,9,32,1043,1
2330.1292081441807,6,Card,iPhone,Chennai,7,30,1042,0
13199.427710520375,3,UPI,Desktop,Hyderabad,8,2,1304,0
319.00575565085666,11,NetBanking,iPhone,Chennai,0,8,127,0
484.54018310194004,19,UPI,Android,Hyderabad,6,33,3380,1
888.407627280324,22,UPI,iPhone,Delhi,7,46,3286,1
4521.969331851856,17,Card,iPhone,Delhi,1,42,3348,0
815.3734842803942,8,UPI,iPhone,Bangalore,9,30,1021,0
17222.045748766886,18,UPI,Android,Delhi,8,45,1353,1
2959.4059254304434,21,Card,Android,Hyderabad,0,42,1743,0
3480.938595079946,3,NetBanking,Desktop,Chennai,2,45,2748,0
1416.1839422852345,0,Wallet,Desktop,Delhi,8,28,16,0
3183.4585638603844,8,UPI,Desktop,Delhi,0,13,2701,0
5422.269456987177,14,Card,Android,Hyderabad,3,24,2485,0
6955.070145337542,21,UPI,Android,Delhi,9,33,6,1
7009.4381881663585,7,NetBanking,Android,Chennai,5,5,2329,0
4312.459857190263,14,NetBanking,Android,Chennai,5,48,2063,0
11735.808918792034,14,Card,Android,Chennai,3,6,3382,0
8502.501435670823,17,Wallet,iPhone,Chennai,9,4,2514,0
7074.459290608738,6,Wallet,Desktop,Mumbai,9,42,1451,1
286.05660274103417,21,UPI,iPhone,Chennai,9,43,3553,1
34.50862210747384,17,Card,Desktop,Mumbai,9,34,1664,1
1194.1248046516137,15,Wallet,iPhone,Chennai,0,29,3598,0
5446.136239986657,1,NetBanking,Android,Chennai,4,21,1785,0
2648.3222338555297,3,Wallet,Desktop,Hyderabad,4,26,1570,0
2574.2205964007476,19,Card,iPhone,Chennai,2,32,386,0
10796.186555842174,15,NetBanking,Desktop,Delhi,2,22,1556,0
11295.849030154477,2,UPI,Android,Chennai,3,41,762,0
11994.118040788866,23,NetBanking,Android,Bangalore,2,14,2922,0
1883.4996801044138,22,Wallet,Desktop,Hyderabad,2,34,3344,0
5872.9732107524105,1,Wallet,Desktop,Hyderabad,2,37,3267,0
1584.752429051964,2,Wallet,Android,Chennai,6,44,2286,1
1057.370976056068,4,UPI,Android,Bangalore,8,1,2974,0
1020.5814740946557,1,Wallet,Android,Chennai,0,32,2519,0
2093.5695928863474,18,Card,iPhone,Delhi,7,32,3175,1
2810.222848269944,23,UPI,Desktop,Hyderabad,9,24,1267,0
8887.779231457116,19,NetBanking,Android,Hyderabad,0,44,3065,0
638.5481087491485,1,Wallet,Desktop,Bangalore,8,21,215,0
6638.7283549360445,1,Card,iPhone,Mumbai,7,12,2947,0
3790.614737730348,21,Card,iPhone,Bangalore,5,20,2125,0
1698.003023060038,23,UPI,Android,Delhi,5,37,2432,0
3394.442448212634,22,Card,Desktop,Bangalore,9,20,2995,0
1782.9609495077298,19,UPI,iPhone,Mumbai,6,2,2169,0
4532.71640550258,17,UPI,Desktop,Delhi,7,14,1838,0
2844.4274205978622,19,UPI,Desktop,Delhi,6,17,3624,0
898.0593310915677,20,NetBanking,Android,Mumbai,0,24,1565,0
619.7901028445115,13,NetBanking,iPhone,Chennai,9,30,1943,0
3955.9579776970218,14,Card,iPhone,Bangalore,3,15,2792,0
11635.056661237526,11,NetBanking,iPhone,Delhi,3,49,145,0
2107.6499495978765,10,UPI,Desktop,Bangalore,8,34,2005,1
6602.535110824133,10,UPI,iPhone,Mumbai,8,8,1117,0
5374.401002359871,6,NetBanking,iPhone,Hyderabad,2,42,2533,0
13408.617619868695,11,Card,Desktop,Mumbai,8,3,837,0
8601.317150779932,15,UPI,iPhone,Bangalore,4,11,505,0
4180.531620112004,4,NetBanking,iPhone,Delhi,5,27,1346,0
5350.568759519473,1,Wallet,Desktop,Bangalore,6,9,1782,0
11432.892748977167,21,Card,iPhone,Hyderabad,2,15,1099,0
2550.1195976414406,15,Card,Android,Delhi,3,32,463,0
1978.5247627584629,22,Card,Desktop,Hyderabad,4,11,2199,0
54.34974021507358,14,Wallet,iPhone,Chennai,0,3,3207,0
8759.360493377886,10,UPI,Android,Mumbai,7,26,2987,0
8071.76738031259,5,Card,Desktop,Chennai,6,7,1214,0
551.6113468993782,12,NetBanking,iPhone,Bangalore,1,28,3106,0
4300.229981594398,18,Card,Desktop,Chennai,6,39,3430,1
3117.9348664161926,9,NetBanking,Android,Mumbai,8,4,3177,0
631.8375474465348,23,Card,Desktop,Delhi,4,30,369,0
19704.22886118751,18,NetBanking,iPhone,Hyderabad,5,38,3635,0
1208.4211585809953,4,NetBanking,Android,Delhi,4,14,172,0
348.0055326070639,20,NetBanking,Desktop,Chennai,0,36,3142,0
4517.457210631046,6,Wallet,iPhone,Bangalore,5,31,720,0
6713.620932495302,10,Wallet,iPhone,Chennai,6,19,2487,0
164.9070104427652,13,Wallet,Android,Mumbai,4,49,3394,0
5375.225527050154,22,UPI,Android,Mumbai,2,12,2618,0
3799.5542209415817,20,NetBanking,Desktop,Bangalore,5,49,1144,0
544.9744983834416,15,UPI,iPhone,Delhi,6,15,683,0
946.8751323152914,17,Wallet,Android,Mumbai,9,9,111,0
4196.350977771915,20,NetBanking,iPhone,Mumbai,9,27,1597,0
1757.4251281346515,22,UPI,Desktop,Bangalore,8,20,3328,0
13928.631509919767,22,Wallet,Android,Delhi,6,28,1446,0
8539.120402026763,3,UPI,Desktop,Chennai,2,25,156,0
20542.381689356003,0,UPI,Desktop,Hyderabad,0,16,3257,0
1503.3018972719208,21,Wallet,Android,Bangalore,6,18,2601,0
17486.93915561699,14,NetBanking,Desktop,Delhi,7,36,713,1
2821.4297415654246,13,Card,iPhone,Hyderabad,0,4,3033,0
2134.86472639357,18,Card,Android,Bangalore,4,21,3634,0
258.30642606752446,4,UPI,iPhone,Chennai,7,27,3309,0
271.0416837253274,3,UPI,Desktop,Chennai,9,1,1882,0
5888.46020978852,12,UPI,Android,Delhi,6,5,3517,0
3061.791397719095,17,NetBanking,iPhone,Delhi,1,44,1527,0
1284.2878401807568,11,UPI,iPhone,Chennai,3,46,3397,0
4759.2049292871925,22,UPI,iPhone,Chennai,5,10,3449,0
1457.5008823830735,20,UPI,iPhone,Bangalore,6,21,2897,0
4309.388627103655,14,Wallet,iPhone,Delhi,6,10,1818,0
2225.257667094912,22,Card,Desktop,Hyderabad,2,26,503,0
8673.651739398309,8,Card,Desktop,Chennai,7,16,1690,0
8593.367431283086,3,Wallet,Desktop,Hyderabad,6,38,1899,1
3244.220083708896,4,NetBanking,Desktop,Delhi,3,3,457,0
2160.219394899083,8,NetBanking,Desktop,Delhi,9,20,2455,0
2251.4740243649117,12,NetBanking,Desktop,Mumbai,3,47,692,0
8192.133421825596,9,Wallet,Desktop,Chennai,3,5,1019,0
1988.8203081482577,15,Card,iPhone,Delhi,4,6,3160,0
1172.6618780401755,12,Card,Desktop,Delhi,1,25,1129,0
442.45330864340747,3,UPI,iPhone,Chennai,8,25,1609,0
3143.2913115542137,20,Card,Android,Mumbai,5,12,3530,0
3290.175432324232,12,NetBanking,Desktop,Mumbai,7,1,2932,0
9191.385465563266,20,NetBanking,iPhone,Mumbai,0,42,966,0
1250.2534699439354,7,UPI,Android,Mumbai,5,3,1924,0
2398.1795446533665,12,UPI,Android,Bangalore,5,21,257,0
8261.876831831261,14,Card,iPhone,Chennai,7,5,1158,0
8675.674960755783,19,UPI,iPhone,Chennai,0,15,952,0
2427.504071358549,19,UPI,iPhone,Chennai,4,4,3558,0
3072.8263731820925,12,Wallet,Desktop,Mumbai,2,19,3357,0
1806.900628753184,22,Card,Android,Mumbai,5,17,1772,0
13482.205126989522,4,NetBanking,Desktop,Delhi,8,8,387,0
631.4669130403347,21,Wallet,Desktop,Bangalore,9,37,2944,1
13571.555523709792,21,NetBanking,Desktop,Chennai,2,24,621,0
5757.952669500004,5,UPI,Android,Bangalore,8,4,2392,0
3791.8659851665666,4,UPI,Android,Chennai,8,24,426,0
166.02135752814144,12,NetBanking,Android,Mumbai,0,19,3209,0
3227.4663257359944,4,Wallet,iPhone,Mumbai,1,24,849,0
2619.116181453349,12,Wallet,Desktop,Chennai,3,41,2795,0
879.0270372663538,23,Wallet,iPhone,Hyderabad,6,45,3643,1
5341.52519457652,19,UPI,iPhone,Mumbai,1,21,294,0
17728.38368881519,22,Card,Desktop,Delhi,6,17,3114,0
4129.837685176118,7,UPI,Android,Mumbai,4,8,1784,0
6272.003882624176,8,NetBanking,Desktop,Delhi,9,31,1074,1
354.52949668158544,20,Wallet,iPhone,Bangalore,6,19,782,0
2703.5641137150756,18,Card,Android,Mumbai,8,11,1892,0
618.5191239833108,19,Wallet,Android,Mumbai,8,46,1197,1
4744.015841541464,14,UPI,iPhone,Bangalore,2,23,289,0
13942.140179522912,21,Card,Android,Delhi,2,37,1940,0
5420.260016915132,9,Card,Android,Hyderabad,6,28,1186,0
399.56342567061586,10,UPI,Desktop,Delhi,4,23,2627,0
2189.9379219915145,4,Wallet,Desktop,Chennai,4,12,3412,0
3999.914802101498,8,Wallet,iPhone,Chennai,4,16,323,0
2580.9311318943373,10,Wallet,iPhone,Chennai,8,16,2374,0
8968.126358031534,18,UPI,iPhone,Bangalore,3,14,2781,0
8428.113401910903,1,NetBanking,Android,Delhi,5,7,3239,0
4731.572594850992,5,NetBanking,iPhone,Mumbai,5,21,2783,0
2337.696901076391,22,Wallet,Desktop,Chennai,6,21,167,0
1474.1133548511468,20,Card,Android,Delhi,1,41,3441,0
559.544650176805,0,NetBanking,iPhone,Mumbai,5,35,85,0
2191.731722567041,2,Wallet,Android,Delhi,8,46,115,1
2665.121993928499,2,NetBanking,Android,Bangalore,2,24,1921,0
5632.326925124914,13,Wallet,Android,Chennai,1,1,865,0
5367.059868281256,19,NetBanking,iPhone,Hyderabad,7,14,3122,0
363.43489389965566,21,NetBanking,Android,Chennai,0,20,458,0
2514.777666913536,4,Card,Android,Chennai,7,28,372,0
1003.1132271889609,16,Card,Android,Bangalore,4,18,1242,0
852.8308464195053,14,NetBanking,Desktop,Mumbai,8,3,259,0
8781.05870859818,5,Wallet,iPhone,Chennai,8,27,1998,0
214.0950231550728,13,Card,Desktop,Mumbai,3,6,2864,0
2716.5966613329324,13,UPI,Android,Mumbai,0,4,3442,0
920.8382334480892,16,Card,Android,Bangalore,4,1,3168,0
10573.487596197598,7,NetBanking,Desktop,Chennai,6,21,1499,0
4071.38482603557,7,NetBanking,Android,Bangalore,8,35,1849,1
1315.797039000406,18,UPI,Desktop,Bangalore,9,28,225,0
3490.0678830690413,8,Card,Android,Hyderabad,8,18,1365,0
6574.2678223649755,10,NetBanking,Android,Bangalore,8,35,1870,1
15864.496757970013,12,UPI,Android,Hyderabad,5,21,3499,0
1245.1666157664185,12,UPI,Android,Mumbai,1,16,2532,0
10865.762977530829,23,Wallet,iPhone,Mumbai,4,26,3356,0
13613.594879810318,18,Card,iPhone,Delhi,2,39,348,0
12409.787685418447,20,Card,iPhone,Delhi,5,9,2389,0
5044.968972670079,18,Card,Desktop,Mumbai,4,23,1904,0
4968.8383651876575,4,NetBanking,Desktop,Chennai,9,2,699,0
2580.9552362416634,15,UPI,Desktop,Delhi,0,3,2025,0
6979.660926578272,8,Wallet,Desktop,Bangalore,9,33,1398,1
3788.898059611325,19,Card,iPhone,Delhi,9,24,413,0
5657.300669910428,21,Wallet,Desktop,Mumbai,1,23,1006,0
2797.085697013705,2,Wallet,Desktop,Chennai,4,6,1442,0
6574.455979103181,18,UPI,Desktop,Mumbai,5,21,2881,0
8699.769781963521,4,Card,Android,Chennai,0,47,2964,0
791.6752741484376,7,Wallet,Desktop,Delhi,6,5,282,0
8946.703451395797,13,Card,Android,Bangalore,2,13,1267,0
3885.8681584589767,23,Card,Desktop,Bangalore,0,40,2587,0
9310.88528217467,2,Card,Desktop,Mumbai,6,13,663,0
2822.0261254884176,23,Wallet,Android,Chennai,6,19,199,0
2382.4469651369423,12,UPI,Desktop,Delhi,9,9,2838,0
12329.093890356795,10,UPI,Android,Chennai,2,3,1455,0
1446.2115619560122,7,Wallet,Desktop,Chennai,5,31,3557,0
9296.306291709907,18,NetBanking,Desktop,Chennai,3,46,227,0
3308.441917498218,9,Card,Android,Delhi,3,39,1007,0
3608.7152910890263,17,Card,iPhone,Chennai,8,13,1220,0
1844.2312989449156,17,UPI,Android,Bangalore,6,41,733,1
4255.350505635326,6,Wallet,iPhone,Mumbai,5,11,2917,0
1966.777602199934,15,Wallet,Android,Hyderabad,8,41,228,1
200.30628561363372,5,NetBanking,iPhone,Chennai,2,11,2115,0
1587.2615752575573,15,NetBanking,Desktop,Bangalore,3,46,1349,0
31.997382229143653,15,UPI,iPhone,Bangalore,8,47,2386,1
19164.85480076762,22,NetBanking,Desktop,Mumbai,3,49,610,0
16869.93626237572,23,NetBanking,Android,Mumbai,6,1,1551,0
2513.917719693449,0,Wallet,iPhone,Hyderabad,8,35,3058,1
6516.5878904084275,23,Wallet,Desktop,Hyderabad,3,35,1918,0
2121.7574292857034,18,NetBanking,Android,Hyderabad,8,3,114,0
5559.90360274469,2,UPI,iPhone,Delhi,6,4,2152,0
8184.817523676712,5,NetBanking,Desktop,Delhi,3,24,428,0
14664.373762425988,3,UPI,iPhone,Bangalore,2,30,503,0
2555.8973972415765,3,NetBanking,iPhone,Mumbai,5,32,2025,0
7646.160312407585,3,Wallet,Desktop,Chennai,2,49,3379,0
1545.7438820776304,9,Wallet,Desktop,Mumbai,6,20,1217,0
23194.82619614794,8,UPI,Android,Delhi,0,36,2262,1
130.53725868436595,7,NetBanking,Desktop,Bangalore,6,13,1945,0
4625.759462519728,18,NetBanking,Desktop,Chennai,2,39,957,0
5386.788604024058,16,UPI,iPhone,Hyderabad,8,4,145,0
5824.490590486503,16,NetBanking,Desktop,Hyderabad,5,28,609,0
641.369494850031,0,Card,iPhone,Delhi,6,40,1588,1
13946.012527945164,19,Wallet,iPhone,Bangalore,8,43,2106,1
999.4750205818287,13,Wallet,Desktop,Mumbai,5,7,1721,0
4874.281012770189,21,UPI,Desktop,Delhi,9,9,678,0
1259.4906445104132,19,NetBanking,Desktop,Mumbai,1,22,2629,0
1835.1880931945868,10,UPI,Desktop,Chennai,5,4,123,0
3953.342975723864,2,Card,Android,Mumbai,5,36,2597,0
2699.4995596964586,23,NetBanking,iPhone,Chennai,1,33,2283,0
873.109979039669,7,Card,Android,Bangalore,6,6,2539,0
937.292053855441,21,UPI,Android,Delhi,8,3,2123,0
2707.668195564177,9,Wallet,iPhone,Mumbai,9,35,1996,1
7079.295169368646,16,Card,Android,Bangalore,3,33,1644,0
11412.179631090616,7,NetBanking,Desktop,Bangalore,4,7,1954,0
439.391466498047,21,UPI,Desktop,Mumbai,5,41,1827,0
2496.988423583337,0,UPI,Desktop,Hyderabad,0,35,2343,0
528.1670073437333,19,UPI,Desktop,Hyderabad,7,47,500,1
83.65838868808264,20,Wallet,iPhone,Chennai,8,3,2734,0
5419.387148993198,6,UPI,Desktop,Bangalore,0,43,1142,0
4612.165814772763,23,UPI,iPhone,Delhi,3,18,2704,0
889.7702242621856,8,Wallet,iPhone,Delhi,5,3,344,0
1331.6439793397283,11,UPI,iPhone,Bangalore,9,39,2207,1
119.96652324404326,21,UPI,iPhone,Hyderabad,0,27,782,0
9007.449453855672,8,Card,Android,Bangalore,2,9,1777,0
18382.896273127106,19,UPI,Android,Chennai,6,17,47,0
727.7858481349543,23,Wallet,Desktop,Bangalore,7,41,1952,1
1316.4123188918736,2,Card,iPhone,Mumbai,7,42,2411,1
10140.303165636087,3,UPI,Desktop,Hyderabad,4,45,3405,0
13049.887246049577,9,Wallet,Desktop,Mumbai,0,5,614,0
2720.4246914178966,3,NetBanking,Desktop,Mumbai,0,46,785,0
259.74371557295007,21,UPI,Desktop,Bangalore,7,4,3052,0
200.94344265427083,8,NetBanking,iPhone,Bangalore,4,14,1404,0
4265.991271765617,21,Card,iPhone,Delhi,8,29,1148,0
2495.2685018443053,0,Wallet,Android,Mumbai,0,11,1188,0
145.3546083980355,4,Card,iPhone,Bangalore,1,22,2933,0
4376.372488848828,8,NetBanking,iPhone,Delhi,3,42,170,0
56.834478312091164,4,NetBanking,Desktop,Mumbai,9,5,594,0
7741.054610960923,5,NetBanking,iPhone,Delhi,6,12,3219,0
1829.5358843611612,18,Wallet,Desktop,Hyderabad,3,21,1671,0
205.45391887733706,7,NetBanking,iPhone,Chennai,7,15,2871,0
4437.936002857341,9,NetBanking,Android,Mumbai,6,24,512,0
2534.8687125828055,10,Wallet,Desktop,Bangalore,4,13,1182,0
18210.058226649915,12,NetBanking,iPhone,Hyderabad,6,32,1356,1
3928.4911389096387,19,UPI,iPhone,Delhi,7,26,1227,0
1609.5679171834024,3,NetBanking,Desktop,Chennai,2,40,1144,0
6179.706380335598,10,Wallet,Android,Mumbai,2,26,2077,0
1583.783377143509,11,NetBanking,Android,Chennai,1,36,3011,0
11729.722948735802,4,Wallet,iPhone,Hyderabad,3,45,2210,0
2347.794404863573,9,NetBanking,iPhone,Chennai,3,30,3039,0
3991.0782807304045,23,UPI,iPhone,Mumbai,3,47,3586,0
259.48371804906174,6,Wallet,Desktop,Hyderabad,1,9,559,0
2776.685604582263,20,Wallet,Desktop,Delhi,6,24,2148,0
8929.787854022801,8,Wallet,Desktop,Mumbai,9,38,1760,1
8190.4423743576135,8,Wallet,iPhone,Chennai,2,18,2105,0
1270.066785346775,9,NetBanking,Android,Mumbai,9,9,2531,0
1281.4278476968211,9,NetBanking,Desktop,Hyderabad,0,22,1169,0
8499.694460871768,1,UPI,Android,Chennai,1,38,2914,0
13324.840065913937,3,UPI,iPhone,Delhi,4,21,3226,0
501.09611431876715,7,NetBanking,Desktop,Bangalore,8,7,1405,0
2989.7181178911146,13,Card,Desktop,Delhi,3,12,2698,0
2058.328553094283,16,Wallet,Desktop,Mumbai,5,36,2087,0
10227.653561256953,12,NetBanking,iPhone,Bangalore,2,11,1817,0
436.10198332734024,20,UPI,iPhone,Hyderabad,8,3,1172,0
1185.7429694568054,23,Wallet,iPhone,Chennai,1,27,1551,0
6981.083881060721,17,UPI,Android,Chennai,7,7,3304,0
263.28084487687505,17,Card,Android,Hyderabad,2,2,2161,0
3391.641430948137,12,Wallet,Desktop,Mumbai,7,10,651,0
2917.9407671138497,7,Card,Desktop,Delhi,2,3,1680,0
2035.3408039696876,11,Card,iPhone,Bangalore,3,17,1502,0
2509.1007693553884,22,Card,iPhone,Hyderabad,7,43,1430,1
3774.480907402323,23,NetBanking,iPhone,Mumbai,9,1,3224,0
879.9126053415916,20,UPI,Desktop,Mumbai,3,34,1266,0
4243.112266340942,0,Wallet,iPhone,Bangalore,8,13,1496,0
8184.87627548699,19,NetBanking,Android,Hyderabad,8,14,1956,0
7138.9356067275,17,UPI,Android,Delhi,5,17,402,0
835.588052049445,2,NetBanking,Desktop,Delhi,0,34,1684,0
808.181711588561,11,UPI,Desktop,Hyderabad,8,17,3336,0
1561.0650034924265,18,Wallet,Android,Chennai,8,41,1613,1
2239.83887036828,12,Wallet,iPhone,Delhi,6,25,381,0
2625.09251776947,9,Wallet,Desktop,Chennai,8,44,2126,1
5692.442665775757,14,Wallet,Desktop,Hyderabad,7,30,3375,0
291.7508476068961,19,UPI,Desktop,Mumbai,8,48,2031,1
176.44034271014831,1,NetBanking,Android,Hyderabad,8,36,3288,1
2487.1665370648693,18,Wallet,Desktop,Mumbai,6,11,631,0
5972.814287665406,2,Wallet,Android,Hyderabad,5,21,2277,0
1074.8560735327194,13,Wallet,Android,Chennai,1,20,1176,0
5129.195595190131,6,Card,iPhone,Chennai,6,29,1554,0
1504.364368611164,7,Wallet,iPhone,Hyderabad,0,4,3555,0
10861.562282352137,10,Wallet,iPhone,Mumbai,5,34,1492,0
11301.937549945613,21,UPI,Desktop,Hyderabad,5,42,1120,0
1764.035057938895,19,Card,Android,Mumbai,6,41,2533,1
1306.783262156281,5,UPI,Desktop,Chennai,1,17,677,0
2649.226550765014,10,NetBanking,Android,Bangalore,3,12,3055,0
1375.6827230918525,16,Card,Desktop,Delhi,1,4,3617,0
5579.563049089709,9,UPI,Android,Chennai,3,41,3457,0
8745.358995806877,23,UPI,iPhone,Hyderabad,2,14,1264,0
5590.384468442901,16,NetBanking,iPhone,Hyderabad,1,4,2908,0
8696.322232633,20,NetBanking,Desktop,Mumbai,1,34,3345,0
2529.1254217093474,1,Wallet,Android,Delhi,2,18,3118,0
849.8920631877976,5,Wallet,iPhone,Chennai,9,13,2639,0
6696.117845359463,4,Card,Android,Delhi,3,10,3534,0
2235.1439594779686,3,Card,Desktop,Delhi,6,14,3061,0
5562.605221006178,1,NetBanking,iPhone,Chennai,3,9,2399,0
1577.9662321674778,11,Card,Desktop,Mumbai,6,43,674,1
423.59531251969133,2,Wallet,Desktop,Mumbai,3,20,2307,0
24519.091152837707,5,NetBanking,Android,Mumbai,2,1,2104,0
849.2078318230082,23,UPI,Desktop,Bangalore,7,44,3610,1
22292.808225093893,13,NetBanking,Desktop,Delhi,2,29,1852,0
18922.533585537516,7,Card,Android,Bangalore,7,17,1082,0
7894.982545309382,20,Wallet,Android,Mumbai,1,49,3519,0
5385.569647955132,20,Wallet,Desktop,Chennai,2,8,3298,0
4311.464212746629,13,UPI,iPhone,Delhi,3,17,2312,0
10053.367838174587,2,UPI,iPhone,Chennai,2,21,1787,0
1708.5060709710604,15,NetBanking,Android,Hyderabad,5,25,1228,0
3152.5637222570444,14,Wallet,Desktop,Delhi,8,20,1481,0
4829.899848381276,6,UPI,iPhone,Chennai,9,25,2586,0
2648.2626810245047,14,UPI,Android,Mumbai,7,21,1902,0
2788.5944142798053,12,NetBanking,Android,Bangalore,3,13,3002,0
2004.5126687582965,5,NetBanking,Android,Chennai,1,13,422,0
4153.224333367972,14,Wallet,Desktop,Hyderabad,9,47,3121,1
9504.787628013319,16,Card,Android,Mumbai,0,30,1835,0
1125.2792555119295,3,Card,iPhone,Hyderabad,3,13,2491,0
13623.416747176256,21,Wallet,Desktop,Bangalore,4,40,1235,0
5841.2212568912,21,Card,iPhone,Hyderabad,1,7,21,0
8665.751567050782,13,Wallet,iPhone,Chennai,2,42,397,0
4061.801483558453,14,Wallet,iPhone,Chennai,3,12,2403,0
7559.6666519185155,11,UPI,Desktop,Mumbai,2,2,2435,0
81.66529251670322,18,Card,iPhone,Bangalore,7,14,1113,0
8529.205127799829,21,Wallet,Android,Bangalore,1,42,2976,0
204.8332493146243,9,Card,Android,Delhi,8,17,1813,0
11032.438677425305,5,Card,iPhone,Delhi,5,13,3598,0
24118.339752657153,8,NetBanking,Android,Chennai,0,1,2527,0
1741.1780077289923,1,Card,Desktop,Hyderabad,7,47,3208,1
1180.628253236455,3,Wallet,Desktop,Hyderabad,9,1,7,0
7248.585953335793,8,UPI,Android,Mumbai,5,47,740,0
1458.6267837357857,14,Card,Android,Bangalore,3,26,99,0
10033.275014712986,12,Wallet,Desktop,Chennai,5,47,1491,0
542.6197488699129,19,NetBanking,iPhone,Hyderabad,1,46,2747,0
673.1182095832186,7,Card,Desktop,Delhi,0,13,130,0
19352.379593401783,18,UPI,iPhone,Chennai,5,34,1349,0
5601.8192129741865,18,Card,Android,Mumbai,7,40,2732,1
9382.90266937688,15,Wallet,Android,Chennai,4,9,1090,0
1960.2478314211717,10,Card,iPhone,Hyderabad,7,19,18,0
5642.529664908359,9,Card,iPhone,Mumbai,2,23,719,0
4509.989653028421,7,NetBanking,Desktop,Delhi,5,41,3216,0
4620.98603068179,0,Card,iPhone,Delhi,0,28,2316,0
5736.898503200989,9,UPI,Android,Hyderabad,2,30,2412,0
4282.55790306091,17,Card,Android,Mumbai,3,7,2364,0
2802.376517463886,2,NetBanking,Android,Delhi,4,14,2532,0
1614.2855828953257,10,Wallet,iPhone,Mumbai,2,2,1494,0
7317.633943115004,17,Card,iPhone,Chennai,7,12,988,0
1282.677220495336,2,Card,Android,Bangalore,4,43,2358,0
5894.032514100096,7,NetBanking,iPhone,Bangalore,6,49,1064,1
1328.512498118268,13,NetBanking,Desktop,Bangalore,4,2,2731,0
4908.550470250956,5,NetBanking,Desktop,Delhi,7,28,502,0
6873.375971781753,14,Card,iPhone,Hyderabad,0,28,2052,0
1234.0692840005447,13,UPI,iPhone,Bangalore,2,12,460,0
309.07543652254077,6,NetBanking,Android,Hyderabad,2,30,3035,0
701.9096948831864,9,Wallet,iPhone,Bangalore,9,47,2455,1
4656.9833621608295,14,Card,Android,Chennai,9,40,2218,1
9467.180766855441,9,Wallet,Desktop,Bangalore,2,40,2907,0
230.20304978826277,21,Wallet,iPhone,Hyderabad,5,22,2857,0
6624.138874764507,16,UPI,Desktop,Delhi,8,18,3472,0
2087.5769546610863,18,Wallet,iPhone,Chennai,5,14,608,0
3255.5020331688793,16,NetBanking,iPhone,Hyderabad,4,25,2596,0
13215.495923778766,11,NetBanking,Android,Mumbai,0,10,1658,0
2017.122243871152,14,Card,Android,Bangalore,1,36,1297,0
3130.592567736234,11,UPI,iPhone,Chennai,0,48,2230,0
68.88440838807922,8,UPI,iPhone,Delhi,5,48,2514,0
425.60429847425786,4,Wallet,Android,Mumbai,2,49,2395,0
1496.018232280249,3,UPI,Desktop,Bangalore,4,9,2951,0
141.23735229361165,11,Wallet,iPhone,Chennai,5,11,1910,0
4989.8814817278235,15,Wallet,Android,Hyderabad,4,27,2473,0
2779.1006249478596,8,UPI,iPhone,Bangalore,2,13,870,0
3971.9719786681285,2,Card,Android,Chennai,1,1,3646,0
959.721653030698,20,Wallet,Desktop,Bangalore,1,39,2678,0
1754.4018919447144,2,NetBanking,iPhone,Chennai,1,11,2388,0
5450.60929574356,17,NetBanking,iPhone,Hyderabad,9,3,252,0
16805.470429497534,16,UPI,Desktop,Bangalore,3,2,99,0
258.6604985173989,9,UPI,iPhone,Chennai,3,46,2543,0
11053.874284050591,1,Wallet,iPhone,Mumbai,2,42,1313,0
4300.511457011099,23,Wallet,iPhone,Delhi,7,24,763,0
4149.64286364568,10,NetBanking,Android,Chennai,3,20,1562,0
3468.5220309841934,23,Wallet,Android,Chennai,7,49,600,1
359.5969222453063,2,NetBanking,iPhone,Chennai,2,40,3359,0
470.87680432378073,22,Wallet,Desktop,Bangalore,1,15,2843,0
4592.866746058765,22,Card,Desktop,Delhi,7,6,1073,0
2084.8444032609996,1,Card,iPhone,Bangalore,5,20,585,0
12460.748078922748,8,NetBanking,Android,Chennai,1,22,1218,0
2609.3531238687306,18,Card,Android,Chennai,6,2,2758,0
773.2291877534686,1,Card,iPhone,Delhi,9,15,2463,0
6271.400179587881,18,UPI,Android,Mumbai,6,48,2713,1
1736.1231347784894,1,Wallet,Android,Bangalore,3,34,1040,0
3727.155430950427,14,UPI,Desktop,Mumbai,7,46,109,1
5983.8736222849775,23,NetBanking,iPhone,Chennai,2,31,1414,0
11526.14849452147,20,UPI,Android,Chennai,8,30,87,0
7855.684138934041,2,NetBanking,Android,Hyderabad,4,28,2415,0
5640.6339580879985,4,Card,Android,Hyderabad,2,33,1733,0
5691.443173395632,10,UPI,iPhone,Mumbai,8,41,657,1
14586.883621545694,23,Card,iPhone,Hyderabad,1,49,2057,0
1753.6354626184047,6,Wallet,Android,Delhi,1,21,1370,0
5.563565158914325,5,Card,Desktop,Mumbai,2,46,3518,0
1586.9590716216558,13,Wallet,Desktop,Hyderabad,8,23,3341,0
1228.8082367478783,0,Card,iPhone,Hyderabad,9,42,903,1
5421.100550295199,16,UPI,Desktop,Delhi,2,13,3560,0
5021.671385451763,16,UPI,Android,Delhi,4,45,2578,0
4500.3817750503185,13,Card,iPhone,Mumbai,8,26,3173,0
81.88407087170259,9,NetBanking,iPhone,Bangalore,9,19,3117,0
6524.089030112637,7,NetBanking,Desktop,Delhi,5,27,408,0
1954.3389400724234,7,Wallet,iPhone,Hyderabad,5,40,1975,0
5468.9594624407555,13,Wallet,Desktop,Mumbai,0,7,1312,0
4066.1716639259394,6,Card,Desktop,Bangalore,1,25,3079,0
2098.3089700116716,5,UPI,Android,Mumbai,8,49,276,1
722.680136876162,3,Wallet,Desktop,Hyderabad,7,40,2797,1
495.8921965445033,0,Card,Desktop,Bangalore,1,36,3042,0
8904.641684810153,14,Wallet,iPhone,Bangalore,4,7,2938,0
12529.47947958093,14,UPI,Android,Delhi,4,20,2451,0
5246.0836355761485,0,Wallet,Android,Chennai,5,24,366,0
545.9174856321205,19,Card,Desktop,Hyderabad,3,28,2750,0
2571.0501962915,2,Wallet,iPhone,Chennai,8,49,1038,1
6527.060647052452,22,NetBanking,iPhone,Hyderabad,4,5,928,0
7566.5695014528455,4,Wallet,iPhone,Mumbai,3,36,1801,0
629.0556238939529,4,UPI,Android,Chennai,8,31,2916,1
0.15359658607904747,3,UPI,Android,Bangalore,1,33,689,0
6226.353829263092,16,UPI,Desktop,Delhi,1,24,602,0
2204.9136037394087,20,UPI,Desktop,Hyderabad,2,10,3028,0
1468.375518333385,19,Card,iPhone,Delhi,9,38,1629,1
64.90682142417694,13,Wallet,Desktop,Hyderabad,3,44,3600,0
3885.899428401247,7,Wallet,iPhone,Bangalore,9,49,735,1
9524.105661256395,1,Wallet,Android,Bangalore,8,5,3486,0
15806.76784886862,7,Wallet,Desktop,Bangalore,4,31,136,0
4170.616230474972,0,Card,iPhone,Bangalore,1,9,1754,0
3612.481699611379,3,UPI,Android,Bangalore,2,32,3407,0
444.4641954546506,18,Wallet,iPhone,Delhi,7,41,1786,1
3980.0297137668185,4,Wallet,Desktop,Mumbai,5,5,2930,0
2390.0102895405007,4,UPI,iPhone,Chennai,4,27,2186,0
4671.449762695824,20,NetBanking,Android,Delhi,3,28,420,0
2461.0527213058945,19,NetBanking,Desktop,Chennai,3,43,1511,0
1374.1525333169739,23,UPI,Android,Mumbai,7,12,24,0
498.9098305246055,18,Wallet,Desktop,Hyderabad,5,5,1265,0
1891.0869440627926,11,UPI,iPhone,Mumbai,4,8,2561,0
508.1974269170653,19,Wallet,Android,Mumbai,4,17,1014,0
973.3693725394515,0,Wallet,Android,Hyderabad,5,8,1781,0
21845.02239277945,6,NetBanking,iPhone,Chennai,2,34,2378,1
2935.8662775402445,16,NetBanking,Android,Bangalore,6,23,3543,0
3795.0650870105037,1,Wallet,Android,Hyderabad,0,18,1382,0
10342.25198062674,10,Wallet,Android,Hyderabad,4,10,458,0
27095.537647438403,6,Wallet,Android,Mumbai,5,39,2046,1
4369.922588900713,16,NetBanking,iPhone,Hyderabad,1,41,2465,0
8369.184111100192,2,Wallet,Android,Delhi,1,44,1567,0
1979.6116108814929,21,UPI,Android,Bangalore,8,44,2790,1
1824.572245600824,5,Card,Android,Mumbai,1,5,77,0
2576.7100447724606,21,Card,Desktop,Chennai,2,43,3134,0
5581.447001277346,10,Wallet,Desktop,Chennai,0,17,3619,0
5731.53437178218,17,UPI,iPhone,Chennai,8,47,2732,1
1893.430207286818,17,Wallet,iPhone,Chennai,0,11,2223,0
714.7922927547222,21,UPI,iPhone,Chennai,3,47,1952,0
5003.74852417563,9,NetBanking,Android,Mumbai,6,48,2495,1
686.6981004259967,4,NetBanking,Desktop,Delhi,1,19,2070,0
4319.588638138963,22,Wallet,Desktop,Delhi,7,21,1671,0
5911.417437719912,22,NetBanking,iPhone,Chennai,7,44,1158,1
6030.066029224481,20,Wallet,Desktop,Delhi,2,3,2985,0
7001.4007527950625,23,Card,iPhone,Bangalore,3,40,524,0
10312.309439492243,21,UPI,Android,Delhi,6,43,969,1
3465.3258392632806,14,UPI,Desktop,Hyderabad,4,1,3525,0
6551.283351620554,20,Card,Android,Chennai,4,24,1978,0
4827.046901619814,19,Card,Android,Hyderabad,1,36,899,0
1032.9069449920912,22,Card,Desktop,Hyderabad,5,6,100,0
130.12693165001153,3,Card,iPhone,Chennai,3,10,3627,0
1674.1576163774037,20,NetBanking,Desktop,Mumbai,4,47,2890,0
2926.2527747851664,20,UPI,Android,Delhi,4,40,2824,0
4799.984726871559,0,UPI,iPhone,Bangalore,1,46,3273,0
9484.244458281704,14,Card,Android,Mumbai,7,34,1677,1
1092.3083715377213,16,Wallet,iPhone,Bangalore,0,24,184,0
670.7996070995724,18,Wallet,Desktop,Chennai,1,23,1171,0
16549.468924924888,13,Wallet,Android,Delhi,6,20,279,0
571.6955105387433,18,Wallet,iPhone,Mumbai,6,38,2347,1
3255.144406058838,17,NetBanking,iPhone,Chennai,1,35,2328,0
4404.180324119707,1,UPI,Desktop,Mumbai,0,34,387,0
3897.6056681816294,5,UPI,iPhone,Hyderabad,9,46,225,1
449.7994544815265,12,UPI,iPhone,Delhi,0,47,398,0
293.5876879348118,16,Wallet,Android,Delhi,0,36,1441,0
557.3592452565575,5,Card,Desktop,Chennai,5,16,855,0
4404.469340469416,20,Wallet,Desktop,Chennai,9,23,155,0
3930.095440814525,21,UPI,Android,Chennai,6,44,652,1
1331.1738744306479,4,Wallet,Android,Delhi,1,49,1070,0
5077.43672079194,6,Card,Android,Hyderabad,5,1,3183,0
8575.867549232842,0,Card,iPhone,Delhi,3,9,711,0
212.34049223217102,12,Wallet,Desktop,Chennai,8,12,228,0
3447.070222438082,18,UPI,Desktop,Bangalore,7,37,302,1
5844.804874504961,21,NetBanking,Desktop,Hyderabad,7,17,1106,0
1453.8470139077936,0,UPI,iPhone,Delhi,1,3,3216,0
1839.1915821910131,12,NetBanking,Desktop,Bangalore,4,38,2618,0
4754.901370388995,10,UPI,Desktop,Hyderabad,1,29,2190,0
11410.741444139767,6,Wallet,Desktop,Delhi,2,31,1365,0
8301.667490193986,19,NetBanking,Desktop,Chennai,7,35,427,1
4374.906909849152,2,UPI,Android,Delhi,4,38,475,0
6550.774171064459,0,Wallet,iPhone,Hyderabad,3,26,2585,0
2269.2537234359957,7,UPI,Desktop,Chennai,4,13,1638,0
5121.684365473224,16,Card,Desktop,Mumbai,7,19,1167,0
3138.497780730898,12,Card,Desktop,Bangalore,9,32,1610,1
1053.2109527205673,13,UPI,Desktop,Chennai,6,47,1438,1
6048.919511776899,4,Wallet,Desktop,Chennai,5,27,1068,0
4064.888725041598,23,UPI,Android,Hyderabad,1,39,905,0
2220.6782024312565,21,Wallet,Android,Hyderabad,9,13,2908,0
12114.686572842846,22,NetBanking,iPhone,Bangalore,4,34,2289,0
105.78171669846346,23,Card,iPhone,Hyderabad,9,19,1106,0
1897.3288306166457,5,NetBanking,Desktop,Chennai,8,19,2443,0
292.81616538810596,21,Wallet,Desktop,Bangalore,8,3,3571,0
7273.450973382179,5,UPI,Android,Bangalore,8,3,3138,0
6055.1122088867305,20,Card,iPhone,Delhi,2,26,278,0
2012.4892145078502,7,Wallet,Desktop,Chennai,8,6,2647,0
5629.859393851313,12,Wallet,Desktop,Chennai,8,13,1940,0
2520.385781542645,17,Card,Desktop,Hyderabad,4,46,2973,0
7058.138618893652,22,UPI,iPhone,Chennai,5,38,858,0
3027.363692319362,3,Card,Android,Hyderabad,6,27,2601,0
2657.5208594133087,16,UPI,Android,Chennai,9,41,2939,1
13646.107357671353,4,UPI,Desktop,Delhi,9,24,1373,0
1444.2744656237737,2,Wallet,Desktop,Chennai,9,10,1875,0
641.709208320572,3,UPI,Desktop,Delhi,5,16,738,0
4391.8821621381,22,UPI,Desktop,Chennai,4,23,2096,0
17421.01687384098,4,Card,Desktop,Chennai,0,47,2331,0
2372.7836040856705,13,Card,iPhone,Mumbai,3,12,1374,0
320.22262189049184,14,UPI,Android,Chennai,7,28,741,0
2072.3168614733036,19,Wallet,iPhone,Delhi,7,13,1951,0
3525.4070989203524,16,Card,iPhone,Bangalore,5,18,1884,0
883.2265259667212,5,NetBanking,Desktop,Delhi,2,2,3481,0
5366.217349000682,9,Wallet,iPhone,Chennai,7,46,945,1
30482.767743035798,21,Card,Android,Hyderabad,6,17,1728,1
3005.0234810604625,22,Card,Desktop,Mumbai,8,23,1336,0
2190.421042184496,15,NetBanking,Android,Hyderabad,2,23,3463,0
2559.9996218896067,16,UPI,iPhone,Mumbai,5,1,2630,0
611.6641047236742,13,Card,Desktop,Mumbai,0,43,985,0
10739.612782062924,19,NetBanking,Android,Hyderabad,7,14,1557,0
2679.2272570050463,11,NetBanking,Android,Chennai,1,12,3631,0
2449.190482470711,8,Card,Desktop,Delhi,4,14,1852,0
5389.495570383879,14,Wallet,Android,Hyderabad,5,49,2928,0
2917.2810626817513,11,Card,Desktop,Bangalore,3,44,1937,0
5223.937935496715,13,NetBanking,Desktop,Mumbai,8,38,233,1
317.0759755536955,21,Card,iPhone,Delhi,2,41,3162,0
8402.611555044055,17,Wallet,Android,Bangalore,1,44,745,0
14109.227017926973,19,UPI,Desktop,Delhi,2,49,785,0
5231.50431653046,5,UPI,iPhone,Chennai,4,16,765,0
15457.464948642113,3,Card,iPhone,Bangalore,0,34,711,0
821.027132820909,22,Card,Desktop,Hyderabad,9,18,1689,0
3244.8495254896397,11,NetBanking,Desktop,Delhi,3,48,1698,0
4604.088992289922,12,Wallet,Android,Hyderabad,0,10,1818,0
4358.2200737508165,18,NetBanking,Android,Hyderabad,8,19,2054,0
2566.3244742597885,21,NetBanking,Android,Delhi,2,30,1034,0
2063.0861888517343,12,UPI,Desktop,Delhi,1,4,1361,0
678.0908281102243,11,NetBanking,iPhone,Mumbai,4,7,2691,0
2485.784428303406,19,NetBanking,iPhone,Mumbai,0,16,3387,0
887.6302587856959,2,UPI,Desktop,Bangalore,9,37,2160,1
6628.17319827433,2,UPI,Android,Bangalore,6,5,2128,0
1171.217994501808,13,Wallet,iPhone,Bangalore,8,39,2501,1
301.75148155967105,17,Wallet,iPhone,Mumbai,0,49,2096,0
4018.8982631469216,18,Wallet,Android,Hyderabad,7,33,91,1
4522.178070501361,9,Card,iPhone,Chennai,7,35,1669,1
10275.230184371687,16,UPI,Android,Chennai,6,48,696,1
4301.698157094419,14,Card,iPhone,Delhi,9,34,2124,1
2119.272203863632,18,Card,iPhone,Mumbai,3,33,3157,0
8123.059321896786,8,Wallet,iPhone,Delhi,6,39,263,1
3885.6763145234595,3,UPI,Android,Chennai,1,10,401,0
412.99807730871936,14,Card,iPhone,Delhi,5,3,1258,0
4171.832365373018,18,NetBanking,iPhone,Mumbai,4,29,1001,0
11930.84151461727,15,NetBanking,iPhone,Mumbai,4,35,216,0
2523.494034643559,7,UPI,Desktop,Mumbai,7,31,1995,1
1757.1990836621987,16,Card,iPhone,Chennai,0,39,1369,0
774.3265081481421,20,Wallet,iPhone,Mumbai,7,15,1198,0
821.1049561248338,0,Card,Android,Bangalore,3,1,2085,0
2834.9651529765897,6,NetBanking,Android,Bangalore,9,19,903,0
4527.741002215417,20,NetBanking,Desktop,Mumbai,5,37,1553,0
420.2537571378502,17,Wallet,Android,Bangalore,5,27,2935,0
14031.231299839461,11,UPI,Android,Mumbai,0,21,1833,0
7035.2129726852445,15,Card,Android,Chennai,7,7,2368,0
4416.987454458694,0,NetBanking,Desktop,Bangalore,3,43,1875,0
8814.072362234401,14,Card,Desktop,Chennai,8,33,3385,1
417.92313040271085,6,Wallet,iPhone,Bangalore,6,2,2517,0
3239.3289459699313,16,Wallet,iPhone,Hyderabad,3,14,2093,0
4972.519996224426,2,UPI,Android,Hyderabad,0,42,3145,0
8820.319954677121,10,Wallet,iPhone,Chennai,8,3,3437,0
7650.120705942749,5,UPI,iPhone,Bangalore,9,14,878,0
1622.209212401905,5,Card,Desktop,Hyderabad,5,5,904,0
14140.944351988985,14,NetBanking,Desktop,Mumbai,5,17,1902,0
663.9203107611319,6,NetBanking,iPhone,Delhi,0,39,1133,0
10402.555311912374,10,UPI,iPhone,Hyderabad,4,1,347,0
17692.00605080883,16,NetBanking,iPhone,Hyderabad,3,43,2903,0
974.9281834062134,22,UPI,Android,Mumbai,0,28,1162,0
6401.859172767059,17,UPI,Desktop,Hyderabad,6,38,3254,1
205.59727075366544,21,Card,iPhone,Hyderabad,3,48,962,0
2599.5237827000565,23,Card,iPhone,Hyderabad,2,14,2860,0
3631.27936279084,20,Wallet,Android,Bangalore,1,17,3376,0
4345.190005579128,18,UPI,Desktop,Hyderabad,7,15,2375,0
13739.46089939274,7,Card,Android,Delhi,4,46,2562,0
5577.531266739928,23,UPI,Android,Bangalore,9,7,2128,0
3281.9354537865884,19,UPI,iPhone,Bangalore,8,42,1142,1
8295.111661685223,7,UPI,Android,Chennai,4,7,2310,0
15032.22939453051,20,Card,Android,Hyderabad,9,47,1104,1
111.5662396212134,10,UPI,iPhone,Delhi,0,24,601,0
20233.85347464919,20,UPI,Desktop,Delhi,9,26,557,1
450.3464512965211,2,Wallet,iPhone,Chennai,4,14,2314,0
8420.451143894019,22,UPI,Desktop,Delhi,4,47,3067,0
1644.8455459329534,13,Wallet,Android,Bangalore,7,19,756,0
708.8528236200342,8,UPI,Android,Mumbai,5,26,393,0
2897.8037112440356,0,Wallet,iPhone,Bangalore,4,16,3360,0
5163.512938618986,0,Card,iPhone,Mumbai,7,34,2050,1
2397.8610726547568,11,Card,iPhone,Delhi,0,2,1813,0
280.5528589407427,10,NetBanking,Android,Hyderabad,4,1,2544,0
4574.722438072682,20,UPI,Android,Mumbai,2,48,2786,0
11634.55676417099,0,NetBanking,Desktop,Bangalore,4,36,3421,0
2416.17684704589,19,NetBanking,iPhone,Bangalore,2,35,2794,0
1218.8540500236045,11,Wallet,Android,Bangalore,3,43,633,0
2922.1576118598264,16,Card,Desktop,Bangalore,8,24,980,0
247.8565789507593,14,UPI,iPhone,Chennai,1,49,535,0
8587.554531024689,1,UPI,iPhone,Delhi,9,5,2469,0
8753.302920593065,17,Wallet,Desktop,Hyderabad,0,29,1772,0
4433.665272312192,15,NetBanking,Desktop,Chennai,3,41,1572,0
2177.8401088064516,3,Wallet,Desktop,Delhi,7,1,526,0
8041.7766043839065,7,NetBanking,Android,Mumbai,4,9,2519,0
4044.8896447186207,1,UPI,iPhone,Chennai,8,36,1551,1
8741.555120494631,13,Wallet,iPhone,Chennai,9,16,757,0
4991.0137443194035,14,NetBanking,Desktop,Chennai,2,15,291,0
7671.779131143475,8,Wallet,Android,Chennai,8,10,3606,0
4563.523262969475,1,Card,Desktop,Mumbai,0,37,1711,0
2673.381245644393,16,Wallet,Android,Bangalore,1,16,1316,0
15843.98720715974,9,UPI,iPhone,Chennai,8,38,1807,1
3894.7654208016465,8,Wallet,iPhone,Delhi,8,48,2681,1
4645.480844909248,1,UPI,Android,Bangalore,9,36,3168,1
1245.433667705362,23,UPI,iPhone,Mumbai,4,15,3049,0
4912.830995511572,18,Wallet,iPhone,Hyderabad,9,3,2002,0
4238.578982519362,16,Wallet,Desktop,Mumbai,3,19,1722,0
1021.8445033475797,10,Wallet,Android,Hyderabad,8,41,493,1
307.18121014373276,16,Card,iPhone,Delhi,9,37,1439,1
4636.24426328421,9,Card,iPhone,Hyderabad,1,48,868,0
7213.101899608107,17,NetBanking,Android,Chennai,2,3,2905,0
3705.4029539204594,22,Wallet,iPhone,Bangalore,7,8,1773,0
1285.9106393845702,5,NetBanking,Android,Bangalore,0,24,1866,0
5490.891564641547,15,NetBanking,Android,Chennai,1,14,462,0
417.4826788535746,17,UPI,Desktop,Bangalore,4,35,496,0
2915.4917046590194,19,NetBanking,Android,Mumbai,6,16,26,0
891.8474329972349,17,Wallet,Desktop,Chennai,9,7,766,0
1019.5182244455601,0,Card,iPhone,Chennai,8,41,3027,1
1130.07553366833,2,NetBanking,Android,Bangalore,2,35,2078,0
2444.5628654586403,14,NetBanking,Desktop,Hyderabad,3,8,3450,0
262.5238534351172,19,Card,Android,Delhi,9,12,3431,0
2535.773855728796,9,NetBanking,iPhone,Hyderabad,0,49,2444,0
3584.2027956804336,20,Wallet,Desktop,Mumbai,0,46,1823,0
3301.408915541284,4,NetBanking,Desktop,Chennai,0,16,1133,0
2412.6819898719314,14,UPI,Desktop,Chennai,3,4,1903,0
9136.309689945741,22,NetBanking,iPhone,Mumbai,8,35,850,1
785.1798973052822,13,UPI,Desktop,Delhi,7,45,3330,1
3523.0303557788416,14,Card,iPhone,Chennai,3,41,334,0
320.24742744328523,9,Card,iPhone,Hyderabad,7,45,1428,1
369.0706552196081,23,NetBanking,Android,Mumbai,6,32,1466,1
4265.005377121245,8,NetBanking,iPhone,Chennai,5,12,1255,0
4173.765997207439,11,Card,Desktop,Hyderabad,9,21,2196,0
10520.04483715477,6,UPI,Desktop,Mumbai,1,15,3618,0
4080.7981803195735,4,Card,iPhone,Mumbai,2,35,572,0
16068.32467643761,23,Card,iPhone,Mumbai,3,3,802,0
249.6019672895963,9,UPI,Android,Delhi,6,2,1189,0
515.7463933418979,7,Card,Android,Mumbai,7,6,195,0
225.33130580002526,21,NetBanking,Desktop,Bangalore,7,16,483,0
1024.5345855551027,19,NetBanking,iPhone,Bangalore,3,23,127,0
3896.468595696304,15,Card,Desktop,Mumbai,8,31,225,1
5186.252842440848,11,NetBanking,iPhone,Chennai,7,41,2835,1
233.28428566982188,8,Wallet,Desktop,Bangalore,4,30,3295,0
14591.161503671441,9,Card,Desktop,Hyderabad,2,3,2612,0
9231.03740887937,15,Wallet,Desktop,Hyderabad,1,16,556,0
1759.2365228022989,9,Card,iPhone,Chennai,8,4,1622,0
401.6461989930947,8,Card,Android,Hyderabad,0,46,155,0
930.9676554186965,2,Wallet,Android,Chennai,6,36,2086,1
678.7802624741863,18,Card,iPhone,Hyderabad,6,28,604,0
657.8595928071695,10,NetBanking,Android,Mumbai,0,28,3028,0
3654.8858681878633,5,Wallet,Desktop,Hyderabad,6,3,3494,0
1410.8030026485471,5,Card,iPhone,Mumbai,0,26,2061,0
2216.9231298440145,14,NetBanking,iPhone,Hyderabad,1,39,2397,0
22784.440461143087,14,Wallet,Android,Hyderabad,8,13,2453,1
5765.040094108894,12,Wallet,Android,Hyderabad,7,7,810,0
14877.753202898803,21,NetBanking,Desktop,Mumbai,8,13,225,0
769.0002775422554,4,Card,iPhone,Hyderabad,8,4,2912,0
2407.462672135144,13,Card,Android,Hyderabad,3,16,304,0
4045.392445534944,20,Wallet,iPhone,Delhi,4,28,3118,0
399.31978681562305,1,UPI,Desktop,Mumbai,9,47,220,1
20.981177611591676,22,Card,Desktop,Bangalore,6,13,2126,0
5549.898272229316,11,Card,Desktop,Chennai,5,42,2873,0
5133.591383030401,19,NetBanking,iPhone,Delhi,8,10,2026,0
2644.853013599927,13,UPI,iPhone,Hyderabad,1,5,278,0
3363.23453271286,18,UPI,iPhone,Bangalore,7,36,2021,1
2684.504922951864,23,Wallet,iPhone,Bangalore,1,19,2018,0
121.48930740427532,19,NetBanking,iPhone,Hyderabad,1,30,529,0
2042.6360042939257,14,NetBanking,Desktop,Hyderabad,2,47,1121,0
974.4951455235421,19,Card,Desktop,Delhi,3,41,481,0
518.0557284981379,23,Wallet,Desktop,Mumbai,5,48,3174,0
15700.373348319916,16,Card,Android,Delhi,5,28,2842,0
4573.45662107091,13,UPI,Desktop,Mumbai,1,31,679,0
6521.84468947754,22,NetBanking,iPhone,Bangalore,5,36,1095,0
1894.3379691203738,17,Wallet,Desktop,Chennai,7,43,1983,1
2497.3445263356516,21,Card,Android,Hyderabad,4,49,2777,0
1351.988189223256,23,Card,Android,Delhi,0,1,2800,0
509.97354819090566,4,UPI,Android,Bangalore,7,9,1715,0
986.3535276191765,21,NetBanking,Android,Delhi,5,12,1182,0
7985.423771649213,11,UPI,Android,Mumbai,1,23,553,0
5658.970922056746,9,Card,iPhone,Hyderabad,6,12,2098,0
3958.5307958439075,7,NetBanking,Desktop,Mumbai,7,42,2983,1
3222.641087287356,5,NetBanking,iPhone,Mumbai,1,9,1820,0
12783.148745537637,14,UPI,iPhone,Mumbai,0,26,2450,0
377.5791477930543,11,NetBanking,Android,Bangalore,5,30,1723,0
1646.694390801953,5,UPI,Desktop,Hyderabad,5,20,2804,0
2153.4365538578973,11,NetBanking,Desktop,Chennai,7,16,2944,0
7626.076966689729,14,NetBanking,Desktop,Delhi,6,13,2114,0
24474.017579172465,11,Wallet,Android,Mumbai,7,35,1259,1
1376.5974568914323,8,NetBanking,iPhone,Hyderabad,9,4,2674,0
10369.577557225977,18,Card,Desktop,Delhi,9,25,2987,0
8878.134324463295,20,Wallet,iPhone,Hyderabad,4,13,2317,0
1272.2513987642767,1,UPI,Desktop,Delhi,1,28,1281,0
2548.5693782618823,12,Card,Desktop,Hyderabad,4,45,416,0
2635.3921845581685,12,UPI,Desktop,Chennai,1,12,3161,0
19133.969282322007,7,UPI,Desktop,Hyderabad,8,24,2570,0
997.69607645218,12,Card,Android,Hyderabad,4,28,2547,0
8026.183029095837,3,UPI,Android,Mumbai,0,1,3455,0
2033.7750546744758,5,Wallet,iPhone,Mumbai,8,34,3549,1
6562.810147679964,5,Card,Android,Mumbai,9,3,2449,0
2723.7307427260844,20,UPI,Desktop,Hyderabad,4,22,3306,0
4318.014238904101,11,UPI,iPhone,Chennai,0,21,2614,0
8937.197269513215,11,NetBanking,iPhone,Delhi,8,27,2024,0
8152.4284801677395,16,NetBanking,iPhone,Mumbai,8,21,1687,0
10065.392812131746,6,UPI,Desktop,Bangalore,9,22,839,0
307.34192931961087,14,Card,Desktop,Hyderabad,9,13,2354,0
5889.098213629114,23,Wallet,iPhone,Chennai,8,44,3131,1
754.0410580589976,16,UPI,Android,Chennai,5,16,932,0
2687.7183660043197,9,UPI,Desktop,Mumbai,9,46,2310,1
3976.8787522507832,22,UPI,Desktop,Mumbai,9,24,450,0
2577.0094340727696,19,NetBanking,Android,Bangalore,1,46,877,0
3665.8024670382465,5,Card,iPhone,Bangalore,6,17,2080,0
28312.68751802723,8,UPI,Android,Mumbai,1,5,2869,0
726.3851666978774,14,NetBanking,Desktop,Delhi,3,38,69,0
5626.671492511433,15,UPI,iPhone,Mumbai,3,42,83,0
2520.913405123931,20,UPI,iPhone,Mumbai,9,27,770,0
713.6380217502092,7,Card,Android,Chennai,6,41,811,1
864.2533183682656,15,NetBanking,Desktop,Mumbai,5,32,471,0
14906.49530109417,4,Wallet,Desktop,Mumbai,9,26,3624,0
10584.74088672749,17,Card,iPhone,Mumbai,6,7,1988,0
11878.03537451389,19,Wallet,Desktop,Delhi,5,36,1028,0
23857.762743172563,13,NetBanking,iPhone,Chennai,0,7,2635,0
1167.9609309297987,1,NetBanking,iPhone,Hyderabad,3,43,3246,0
2195.931687349419,22,Wallet,iPhone,Hyderabad,2,27,1129,0
5531.494222334932,22,NetBanking,Desktop,Hyderabad,6,38,2196,1
3306.329560065953,2,Card,Android,Hyderabad,6,48,122,1
2709.771783350867,13,UPI,iPhone,Chennai,3,48,3086,0
2214.365071763801,6,Wallet,Android,Mumbai,6,24,1532,0
4504.3097494400035,14,UPI,Android,Hyderabad,3,24,1891,0
4285.316942396235,16,Wallet,Android,Mumbai,8,45,2555,1
880.4520582092211,0,UPI,Android,Hyderabad,2,44,1934,0
3190.8319232787976,8,UPI,Android,Delhi,9,29,689,0
4031.263347435887,21,Card,iPhone,Mumbai,1,27,1411,0
4223.187962065901,13,UPI,Desktop,Chennai,4,34,1999,0
1179.2901497912003,15,Wallet,Android,Delhi,8,21,533,0
6779.240778292903,20,UPI,Desktop,Delhi,2,45,317,0
127.61014326196361,12,NetBanking,Desktop,Chennai,0,1,1794,0
2191.2215353974534,5,UPI,iPhone,Delhi,8,10,149,0
7575.473921632272,21,UPI,Android,Mumbai,4,30,505,0
4149.337359383612,0,NetBanking,Desktop,Bangalore,1,28,2826,0
1513.3859130711894,20,NetBanking,Desktop,Bangalore,5,42,1883,0
5936.449035572362,3,Wallet,Android,Hyderabad,2,30,2543,0
4189.604160774717,2,NetBanking,iPhone,Hyderabad,8,28,915,0
7954.15081360898,16,NetBanking,iPhone,Mumbai,2,29,3509,0
6640.602498692309,1,Wallet,Android,Chennai,1,31,433,0
4709.426506615993,18,Wallet,Desktop,Mumbai,2,43,592,0
3348.888681300812,19,UPI,iPhone,Hyderabad,5,41,2312,0
714.631942376169,22,Card,iPhone,Delhi,2,4,2745,0
1514.5404636634512,21,Wallet,Desktop,Mumbai,8,49,3173,1
2715.8787331419076,7,NetBanking,Desktop,Mumbai,8,19,601,0
4572.702409857454,14,UPI,Desktop,Chennai,8,10,3480,0
3604.728573631553,5,NetBanking,Desktop,Hyderabad,1,45,3631,0
1699.6828341644225,22,Wallet,Android,Mumbai,6,31,2024,1
32.42671116690151,19,Card,Desktop,Delhi,1,34,3154,0
3428.2688510986777,1,UPI,iPhone,Delhi,0,41,2453,0
1681.7431412409148,14,Wallet,Desktop,Bangalore,4,39,1148,0
6632.7421689986195,19,Wallet,Desktop,Hyderabad,7,42,264,1
121.18819004625182,11,NetBanking,Android,Delhi,2,44,659,0
4395.309661438341,2,Card,Android,Chennai,6,31,3313,1
14191.441185867116,9,Wallet,Desktop,Hyderabad,5,11,2846,0
958.2805450842118,13,NetBanking,Android,Delhi,0,36,1115,0
3189.976861234839,21,UPI,Android,Mumbai,6,44,2276,1
479.372650094033,13,NetBanking,Android,Hyderabad,2,44,996,0
4913.246705322382,2,UPI,Android,Delhi,3,32,1178,0
3998.449535949602,0,NetBanking,Desktop,Mumbai,9,23,2964,0
2615.8873418563344,19,Card,Android,Bangalore,1,40,2420,0
3684.2104634789953,0,NetBanking,Android,Hyderabad,0,46,361,0
11344.526322154412,1,Card,iPhone,Hyderabad,4,39,2811,0
1092.6106223277318,18,Card,Desktop,Delhi,5,3,2382,0
114.11492965000413,23,UPI,Android,Bangalore,1,28,1505,0
9890.380829046353,9,NetBanking,iPhone,Chennai,9,25,2263,0
4303.299643822846,3,NetBanking,Android,Delhi,5,28,1709,0
11066.394298015022,3,NetBanking,Desktop,Delhi,5,19,1600,0
4543.414021101691,12,Card,iPhone,Chennai,7,46,1566,1
8307.89704168021,8,Wallet,iPhone,Chennai,7,19,178,0
2807.730177683868,6,NetBanking,Desktop,Chennai,5,42,1470,0
6928.671215841588,15,NetBanking,iPhone,Chennai,6,44,3242,1
12211.6195243503,17,Wallet,iPhone,Chennai,3,29,1180,0
4244.597115474032,2,UPI,Android,Mumbai,4,19,3642,0
997.0444905313677,19,NetBanking,iPhone,Mumbai,5,18,1055,0
1565.3249856366385,19,Wallet,Desktop,Chennai,5,45,2906,0
1107.2535305364734,9,NetBanking,Android,Bangalore,2,49,1636,0
1417.5009940727593,23,Card,iPhone,Bangalore,8,24,640,0
1829.4106395736867,21,Wallet,Android,Chennai,3,38,2415,0
4049.908432038345,15,Card,Desktop,Mumbai,7,16,2276,0
4433.558065018187,2,Wallet,iPhone,Bangalore,3,18,116,0
2779.9845084185436,10,UPI,Desktop,Mumbai,5,41,459,0
4778.027384912371,9,Card,Desktop,Delhi,0,13,3596,0
425.47475768551107,15,NetBanking,iPhone,Mumbai,1,4,1325,0
459.41559826507523,7,Wallet,iPhone,Chennai,5,13,322,0
942.6809002664526,8,NetBanking,Android,Hyderabad,2,35,2920,0
3649.859810873943,14,UPI,Desktop,Chennai,6,4,1220,0
1203.958582359604,20,Wallet,iPhone,Delhi,0,19,1440,0
1665.380873313557,2,UPI,Desktop,Mumbai,2,24,2473,0
2556.735766802837,3,Wallet,iPhone,Bangalore,2,33,183,0
8353.007316259138,12,Card,Desktop,Chennai,0,33,517,0
69.79556282118813,11,NetBanking,Android,Bangalore,3,9,3063,0
5240.244491350256,20,Card,Desktop,Mumbai,7,3,1343,0
5526.31977577511,8,Card,iPhone,Delhi,6,3,1284,0
8013.696500504556,13,Card,Android,Chennai,6,30,2419,0
13496.909824771477,18,Card,Android,Bangalore,4,18,2345,0
101.71689702263214,6,Wallet,iPhone,Chennai,3,2,3043,0
834.9014240557615,15,NetBanking,Android,Chennai,9,32,3426,1
10865.302700153756,21,Wallet,Desktop,Bangalore,5,43,3127,0
3067.2324616451733,19,Wallet,Desktop,Delhi,1,9,301,0
4157.343152448335,4,Wallet,iPhone,Chennai,0,2,2716,0
5438.765375510782,9,Card,Desktop,Delhi,6,20,3387,0
5682.608340109487,17,UPI,iPhone,Delhi,3,27,1724,0
13422.1862202735,10,Card,Android,Mumbai,6,36,2304,1
28962.11347018033,6,Wallet,Desktop,Bangalore,5,41,1205,1
6367.640972322431,13,Card,iPhone,Mumbai,8,46,2728,1
1692.9207902268365,19,NetBanking,Desktop,Hyderabad,9,19,2429,0
10591.011738477791,17,NetBanking,Android,Mumbai,5,16,3380,0
252.36770260244765,10,Card,Android,Chennai,2,26,523,0
1313.847276415242,21,Card,Desktop,Chennai,6,14,1004,0
11383.890749635237,11,UPI,Android,Chennai,8,47,3424,1
1479.8584458301168,17,Card,iPhone,Hyderabad,9,18,690,0
1246.481998352206,1,Card,Desktop,Delhi,5,28,2171,0
743.2268527692113,22,UPI,Desktop,Chennai,6,47,479,1
9798.941551541257,0,Card,Android,Mumbai,7,19,560,0
3466.318528654564,22,Card,iPhone,Delhi,3,30,468,0
5618.00772322153,9,Card,Desktop,Mumbai,4,41,2230,0
1366.0457880636798,20,Card,Desktop,Mumbai,3,21,2438,0
7094.922978741559,0,Card,Android,Chennai,0,21,1330,0
7135.697299578956,5,Wallet,Android,Mumbai,5,48,2801,0
1874.180206459728,6,Card,iPhone,Hyderabad,6,30,2304,0
2643.952085158385,16,UPI,iPhone,Delhi,1,49,1362,0
1176.6517823414586,8,Card,Android,Chennai,5,42,3576,0
18766.774861734073,6,Wallet,iPhone,Chennai,1,37,213,0
5186.681659435815,16,UPI,Android,Mumbai,9,41,899,1
13631.876477177027,2,UPI,Desktop,Mumbai,4,46,1321,0
1807.6158425404137,15,Card,Android,Bangalore,0,32,2268,0
7613.799711270446,4,NetBanking,Android,Bangalore,2,30,2588,0
7259.15130024136,19,Wallet,Android,Chennai,3,22,423,0
5882.690535499077,17,NetBanking,Desktop,Chennai,3,24,2776,0
16854.161794382893,0,Card,iPhone,Mumbai,1,10,2247,0
2500.708965940357,3,Wallet,iPhone,Hyderabad,7,24,1215,0
700.4345865100578,22,NetBanking,iPhone,Hyderabad,5,1,129,0
5569.272200237665,10,Wallet,Android,Mumbai,8,35,161,1
6533.901436091264,19,Card,Android,Bangalore,5,16,1057,0
4279.043230004657,8,Wallet,iPhone,Bangalore,2,5,11,0
1158.5122037602505,7,Card,Desktop,Hyderabad,1,31,2555,0
3510.4950612572898,7,NetBanking,Desktop,Chennai,8,45,1468,1
1871.2112949002624,4,Wallet,Desktop,Mumbai,2,37,3287,0
2788.4203958921566,11,UPI,Desktop,Chennai,5,25,1778,0
5181.266928682798,0,Card,Android,Bangalore,9,43,3565,1
6836.671084061067,14,Wallet,iPhone,Hyderabad,1,49,1782,0
1321.2907745905904,17,UPI,Desktop,Chennai,6,25,2238,0
2598.7042380817097,5,UPI,Android,Bangalore,0,3,1839,0
1567.8143550541638,9,UPI,Android,Bangalore,8,38,1425,1
1107.1726492551059,13,UPI,Android,Bangalore,0,32,842,0
7648.219716832733,20,Card,iPhone,Chennai,8,48,1608,1
11998.382485218566,7,Wallet,Android,Delhi,0,20,2293,0
2312.0203811650063,2,UPI,iPhone,Hyderabad,0,30,2441,0
6957.115942969321,21,Wallet,iPhone,Bangalore,7,2,1107,0
11364.902787360888,21,Wallet,iPhone,Chennai,0,5,1138,0
9358.047819495861,18,NetBanking,iPhone,Mumbai,7,19,2824,0
1009.4389980158063,11,Wallet,Android,Hyderabad,2,20,3003,0
15651.107082044258,11,Card,Android,Mumbai,3,22,1093,0
2363.447688789533,14,Card,Android,Mumbai,1,11,3406,0
2071.827959610007,6,UPI,Desktop,Chennai,5,18,813,0
322.32636458293314,3,Wallet,Desktop,Delhi,6,27,3233,0
3329.349595318489,20,Card,iPhone,Chennai,9,31,107,1
577.1306646551917,8,Card,iPhone,Chennai,2,35,3052,0
1428.6852989288443,21,Card,iPhone,Hyderabad,8,44,3519,1
1905.8820690720643,15,UPI,iPhone,Chennai,2,45,3212,0
8272.864815043216,12,Card,iPhone,Hyderabad,6,21,2883,0
10416.792028767935,3,Wallet,Desktop,Bangalore,3,20,360,0
1801.0223803736894,23,Card,iPhone,Hyderabad,4,9,2973,0
9784.28346581652,8,Card,Android,Chennai,8,31,2198,1
9732.634503980556,20,UPI,iPhone,Bangalore,2,9,930,0
7233.4277465989235,17,Wallet,Android,Bangalore,2,7,1862,0
793.1918373443041,14,Card,Android,Delhi,8,33,99,1
5861.124828976646,14,Wallet,Android,Chennai,8,1,3239,0
14504.298636628972,5,Wallet,Android,Mumbai,3,19,2704,0
5737.02480478616,10,Card,iPhone,Chennai,0,3,1969,0
2014.4684534963283,7,UPI,iPhone,Mumbai,0,39,812,0
3471.53243578947,20,Wallet,iPhone,Delhi,8,12,2511,0
5188.409768183779,16,NetBanking,iPhone,Chennai,5,30,1838,0
3572.5733270672217,23,Card,iPhone,Delhi,4,16,1921,0
638.8994881696099,16,Wallet,Desktop,Mumbai,9,13,2938,0
1870.2976676938576,23,Wallet,Android,Hyderabad,2,24,3628,0
8107.452027894015,17,Wallet,Android,Chennai,2,17,1876,0
9881.467017064018,3,Card,Desktop,Bangalore,1,27,599,0
738.4415541095351,14,NetBanking,Desktop,Bangalore,6,29,3156,0
15223.221227574539,1,Wallet,iPhone,Delhi,8,41,2350,1
1993.609110129775,1,Wallet,iPhone,Hyderabad,5,14,3312,0
5428.190178299471,9,UPI,Android,Bangalore,9,5,1241,0
6968.108623132625,2,Card,iPhone,Bangalore,0,43,2799,0
8355.136855348374,7,Card,Android,Chennai,5,38,1608,0
14570.733988268426,19,Wallet,iPhone,Bangalore,7,6,2229,0
1876.5194369952112,6,UPI,iPhone,Mumbai,7,24,3071,0
9777.50589072291,11,Wallet,Android,Delhi,9,40,1441,1
706.0145951758321,18,Wallet,Desktop,Bangalore,2,33,685,0
6104.592989313401,14,Card,Desktop,Chennai,0,9,2240,0
6773.546890363094,13,UPI,iPhone,Mumbai,4,42,2142,0
5661.723016105115,15,Wallet,Desktop,Bangalore,5,49,899,0
1453.8657989522824,13,Card,iPhone,Delhi,9,3,1688,0
10319.539952627701,2,Wallet,Desktop,Delhi,8,23,972,0
924.775888878609,17,Wallet,Desktop,Delhi,1,21,2719,0
275.6336447784561,21,UPI,Android,Bangalore,0,22,1351,0
6319.764045182416,5,UPI,Desktop,Mumbai,6,45,1832,1
3226.317757110416,16,UPI,iPhone,Hyderabad,1,8,1489,0
9455.623958741025,22,Wallet,Android,Delhi,1,20,2482,0
2417.6506345891867,13,NetBanking,Desktop,Mumbai,2,14,330,0
921.2886809469957,13,UPI,Android,Chennai,3,30,2575,0
9052.943941290196,19,NetBanking,Desktop,Chennai,6,8,1143,0
3980.437931239487,12,NetBanking,iPhone,Mumbai,0,19,21,0
1048.6433748166778,2,NetBanking,iPhone,Chennai,5,45,2069,0
6371.690202989126,12,Card,Android,Chennai,6,38,316,1
3578.1260303149065,23,Wallet,Desktop,Delhi,2,36,3293,0
4635.658697094392,1,UPI,Desktop,Bangalore,2,6,618,0
3089.255569982458,8,Wallet,Android,Bangalore,1,34,745,0
8821.95659983044,12,Wallet,Android,Bangalore,4,10,1089,0
8846.939419221182,7,Card,iPhone,Bangalore,6,31,149,1
6178.84531368555,15,Card,Android,Mumbai,2,11,1207,0
556.9006383157989,23,Card,Desktop,Delhi,6,43,282,1
9127.218178311618,2,Wallet,Android,Mumbai,7,35,3403,1
5558.684917512197,12,NetBanking,iPhone,Chennai,2,11,3127,0
5970.511162215987,3,Wallet,Android,Delhi,0,40,113,0
2254.793428156551,17,Card,Desktop,Hyderabad,2,32,1237,0
10571.388939487411,1,Wallet,Android,Bangalore,5,49,1070,0
6461.681843451471,19,Card,Android,Chennai,0,26,2494,0
597.2434847280182,21,Card,Android,Bangalore,8,22,1094,0
2619.368862448958,20,UPI,iPhone,Bangalore,2,1,2230,0
10874.4945878311,14,NetBanking,iPhone,Bangalore,2,48,1197,0
241.73399626215962,16,Card,iPhone,Hyderabad,6,29,981,0
16274.668279520356,9,UPI,iPhone,Chennai,6,39,3576,1
5684.103637505,0,NetBanking,Desktop,Bangalore,5,22,2358,0
4989.890319927591,5,Card,Desktop,Bangalore,6,32,3281,1
1577.385716130011,2,NetBanking,iPhone,Delhi,4,25,2997,0
1430.362101447174,18,NetBanking,iPhone,Bangalore,7,40,1247,1
14241.582784253394,6,Wallet,iPhone,Delhi,9,45,1964,1
1771.0503086784238,12,UPI,Android,Chennai,1,29,343,0
7469.51582740636,12,NetBanking,Desktop,Chennai,4,37,2656,0
2497.135820407972,16,Wallet,Android,Chennai,8,32,3052,1
749.7795306042176,0,NetBanking,iPhone,Delhi,3,30,1144,0
53.86559961795687,13,Wallet,Desktop,Hyderabad,7,18,2596,0
3929.134821623789,2,Card,iPhone,Hyderabad,2,44,2082,0
18602.63881034444,13,Card,Android,Bangalore,5,48,1972,0
2303.326388933802,23,Wallet,Desktop,Chennai,7,3,390,0
2209.548596150499,0,Card,Android,Mumbai,8,12,2982,0
2108.6708057373007,15,Card,Desktop,Bangalore,6,20,289,0
3675.514058943361,9,Card,iPhone,Hyderabad,5,8,971,0
2905.0324623568604,12,NetBanking,Desktop,Hyderabad,5,31,567,0
10597.761726074084,3,Wallet,Android,Chennai,5,24,2583,0
3521.2508737789185,8,UPI,Android,Delhi,9,13,765,0
3543.9224238810307,13,UPI,Android,Bangalore,8,8,556,0
744.6559281230722,3,Wallet,Android,Delhi,2,42,1124,0
20296.684976046614,9,NetBanking,iPhone,Hyderabad,3,14,1052,0
1438.229637983935,7,Card,Android,Chennai,2,15,576,0
380.9726391944544,22,Card,iPhone,Hyderabad,8,21,816,0
5440.53208021805,2,NetBanking,Desktop,Chennai,4,15,2363,0
4523.866194801905,22,UPI,Android,Mumbai,9,26,979,0
2681.962219677111,6,Wallet,Desktop,Delhi,7,38,1851,1
2742.5702509846005,9,Wallet,Desktop,Bangalore,7,46,2859,1
7687.0730112586125,2,NetBanking,iPhone,Chennai,8,38,683,1
1088.9933042426637,1,Card,Android,Mumbai,9,33,2701,1
8581.033733894641,14,Card,iPhone,Mumbai,6,10,2603,0
5231.244208494754,8,Card,Android,Delhi,2,19,1264,0
2714.7624950379513,14,Wallet,Desktop,Chennai,4,11,781,0
3062.7103853078993,16,UPI,iPhone,Bangalore,2,3,504,0
1482.9226243266203,6,Wallet,Android,Bangalore,1,23,1443,0
6973.938290292367,19,NetBanking,Desktop,Bangalore,2,6,2779,0
3596.1699315594637,17,Wallet,iPhone,Hyderabad,9,41,405,1
1934.5997580578914,14,NetBanking,iPhone,Hyderabad,8,41,2760,1
4532.3222881446645,17,Wallet,iPhone,Chennai,8,29,1898,0
27285.923153169108,23,UPI,iPhone,Bangalore,7,4,2202,1
2856.9693369842635,22,NetBanking,Desktop,Mumbai,6,3,3422,0
12672.043585554833,11,Card,Desktop,Bangalore,0,20,2262,0
2115.728767429429,22,Card,Desktop,Chennai,8,43,3634,1
281.43770834015993,20,Wallet,Desktop,Bangalore,9,49,3121,1
1142.3014656553135,7,Wallet,Android,Delhi,1,8,1383,0
2712.3997473157783,1,UPI,Desktop,Bangalore,5,6,2546,0
1239.9671426590303,1,UPI,iPhone,Mumbai,9,5,1780,0
1.1353199766673678,4,Card,iPhone,Chennai,4,8,1371,0
12325.610569014234,0,Wallet,iPhone,Chennai,5,8,2390,0
9285.632827085457,21,NetBanking,iPhone,Mumbai,7,35,2829,1
6779.645081047453,3,UPI,Android,Chennai,7,19,2471,0
918.5001060743391,5,NetBanking,iPhone,Bangalore,9,48,1463,1
641.2330583295656,22,NetBanking,iPhone,Chennai,1,10,2292,0
349.99232823866623,12,UPI,iPhone,Bangalore,6,35,1707,1
6437.300876406098,18,Wallet,Desktop,Chennai,1,9,554,0
13211.871371146206,10,NetBanking,Desktop,Bangalore,0,8,1978,0
2815.296984773289,12,Wallet,Android,Bangalore,7,8,2956,0
634.2866944466449,7,NetBanking,Android,Mumbai,8,8,2573,0
3591.2257890014225,6,Wallet,Android,Mumbai,6,20,1804,0
2144.937317172008,12,Wallet,iPhone,Hyderabad,3,7,716,0
2348.6177371615254,0,Wallet,Android,Mumbai,6,46,3366,1
4855.4590693818245,5,Wallet,Desktop,Bangalore,3,22,200,0
6341.989784111247,6,UPI,Desktop,Bangalore,6,17,1009,0
586.0612365967521,15,NetBanking,Desktop,Chennai,3,44,3390,0
181.19501455745993,14,Wallet,iPhone,Chennai,8,5,1224,0
25863.09773195701,19,Card,iPhone,Hyderabad,4,34,1317,1
1324.571834032721,1,NetBanking,Android,Bangalore,6,25,2328,0
276.6678841507926,22,NetBanking,Android,Hyderabad,7,47,3164,1
1052.8356423145458,15,Wallet,Android,Bangalore,4,43,3136,0
198.68503306108906,16,NetBanking,Android,Mumbai,0,15,1168,0
2486.347083925783,23,Card,iPhone,Chennai,3,31,2834,0
8107.597621666283,14,Card,Desktop,Hyderabad,2,45,1604,0
2087.0137687341685,2,Card,iPhone,Delhi,6,19,3307,0
2936.584538182011,3,NetBanking,Android,Bangalore,5,44,3496,0
5628.685927925503,11,NetBanking,iPhone,Mumbai,5,31,1338,0
3555.477156091545,4,Wallet,Desktop,Delhi,1,47,993,0
9882.46435769033,16,NetBanking,iPhone,Mumbai,5,12,3195,0
10050.908730809611,5,NetBanking,Desktop,Mumbai,7,23,2101,0
49.80066673638775,9,Wallet,Android,Bangalore,4,23,3099,0
7526.432533147345,21,Card,iPhone,Mumbai,8,36,2422,1
3087.727910066859,17,Wallet,Android,Hyderabad,1,11,36,0
22477.33913558893,9,UPI,Android,Delhi,6,22,3012,1
3300.8069738118766,5,NetBanking,Desktop,Mumbai,5,47,2660,0
21674.16792160197,23,NetBanking,Desktop,Mumbai,5,30,1165,0
7023.704510181924,5,UPI,Android,Chennai,3,5,947,0
1429.1182327326565,19,UPI,Desktop,Chennai,9,37,2736,1
3865.2284354302096,14,UPI,Desktop,Hyderabad,8,20,1212,0
24227.070263269303,3,Wallet,Android,Chennai,5,10,718,0
9743.14046792972,15,Card,Android,Mumbai,7,22,618,0
512.1955677309854,21,Wallet,Desktop,Mumbai,7,42,2661,1
6127.208040387446,23,UPI,Android,Delhi,3,30,623,0
2120.0264949748575,7,Wallet,Android,Chennai,4,30,2502,0
35.033759673622306,6,NetBanking,Desktop,Bangalore,1,22,179,0
2583.220667778912,18,Wallet,iPhone,Chennai,3,38,1038,0
1337.7923965883424,16,UPI,iPhone,Mumbai,5,38,683,0
8542.681230521888,20,NetBanking,Android,Delhi,1,38,3331,0
2057.3953452121445,12,Card,Desktop,Chennai,1,7,1689,0
8787.477040994845,14,Wallet,Android,Delhi,9,36,2082,1
2.9905883575644285,1,Wallet,Desktop,Chennai,6,14,710,0
1839.5400680797122,9,UPI,Android,Hyderabad,9,11,1976,0
1379.8559947031106,12,Card,Android,Mumbai,4,7,3304,0
1330.042329500564,17,NetBanking,Desktop,Mumbai,2,32,3265,0
353.1136007313142,22,UPI,Android,Bangalore,2,18,2558,0
1035.885176255843,10,UPI,iPhone,Mumbai,6,34,2236,1
4054.5837427483143,12,Wallet,iPhone,Bangalore,2,2,2798,0
1722.0457637370562,18,Card,Desktop,Mumbai,9,7,1840,0
2701.227393297678,23,UPI,Android,Chennai,4,43,3569,0
2364.9755390741216,23,Wallet,iPhone,Chennai,1,31,328,0
10433.536366477672,21,NetBanking,Desktop,Hyderabad,2,18,717,0
11785.153543676272,4,UPI,Desktop,Chennai,3,20,3177,0
3395.7970523160407,2,NetBanking,Desktop,Delhi,0,7,2339,0
2003.5517767770355,18,NetBanking,iPhone,Chennai,3,22,3314,0
564.727735982155,22,Wallet,iPhone,Bangalore,3,37,2145,0
15331.082645374594,12,Card,iPhone,Hyderabad,2,34,1901,0
310.58431806089413,4,NetBanking,iPhone,Delhi,9,46,492,1
1766.6190945233523,11,UPI,Android,Delhi,8,39,801,1
1769.5809153208515,13,Card,iPhone,Mumbai,2,42,115,0
1931.2639084102636,5,Card,Desktop,Bangalore,1,40,310,0
897.3491936835555,21,Wallet,Android,Chennai,6,16,2599,0
7643.010617979017,8,UPI,iPhone,Chennai,8,14,3182,0
653.3794356954463,16,UPI,Android,Mumbai,5,41,1216,0
5038.011148725333,7,Wallet,Desktop,Chennai,4,32,1702,0
661.0671744528562,12,Wallet,iPhone,Delhi,0,38,806,0
365.73406580656706,4,Card,Android,Chennai,2,39,2633,0
12008.13383357463,21,NetBanking,iPhone,Chennai,8,26,112,0
1054.40007358339,21,NetBanking,Android,Delhi,7,30,1893,0
8608.83981039034,16,NetBanking,Android,Bangalore,8,41,1327,1
3933.2345832133424,2,NetBanking,Desktop,Bangalore,7,39,1918,1
405.27224443641234,5,UPI,Desktop,Delhi,0,9,2625,0
15555.512648309408,13,UPI,iPhone,Delhi,7,32,2404,1
1418.192407260406,14,Wallet,iPhone,Hyderabad,7,7,1834,0
9817.914060771102,13,Wallet,Android,Hyderabad,4,12,1126,0
924.4843851385583,10,NetBanking,Desktop,Chennai,5,23,1591,0
9618.787577866015,10,Wallet,Desktop,Chennai,1,17,315,0
66.58546538187224,8,UPI,Android,Hyderabad,0,21,2242,0
3584.9504510877887,5,NetBanking,Desktop,Chennai,7,12,3146,0
7336.2766721518865,14,NetBanking,Desktop,Bangalore,6,22,1974,0
13651.135311510125,11,UPI,Android,Bangalore,3,23,1843,0
11995.597600774017,5,Card,iPhone,Mumbai,6,5,1431,0
8563.582693298918,0,NetBanking,iPhone,Hyderabad,1,18,1316,0
10954.831739603525,15,Wallet,iPhone,Bangalore,1,37,1208,0
1110.8431699845903,19,Card,Android,Mumbai,6,37,3626,1
1671.6627069951087,14,UPI,iPhone,Delhi,2,7,3430,0
1705.1929070598753,1,Card,Android,Bangalore,5,3,3171,0
2366.476652788393,16,Card,Android,Mumbai,6,1,1664,0
2498.774574028982,2,NetBanking,Desktop,Chennai,6,6,2573,0
3932.4051441745178,2,Card,Desktop,Mumbai,9,7,979,0
871.0512926934542,4,Wallet,iPhone,Bangalore,3,27,611,0
5876.0629277343905,16,NetBanking,Android,Chennai,2,31,2868,0
917.0099370718935,22,UPI,iPhone,Chennai,0,8,2974,0
1857.5542843636158,16,Wallet,iPhone,Mumbai,6,14,1490,0
3499.299609455716,19,NetBanking,Desktop,Mumbai,8,15,2700,0
7958.986178905575,5,Card,iPhone,Bangalore,0,7,204,0
6725.17159096781,0,Wallet,iPhone,Chennai,4,7,2453,0
5185.719264139446,6,NetBanking,Desktop,Hyderabad,3,33,3212,0
846.6708593202987,14,NetBanking,iPhone,Mumbai,9,41,3390,1
3959.8162960307586,6,UPI,iPhone,Hyderabad,1,7,1400,0
457.54283539772524,18,NetBanking,Android,Hyderabad,6,20,2268,0
2368.959392421717,19,UPI,iPhone,Chennai,6,7,1373,0
2668.0539796170638,21,Card,Desktop,Bangalore,7,14,1447,0
203.12798281795017,10,NetBanking,Desktop,Hyderabad,2,15,1257,0
1600.9443618852379,22,NetBanking,Android,Bangalore,5,18,2348,0
15578.152791345701,13,Card,Desktop,Mumbai,3,10,1011,0
15355.79410874071,12,NetBanking,Desktop,Chennai,2,35,3204,0
2171.847116966015,19,NetBanking,Desktop,Delhi,3,27,1695,0
220.2825002621114,8,Wallet,iPhone,Chennai,0,43,920,0
986.7390743107393,8,UPI,Android,Delhi,6,1,2474,0
2489.693370368215,15,NetBanking,Android,Mumbai,6,28,2683,0
14761.419659569101,11,NetBanking,Android,Bangalore,6,34,2993,1
761.090612731614,9,UPI,Android,Mumbai,1,48,978,0
7209.370327744139,5,Wallet,Desktop,Chennai,0,3,234,0
575.2730898596463,17,UPI,iPhone,Delhi,8,49,2138,1
19884.828678910108,1,NetBanking,Desktop,Delhi,1,3,3576,0
2403.232311918166,19,Card,Desktop,Chennai,4,11,3052,0
7463.489077781293,8,Card,Desktop,Chennai,4,4,2807,0
2097.245267582794,18,Wallet,Desktop,Mumbai,7,30,2708,0
4939.858527310384,5,Wallet,Android,Hyderabad,0,39,1928,0
1066.0656375783344,1,NetBanking,Android,Delhi,6,32,755,1
789.2434912818771,14,Wallet,iPhone,Chennai,2,16,1441,0
13908.279692871958,16,NetBanking,Desktop,Mumbai,1,17,2500,0
12483.71883853331,15,Card,Android,Hyderabad,4,11,1958,0
10922.630042230312,20,Wallet,iPhone,Bangalore,3,36,1494,0
4909.928943261175,7,NetBanking,Desktop,Chennai,8,32,932,1
8258.289084967904,9,UPI,Desktop,Hyderabad,0,35,48,0
357.6783847021495,9,Wallet,Android,Bangalore,2,27,2271,0
2038.255291967881,17,NetBanking,Desktop,Bangalore,2,48,1672,0
1882.2249106318525,9,NetBanking,Desktop,Mumbai,3,34,2761,0
5048.137477576721,8,UPI,Android,Delhi,6,5,466,0
2199.9549294118883,23,Card,iPhone,Chennai,4,25,2019,0
803.8187163035274,18,UPI,iPhone,Hyderabad,9,28,1084,0
4537.485985564539,0,NetBanking,Android,Bangalore,5,18,1304,0
8420.37414028252,3,UPI,Android,Delhi,2,3,2065,0
2407.3333535811166,23,UPI,iPhone,Bangalore,4,28,3393,0
709.3659592899565,2,NetBanking,iPhone,Chennai,1,2,679,0
1095.0617157946792,9,Card,Android,Chennai,3,34,1999,0
1355.6543794021752,11,UPI,Android,Mumbai,2,22,1591,0
1782.6432945840843,17,UPI,Android,Chennai,2,22,3149,0
5147.228148503714,22,Wallet,Desktop,Chennai,3,30,2519,0
4593.286205970265,19,Wallet,Android,Chennai,7,34,3037,1
5954.951573057114,5,NetBanking,Desktop,Delhi,7,48,829,1
2251.0205747250507,20,NetBanking,iPhone,Hyderabad,0,1,1567,0
8686.289712209757,1,NetBanking,iPhone,Hyderabad,4,29,1125,0
1141.331131411435,9,Wallet,Android,Chennai,1,19,2588,0
3165.3499900349047,1,NetBanking,Android,Hyderabad,9,19,1568,0
8070.712848531732,8,UPI,iPhone,Chennai,5,41,3335,0
993.2221514339053,9,UPI,iPhone,Hyderabad,2,41,206,0
581.9001164852889,1,Card,iPhone,Hyderabad,9,29,1806,0
10757.22187944322,7,NetBanking,iPhone,Bangalore,9,43,480,1
2099.8210401133297,23,UPI,Android,Delhi,8,33,2121,1
5758.010763540457,16,UPI,Desktop,Bangalore,8,17,1462,0
128.3770737638887,16,Card,iPhone,Bangalore,7,38,2630,1
5856.67122938266,3,UPI,iPhone,Hyderabad,1,1,1715,0
1899.7274431331455,17,Card,Desktop,Mumbai,1,41,2767,0
286.77315502696183,11,Card,Android,Mumbai,1,33,2590,0
4705.64278237165,16,Wallet,Desktop,Delhi,4,36,1438,0
1377.4752906947654,8,UPI,Android,Chennai,9,22,2704,0
2445.3797115747516,18,Wallet,Android,Hyderabad,8,18,1943,0
420.0656300335847,13,UPI,Android,Delhi,6,17,2806,0
795.935672216736,13,Wallet,Android,Bangalore,6,32,2828,1
1768.947237067529,16,Card,Android,Hyderabad,2,20,3285,0
470.2321464483385,1,Card,iPhone,Bangalore,2,23,771,0
12085.843649551245,7,Card,Android,Delhi,9,28,67,0
30.327002961936714,4,Card,iPhone,Mumbai,2,46,1446,0
3306.888282559127,6,UPI,Android,Delhi,0,26,2902,0
657.6524538653421,21,NetBanking,iPhone,Hyderabad,7,7,3541,0
1838.5284366564467,15,UPI,Desktop,Hyderabad,1,41,2419,0
13022.476861313056,15,Wallet,Desktop,Chennai,6,20,364,0
881.8637500620277,16,UPI,iPhone,Mumbai,8,41,400,1
16882.375513656625,21,UPI,Android,Hyderabad,1,47,2898,0
1152.0644010807302,6,Wallet,iPhone,Mumbai,0,11,260,0
6765.576782451039,19,Card,iPhone,Hyderabad,4,7,1069,0
3955.754838216908,7,Wallet,Android,Mumbai,9,38,1933,1
10791.50294663645,7,Wallet,Desktop,Delhi,4,27,898,0
4037.106024430614,22,NetBanking,iPhone,Mumbai,0,9,1311,0
3823.852032951791,10,NetBanking,Desktop,Bangalore,8,4,3612,0
1087.410540154808,14,Card,Desktop,Delhi,2,49,3401,0
908.9846444861461,17,Wallet,Desktop,Hyderabad,1,38,2363,0
12413.893644023843,5,Wallet,iPhone,Hyderabad,6,29,2955,0
1986.2809595998929,21,Wallet,iPhone,Chennai,4,49,1443,0
2326.7305016637415,11,UPI,Android,Bangalore,3,26,1329,0
7131.909344466029,14,NetBanking,Android,Chennai,3,25,2988,0
2068.6721426098293,22,NetBanking,iPhone,Delhi,8,14,229,0
15189.28043359221,5,Card,Android,Chennai,8,37,750,1
6695.675611862521,17,NetBanking,Desktop,Delhi,0,28,1210,0
4549.422013624883,23,NetBanking,Desktop,Chennai,9,8,1971,0
10638.755849505416,19,Card,iPhone,Mumbai,6,42,2166,1
254.392735453842,8,Wallet,Desktop,Delhi,7,11,126,0
1485.7180746479344,7,UPI,iPhone,Delhi,4,35,3034,0
3127.7822441201365,13,Card,iPhone,Mumbai,6,31,132,1
1287.2423406502642,18,NetBanking,iPhone,Mumbai,7,34,3233,1
6811.037704843597,18,Card,Desktop,Bangalore,7,46,1726,1
12579.388563121465,7,NetBanking,iPhone,Mumbai,8,36,1617,1
2756.2430028113017,1,Wallet,iPhone,Chennai,4,17,1898,0
2093.759439457903,3,Wallet,Android,Mumbai,1,49,346,0
16292.078122504405,5,Wallet,Desktop,Mumbai,5,21,1963,0
2942.606568900544,2,NetBanking,iPhone,Delhi,0,26,2132,0
3357.4020519313376,2,Card,Android,Delhi,9,41,2090,1
2166.6220404518967,18,NetBanking,iPhone,Mumbai,5,28,2483,0
12014.705925810722,10,Wallet,Desktop,Bangalore,2,22,1190,0
4207.719535815295,9,Wallet,Android,Delhi,2,41,1451,0
7181.092170419446,11,Wallet,Android,Chennai,6,3,2096,0
8351.428752002452,13,NetBanking,iPhone,Chennai,3,28,1066,0
2091.6047719541602,17,UPI,iPhone,Mumbai,4,36,185,0
2843.106479415647,23,Wallet,Desktop,Mumbai,5,2,1846,0
9434.916819182006,8,Card,Desktop,Bangalore,9,46,1256,1
2256.9328491566293,14,Wallet,iPhone,Mumbai,5,20,401,0
7897.821368013676,23,NetBanking,Android,Hyderabad,1,40,1715,0
14150.438588425272,2,Card,Desktop,Hyderabad,2,36,1161,0
4880.341330162804,22,NetBanking,Desktop,Mumbai,0,8,1748,0
6766.760571219642,10,UPI,Android,Hyderabad,2,39,1544,0
8176.274405433674,9,UPI,iPhone,Chennai,7,25,1257,0
9322.929970591487,17,NetBanking,Desktop,Mumbai,3,15,1983,0
2513.0749329227056,3,Wallet,Android,Chennai,1,30,1392,0
263.1206829634183,12,Card,Desktop,Chennai,3,47,1976,0
2569.7882107342816,5,Wallet,Android,Hyderabad,6,34,3465,1
5600.552078255975,20,NetBanking,Desktop,Bangalore,8,4,971,0
2992.3713441188797,12,NetBanking,iPhone,Chennai,4,22,2550,0
6910.777706523328,19,Wallet,Android,Hyderabad,4,25,2415,0
2207.916146263214,4,Card,Desktop,Bangalore,4,9,3183,0
5035.785938485179,19,Card,Desktop,Hyderabad,9,23,2309,0
1031.5538839664775,13,Card,Android,Hyderabad,8,39,1088,1
6918.876416211573,12,Card,Android,Mumbai,6,12,2740,0
3944.9431642658355,13,Card,iPhone,Delhi,2,14,2548,0
1141.1849327172886,7,UPI,Android,Bangalore,1,7,3132,0
1725.928659983607,15,UPI,Desktop,Hyderabad,8,31,3161,1
6903.72311883699,12,NetBanking,iPhone,Chennai,2,6,2404,0
3294.706987231407,23,UPI,Android,Chennai,7,23,1575,0
1216.931809890208,14,Card,Desktop,Delhi,3,19,1393,0
17097.49780262704,18,Card,Android,Bangalore,4,21,1516,0
6278.524304898707,0,Card,Desktop,Mumbai,7,19,2694,0
15748.478650852594,21,NetBanking,Desktop,Bangalore,4,47,2904,0
2785.264521548618,1,NetBanking,iPhone,Chennai,9,19,405,0
3222.7407989216726,17,Wallet,iPhone,Chennai,1,44,1956,0
11411.717525227878,18,UPI,Android,Mumbai,5,34,2066,0
3722.72177271802,7,UPI,iPhone,Mumbai,6,43,368,1
6142.675205466503,2,Wallet,Android,Chennai,0,13,1281,0
1452.9172368317581,22,Wallet,iPhone,Hyderabad,9,36,221,1
2959.513840544568,13,UPI,iPhone,Hyderabad,8,25,2321,0
658.8068904692833,8,Card,Android,Mumbai,5,33,3013,0
1153.2333715965667,7,UPI,iPhone,Hyderabad,3,21,3449,0
4.719302819514585,16,Card,iPhone,Mumbai,1,34,1271,0
200.283581105462,22,NetBanking,iPhone,Bangalore,8,46,3462,1
18923.38986460617,22,UPI,iPhone,Bangalore,5,25,1594,0
1387.6930925721454,23,UPI,Android,Bangalore,8,18,1271,0
5442.973802898315,15,NetBanking,Desktop,Mumbai,1,43,173,0
9134.851765064848,9,NetBanking,Android,Mumbai,4,11,1352,0
3999.8823075899827,20,NetBanking,Android,Hyderabad,5,19,123,0
831.1260055428344,9,NetBanking,Android,Hyderabad,4,49,1753,0
6511.906913898306,23,NetBanking,iPhone,Hyderabad,5,49,2515,0
4584.597273639555,5,Wallet,iPhone,Delhi,2,34,636,0
6569.879462315672,21,Wallet,Desktop,Mumbai,8,2,2864,0
7342.874683334661,16,NetBanking,iPhone,Bangalore,1,30,2738,0
18527.151877392393,15,NetBanking,Desktop,Bangalore,1,45,1255,0
4261.456467891167,14,NetBanking,Desktop,Delhi,4,38,1336,0
2090.0253745108894,21,NetBanking,iPhone,Delhi,9,15,2697,0
5227.2236948028785,13,Card,Desktop,Bangalore,2,11,1500,0
354.4772006310756,3,Card,Android,Mumbai,1,24,3262,0
11384.456046852656,3,NetBanking,Android,Bangalore,5,4,501,0
635.6511128522883,1,NetBanking,Android,Bangalore,5,19,1657,0
1986.3154680455148,10,UPI,Desktop,Delhi,6,29,3359,0
8457.183384991586,3,NetBanking,Desktop,Delhi,3,14,2369,0
4547.970749700628,20,NetBanking,Android,Hyderabad,7,17,1897,0
2501.3701101250413,20,Wallet,iPhone,Delhi,2,8,2109,0
3206.9087522927225,15,Card,Android,Bangalore,9,13,1162,0
9639.524859532234,20,NetBanking,iPhone,Hyderabad,0,23,126,0
2077.6104476451933,3,Card,iPhone,Bangalore,4,29,192,0
10187.64860296911,0,Card,Desktop,Mumbai,5,47,1970,0
461.31351079664137,23,UPI,Desktop,Mumbai,2,11,3286,0
7498.400233730234,18,Card,iPhone,Delhi,1,16,2241,0
9404.515398126732,1,Card,iPhone,Hyderabad,2,44,589,0
1003.3502446510932,8,NetBanking,iPhone,Chennai,2,23,3095,0
2813.6352728059187,22,Wallet,Desktop,Mumbai,6,12,743,0
904.6113292735315,12,NetBanking,Android,Mumbai,0,38,2431,0
6131.162431452706,17,NetBanking,iPhone,Mumbai,3,24,3228,0
3832.330207536979,15,Wallet,Desktop,Mumbai,2,31,1117,0
5043.720997085617,15,Wallet,Android,Delhi,9,38,826,1
1093.8093679768638,9,UPI,Desktop,Hyderabad,6,36,1704,1
1189.673655168473,8,Wallet,Android,Mumbai,0,1,2752,0
211.914631066632,10,NetBanking,Desktop,Delhi,7,26,2657,0
1943.5380271816011,3,Wallet,Android,Hyderabad,9,17,1154,0
4102.002026184067,9,Wallet,iPhone,Hyderabad,6,36,3499,1
9757.349871303202,2,Wallet,Desktop,Chennai,7,17,2273,0
5496.974686168278,5,Card,Android,Bangalore,7,37,1752,1
2858.156256583508,2,UPI,Android,Mumbai,8,27,2060,0
15300.832869321739,8,Card,Android,Delhi,0,25,2396,0
6351.367952496542,2,Card,iPhone,Hyderabad,8,30,2851,0
13308.114335561379,17,UPI,Desktop,Chennai,0,41,2122,0
3749.518681013277,7,Card,Android,Bangalore,2,25,1135,0
1498.1273910731716,21,Wallet,iPhone,Hyderabad,6,38,1506,1
271.3659459926547,7,UPI,iPhone,Hyderabad,7,32,2937,1
6474.684487511171,14,Card,iPhone,Mumbai,4,12,2245,0
646.5757417544264,12,NetBanking,iPhone,Bangalore,0,49,2239,0
1803.2364611878845,6,Card,iPhone,Bangalore,2,21,2985,0
3801.4685153209693,18,NetBanking,iPhone,Delhi,6,42,3136,1
4155.344844754279,7,Wallet,iPhone,Chennai,1,34,1810,0
4588.748941236248,9,NetBanking,Desktop,Delhi,1,1,1990,0
909.1403749788478,16,Card,Desktop,Chennai,8,13,2699,0
2388.0617500038115,0,Card,iPhone,Delhi,5,21,494,0
4801.137694201848,12,Card,Android,Chennai,3,1,3137,0
17502.691032642313,12,UPI,Android,Mumbai,9,13,2711,0
6502.990099882649,23,UPI,Android,Chennai,8,31,2308,1
12794.085204151128,15,Card,iPhone,Delhi,6,23,169,0
7181.880019041758,8,Card,Android,Bangalore,6,3,177,0
4478.973206920344,9,Wallet,Desktop,Hyderabad,7,11,1169,0
1066.1107153887137,5,UPI,Desktop,Chennai,2,29,587,0
5493.346229838425,4,UPI,Desktop,Chennai,1,48,55,0
4882.58702481846,1,UPI,Desktop,Bangalore,0,18,2682,0
4612.413946485956,10,NetBanking,iPhone,Mumbai,1,25,2587,0
3364.623873466977,8,Card,Desktop,Delhi,2,34,2735,0
3760.841860176812,5,Wallet,Android,Mumbai,4,18,136,0
2035.6514221109112,7,Wallet,Android,Chennai,7,49,3444,1
3662.6915446453263,8,Card,Desktop,Chennai,2,1,1047,0
1100.4654540075028,8,Card,Desktop,Mumbai,6,28,538,0
8178.2523301085475,7,Wallet,Desktop,Delhi,4,4,2210,0
1027.6046954361123,11,NetBanking,Android,Chennai,4,21,2208,0
443.97186367198157,7,Wallet,Android,Chennai,7,6,2566,0
2865.6866979984097,2,NetBanking,Desktop,Mumbai,9,21,1729,0
5369.219460689436,12,NetBanking,Android,Hyderabad,4,37,1401,0
2878.748428817034,18,UPI,Android,Bangalore,9,30,315,0
1620.0302408773828,1,Card,iPhone,Chennai,6,20,2738,0
4084.163828959275,16,UPI,Desktop,Delhi,9,41,708,1
2130.908630736617,15,NetBanking,Desktop,Hyderabad,7,32,1241,1
13505.449163326035,3,Wallet,iPhone,Mumbai,7,31,264,1
12796.759337628537,17,UPI,iPhone,Mumbai,2,36,1576,0
3489.510536359083,13,Wallet,Android,Delhi,3,25,2990,0
1986.6216270422863,1,NetBanking,iPhone,Hyderabad,7,5,2388,0
6680.524243554146,12,Wallet,Desktop,Delhi,4,8,462,0
187.01912957678636,20,UPI,Desktop,Chennai,0,17,2048,0
3219.585623343909,19,NetBanking,Desktop,Hyderabad,6,15,1185,0
2049.801438558754,16,Card,Android,Bangalore,2,20,314,0
12662.248720822467,14,UPI,Android,Bangalore,1,45,884,0
60.37822640070042,19,UPI,Desktop,Delhi,9,47,131,1
4023.913109115993,4,Card,Desktop,Bangalore,4,29,2127,0
6748.145726709837,6,NetBanking,Android,Delhi,0,36,667,0
3318.116530797595,17,Card,Android,Chennai,8,28,1491,0
446.3589043263436,23,UPI,iPhone,Chennai,9,8,65,0
17960.83130004628,10,NetBanking,Android,Delhi,4,14,569,0
3649.164035124247,17,Wallet,Android,Chennai,5,33,1443,0
4762.002620964085,4,UPI,Desktop,Bangalore,6,34,2996,1
1349.9297670397966,12,Wallet,Desktop,Chennai,8,29,2017,0
3303.3814149423592,17,Card,Desktop,Bangalore,4,22,947,0
2803.1395544308075,1,NetBanking,iPhone,Bangalore,3,3,2833,0
389.24472283941134,19,Card,Android,Mumbai,2,48,52,0
561.1444314044406,3,Wallet,iPhone,Chennai,4,23,944,0
9084.540907357625,12,UPI,Android,Chennai,9,3,2874,0
1370.9998438399396,23,NetBanking,Android,Delhi,9,6,3098,0
1084.3058312969117,15,Card,Desktop,Delhi,2,40,3099,0
3515.0932302417464,5,Wallet,Android,Hyderabad,4,23,3352,0
7321.2174887384,7,Wallet,iPhone,Bangalore,7,12,1528,0
319.74157580488225,15,UPI,Desktop,Mumbai,1,5,2385,0
4299.645561570667,12,Wallet,iPhone,Bangalore,3,5,139,0
634.6827486498934,22,NetBanking,iPhone,Chennai,7,3,392,0
185.7118363487568,3,Wallet,Desktop,Hyderabad,4,4,234,0
270.9292223847981,1,UPI,Android,Bangalore,7,24,432,0
8983.78291640906,8,Card,iPhone,Hyderabad,5,5,288,0
627.6601288068672,17,NetBanking,Android,Bangalore,0,31,2077,0
231.01223915072285,16,Card,Desktop,Chennai,4,35,1130,0
2880.3765409826506,7,Card,Android,Chennai,9,42,608,1
9289.287130413297,14,Wallet,Android,Bangalore,1,19,2552,0
1521.8248160799044,8,Wallet,Desktop,Mumbai,6,8,633,0
2738.421661806102,16,UPI,Android,Chennai,9,28,616,0
203.7065126492444,22,Wallet,iPhone,Delhi,3,38,1925,0
2980.8148693756925,1,Wallet,iPhone,Mumbai,1,23,3249,0
4309.167572435212,5,Card,iPhone,Bangalore,0,7,2701,0
4230.408628003247,4,NetBanking,Android,Mumbai,4,38,3456,0
2020.530351400584,16,Wallet,iPhone,Delhi,9,13,2346,0
1895.5755486777095,1,NetBanking,Android,Chennai,7,45,1290,1
563.7365377439869,17,Wallet,Android,Chennai,7,21,1178,0
2284.8314940464516,9,Wallet,Android,Chennai,9,37,794,1
523.9959709907937,9,UPI,Android,Delhi,1,6,2773,0
7274.920922196848,5,Wallet,Desktop,Mumbai,5,10,919,0
16947.475271097956,11,UPI,iPhone,Bangalore,6,27,2988,0
17545.21435600952,16,Card,iPhone,Bangalore,9,26,1100,0
10015.036506594137,12,NetBanking,Android,Mumbai,0,42,3623,0
4591.365343776415,19,Wallet,Desktop,Chennai,4,28,3243,0
6034.313166710485,15,UPI,Android,Bangalore,5,16,3636,0
1678.8030681875032,9,Card,iPhone,Chennai,6,28,760,0
4981.683304268637,20,Wallet,iPhone,Hyderabad,8,3,826,0
3040.810144761503,1,UPI,Desktop,Hyderabad,2,1,2892,0
3289.0675587788965,1,UPI,Android,Bangalore,7,3,2148,0
7089.473372868667,22,Card,Desktop,Mumbai,9,30,1952,0
1655.8600276558298,6,Wallet,Android,Mumbai,2,19,274,0
1913.9185224449948,5,Wallet,Desktop,Mumbai,8,33,2346,1
12927.512083135065,0,NetBanking,iPhone,Chennai,7,8,212,0
289.3337077291333,11,Wallet,Desktop,Hyderabad,8,19,3074,0
3324.1039241198523,12,UPI,iPhone,Chennai,4,36,956,0
12197.800635492851,11,NetBanking,iPhone,Delhi,8,48,2337,1
4712.6988129455,18,NetBanking,Android,Delhi,2,37,2257,0
3952.775611979838,8,Wallet,Desktop,Bangalore,6,5,1595,0
1436.7051812518891,9,NetBanking,Desktop,Delhi,2,34,2660,0
2102.4533103929675,16,UPI,Desktop,Mumbai,5,38,697,0
9554.350962767268,17,UPI,Desktop,Bangalore,7,27,2494,0
4096.0257788272165,7,Card,Android,Hyderabad,1,39,2239,0
3615.3748500393162,6,UPI,Android,Hyderabad,7,47,2889,1
524.468198529216,8,Card,Android,Delhi,0,42,2719,0
80.7899831147088,9,NetBanking,iPhone,Delhi,3,42,1703,0
16577.647978903977,11,Card,iPhone,Hyderabad,6,24,597,0
2365.9327852463407,14,Wallet,iPhone,Delhi,0,48,3094,0
4621.779113553946,14,Card,Android,Delhi,5,31,2321,0
415.3597691492223,3,Wallet,iPhone,Chennai,9,22,3203,0
5746.070464472279,3,NetBanking,Desktop,Hyderabad,5,23,289,0
13483.08223448412,22,Card,iPhone,Hyderabad,6,41,2240,1
4286.16318795958,0,UPI,Android,Delhi,8,24,266,0
674.0342991521535,11,Wallet,Android,Mumbai,6,40,836,1
4358.0393302750235,1,NetBanking,Android,Chennai,2,32,2291,0
7269.595411285781,14,UPI,Android,Mumbai,3,33,678,0
2607.8872281344024,16,Wallet,Desktop,Delhi,0,28,992,0
10594.561744885315,6,NetBanking,iPhone,Hyderabad,4,17,681,0
5230.330982140458,5,NetBanking,iPhone,Mumbai,6,26,2260,0
11475.511708146918,11,UPI,Android,Bangalore,2,18,701,0
4884.25669370165,18,NetBanking,iPhone,Mumbai,5,15,911,0
703.7179592046167,0,Card,Desktop,Hyderabad,2,38,820,0
1853.084928372473,20,NetBanking,Android,Delhi,3,22,2056,0
1126.9487873151104,13,Wallet,iPhone,Mumbai,4,49,1464,0
11974.95484629651,3,Wallet,iPhone,Delhi,5,18,1634,0
7143.923467867238,4,Wallet,iPhone,Chennai,5,21,586,0
5641.210266796739,0,Card,iPhone,Bangalore,0,19,78,0
1790.2817713168633,0,UPI,Android,Hyderabad,7,2,892,0
1016.9789661595642,20,Card,Android,Hyderabad,2,30,3576,0
7062.187429746098,5,Card,Desktop,Delhi,3,25,2747,0
3213.771943366735,4,Card,Android,Bangalore,7,26,3286,0
1279.557729516671,1,NetBanking,iPhone,Hyderabad,4,39,1933,0
4793.668871942185,20,UPI,iPhone,Mumbai,5,17,3251,0
205.84908823963647,4,NetBanking,iPhone,Hyderabad,0,47,2044,0
1973.889012717029,8,Card,Desktop,Mumbai,7,16,2619,0
3160.7966021174843,18,Wallet,Android,Hyderabad,4,27,3101,0
800.599248605534,20,Card,Android,Mumbai,0,49,2653,0
20884.657736152672,14,UPI,Android,Chennai,6,3,2110,1
1172.9020464797122,12,Wallet,iPhone,Delhi,1,42,1159,0
698.3402316664269,11,UPI,iPhone,Chennai,5,38,2476,0
1137.8596725190914,4,Card,iPhone,Mumbai,2,29,3206,0
7328.011245991459,1,UPI,Desktop,Delhi,5,2,2531,0
2771.325162598201,3,NetBanking,Desktop,Bangalore,8,43,830,1
4166.829443337638,17,Wallet,iPhone,Mumbai,5,40,1765,0
106.16494951648639,20,UPI,Desktop,Hyderabad,0,14,1092,0
175.19016840967024,9,Wallet,Desktop,Hyderabad,5,12,1486,0
2951.378748969702,12,Wallet,Desktop,Bangalore,2,24,765,0
8481.934907777897,11,Card,Android,Chennai,3,28,2502,0
10824.512585782784,1,Card,Desktop,Mumbai,3,39,17,0
453.4902818547664,14,Wallet,iPhone,Hyderabad,8,18,2993,0
3864.8831609652516,13,UPI,Android,Delhi,7,25,152,0
12222.45361819772,9,Wallet,Desktop,Bangalore,6,37,461,1
2454.8923925152417,21,Card,iPhone,Chennai,4,6,248,0
8847.030824508787,7,UPI,Desktop,Chennai,9,45,3468,1
717.5949691092815,14,Wallet,iPhone,Delhi,3,30,2205,0
13697.27786285637,12,Card,iPhone,Delhi,2,31,600,0
6960.019498419614,7,Wallet,Desktop,Bangalore,0,34,3390,0
14179.508158214003,20,Wallet,Desktop,Delhi,8,19,98,0
5644.593109592983,20,Wallet,Android,Hyderabad,7,28,1102,0
2258.099703576552,21,UPI,Desktop,Chennai,0,8,539,0
13917.736546059394,13,Card,iPhone,Delhi,1,11,296,0
1611.8284514397421,0,Card,Android,Mumbai,0,16,3503,0
2018.627026807612,12,NetBanking,iPhone,Delhi,0,26,1929,0
6033.355841550835,7,Wallet,iPhone,Chennai,8,1,2448,0
7247.5831343837835,17,Wallet,Desktop,Hyderabad,4,31,2061,0
13253.872410029024,21,NetBanking,iPhone,Delhi,2,27,438,0
1145.8232657080353,8,Wallet,Desktop,Hyderabad,1,48,1423,0
7997.3892749536535,12,UPI,iPhone,Mumbai,7,44,2020,1
6707.485617017292,2,NetBanking,Android,Chennai,7,49,665,1
329.60167703578384,17,Card,Desktop,Bangalore,5,9,2448,0
2448.7721217014237,9,Wallet,Android,Chennai,1,26,3116,0
1661.7618740132432,4,Card,Desktop,Bangalore,0,6,3444,0
1815.552498552928,5,Wallet,Android,Bangalore,5,7,2422,0
20357.110373393192,7,NetBanking,Desktop,Chennai,0,13,1004,0
5146.980999199004,23,Card,Android,Bangalore,5,49,559,0
6323.502451526385,6,Wallet,Android,Hyderabad,9,10,2533,0
18778.86636113732,20,UPI,Desktop,Mumbai,1,43,2465,0
2367.6635051643707,17,NetBanking,Desktop,Delhi,6,46,1108,1
8093.406719431021,13,Wallet,iPhone,Bangalore,9,49,666,1
2850.498693895561,14,Wallet,iPhone,Bangalore,1,31,483,0
10183.200535417038,9,Wallet,Desktop,Chennai,1,48,3368,0
996.2657002461488,20,NetBanking,Desktop,Hyderabad,5,37,839,0
14752.473209791939,11,Wallet,Android,Delhi,3,18,1965,0
1234.4393254175554,6,Wallet,Android,Bangalore,5,11,106,0
1974.2619164583439,6,Card,iPhone,Hyderabad,7,10,1233,0
7056.876044507961,10,Card,iPhone,Delhi,9,28,1707,0
2502.356588495185,12,NetBanking,iPhone,Chennai,2,21,791,0
4685.1640553577745,14,NetBanking,Android,Bangalore,4,25,812,0
2940.0949690668094,17,UPI,Android,Chennai,4,6,850,0
6781.152938586439,6,Wallet,Android,Chennai,9,42,170,1
1295.9995220950264,5,Card,iPhone,Bangalore,8,11,2828,0
301.1815432946526,22,Card,Desktop,Hyderabad,6,33,2558,1
1782.870441360368,10,Wallet,iPhone,Hyderabad,8,5,350,0
3215.205269135781,7,Wallet,Android,Chennai,7,34,1700,1
919.7346982224508,19,NetBanking,iPhone,Chennai,2,32,1615,0
2190.953659796779,0,UPI,iPhone,Mumbai,1,43,2514,0
2553.986606612281,7,UPI,iPhone,Delhi,2,46,2009,0
295.5230576819345,7,NetBanking,iPhone,Chennai,5,24,1933,0
4377.0306747778095,18,NetBanking,Android,Chennai,9,13,1752,0
10785.650325194625,2,Card,iPhone,Delhi,3,43,1105,0
822.8576022456812,4,NetBanking,Android,Bangalore,0,6,449,0
4554.128628821411,2,UPI,iPhone,Hyderabad,9,34,2680,1
5464.23278610986,14,Card,Android,Bangalore,9,25,1125,0
2717.903650679673,13,UPI,Desktop,Delhi,8,41,1393,1
6038.190690047156,20,Wallet,Android,Delhi,5,23,1819,0
2644.3670781082583,14,UPI,Android,Mumbai,0,46,1684,0
3512.3251659203097,23,Card,Desktop,Mumbai,2,13,3602,0
36.90105720673507,16,UPI,Desktop,Hyderabad,0,28,1856,0
5883.735941515056,17,Card,Desktop,Chennai,8,44,765,1
5413.832676009014,1,Card,Desktop,Delhi,3,44,1289,0
195.78813781308682,11,NetBanking,Desktop,Mumbai,1,13,2250,0
2296.3085135505066,15,UPI,Desktop,Bangalore,3,7,1142,0
19323.751100352616,3,NetBanking,iPhone,Mumbai,1,48,1147,0
2729.989589780929,1,NetBanking,iPhone,Bangalore,5,17,1049,0
3485.2278985845387,13,UPI,Desktop,Mumbai,5,9,2417,0
12035.849445762417,10,Card,Android,Bangalore,6,14,385,0
6316.170830807772,12,Wallet,Android,Mumbai,8,30,1595,0
4362.208191713996,6,UPI,Desktop,Mumbai,8,41,1956,1
7992.605623483891,9,NetBanking,iPhone,Hyderabad,3,38,2322,0
9988.985809830008,23,NetBanking,iPhone,Chennai,8,30,3119,0
3052.1992544632417,0,Card,Android,Delhi,7,33,2383,1
3222.817235449181,20,NetBanking,Desktop,Chennai,0,25,3489,0
2439.2165568190226,3,Wallet,iPhone,Hyderabad,6,31,534,1
17011.911419677435,17,NetBanking,Desktop,Bangalore,6,23,2392,0
5972.856590439909,5,Card,Desktop,Chennai,9,27,3393,0
434.4554640734276,1,UPI,Android,Delhi,3,33,1163,0
9937.398381162951,2,Card,Desktop,Delhi,6,47,107,1
3275.0192844142207,13,NetBanking,Desktop,Bangalore,9,49,922,1
356.15852056629984,7,Card,Android,Delhi,9,20,2394,0
3989.3978583499825,15,NetBanking,iPhone,Hyderabad,4,28,710,0
2699.2495722962162,18,Card,Desktop,Chennai,4,8,993,0
10508.41141219809,17,UPI,Android,Delhi,4,22,447,0
1140.746568877711,5,NetBanking,iPhone,Chennai,5,35,2510,0
8756.868602620722,13,Wallet,Desktop,Mumbai,6,31,3288,1
4078.706631177119,2,Wallet,iPhone,Chennai,4,44,2854,0
280.7902947038196,15,Wallet,Android,Bangalore,8,24,3454,0
17850.20511355982,0,Wallet,Desktop,Hyderabad,8,15,1073,0
3593.507073255474,11,NetBanking,Android,Delhi,6,45,2705,1
1718.6303907754373,13,NetBanking,Android,Hyderabad,9,31,3129,1
3168.798660887132,18,UPI,Desktop,Chennai,2,5,3598,0
9754.635990236144,21,Card,Android,Delhi,3,22,339,0
1818.5202687856586,18,NetBanking,iPhone,Hyderabad,3,17,3080,0
1070.1534770501978,8,Wallet,Android,Bangalore,6,28,2744,0
690.975522387576,6,NetBanking,Desktop,Mumbai,1,3,23,0
1768.108039088484,13,Wallet,Desktop,Mumbai,4,19,1068,0
7571.73166988026,4,UPI,iPhone,Bangalore,3,38,1795,0
3189.7580193027466,17,Card,Desktop,Mumbai,9,27,437,0
1290.4972825242003,8,NetBanking,Android,Bangalore,8,17,909,0
908.7186165179261,20,Card,Android,Chennai,0,32,1093,0
2022.7986642481521,6,Wallet,Desktop,Bangalore,9,37,594,1
14060.755292789034,8,Wallet,iPhone,Mumbai,2,21,2561,0
2100.5595987820398,3,Card,iPhone,Chennai,5,37,997,0
22166.210588711576,16,UPI,Desktop,Bangalore,3,11,277,0
3320.1798269678734,11,Card,Android,Bangalore,2,1,492,0
987.1592316682497,5,Card,Desktop,Chennai,5,30,83,0
11088.467346008842,17,NetBanking,Desktop,Delhi,2,26,3384,0
3084.222272317241,7,NetBanking,iPhone,Mumbai,6,45,2150,1
6183.708497195263,20,Wallet,Android,Delhi,0,49,1250,0
20586.505250561608,14,NetBanking,iPhone,Chennai,8,43,3458,1
257.38945354293116,2,UPI,iPhone,Chennai,9,36,468,1
508.4726612342599,1,UPI,Android,Hyderabad,1,26,2847,0
6372.991136049364,23,UPI,Android,Hyderabad,3,42,1165,0
1655.2100581501072,22,Wallet,Android,Chennai,5,27,3598,0
1018.5517562767199,8,UPI,Desktop,Hyderabad,5,26,998,0
200.78753410000058,7,UPI,Android,Bangalore,7,43,2380,1
110.4444250936431,3,NetBanking,Desktop,Delhi,7,18,953,0
7446.856389096141,1,Wallet,iPhone,Chennai,3,33,1293,0
721.8549460335216,13,Card,Android,Bangalore,5,36,1368,0
3152.933847693525,1,UPI,Desktop,Mumbai,8,37,1000,1
4655.712567820531,1,NetBanking,Desktop,Mumbai,6,34,2930,1
2796.157563870309,21,Card,Desktop,Hyderabad,7,26,94,0
137.40407330152613,6,UPI,Desktop,Hyderabad,7,22,923,0
7650.858359617665,11,Card,iPhone,Bangalore,1,24,3142,0
52.8443945082271,5,Card,Android,Mumbai,6,12,3198,0
7175.110418121384,17,Wallet,Android,Chennai,2,11,1910,0
11188.88118831853,3,Wallet,Android,Delhi,6,21,3455,0
2835.56844461547,18,UPI,Android,Hyderabad,1,16,1212,0
3834.4258161250823,12,UPI,Android,Bangalore,0,36,2554,0
3240.710306721102,19,Wallet,Android,Hyderabad,8,7,2630,0
2464.999080613359,20,UPI,Desktop,Bangalore,9,28,2959,0
10920.657427566515,22,UPI,Android,Mumbai,9,24,2360,0
11218.44561841879,1,Wallet,Desktop,Hyderabad,0,13,1880,0
2045.983042331863,7,Card,iPhone,Bangalore,0,14,1805,0
4773.465701841266,18,UPI,Desktop,Bangalore,2,43,1159,0
13080.151834527407,8,NetBanking,iPhone,Hyderabad,0,31,3221,0
16358.548756225146,3,Wallet,Android,Delhi,6,8,1126,0
3556.138669689523,15,UPI,iPhone,Chennai,6,1,358,0
3014.9312249787367,18,UPI,iPhone,Mumbai,7,40,142,1
1633.461295940963,9,Wallet,Desktop,Hyderabad,1,17,1795,0
15955.31520471371,5,NetBanking,Desktop,Hyderabad,6,41,2879,1
770.5035148056729,15,NetBanking,iPhone,Delhi,8,13,2219,0
4335.474393463496,9,Wallet,iPhone,Mumbai,9,47,3437,1
1660.2619653102622,12,NetBanking,Android,Hyderabad,4,27,2060,0
1635.6382008261608,8,UPI,Desktop,Delhi,9,13,1079,0
2595.705402521725,6,NetBanking,iPhone,Chennai,2,40,502,0
33597.82080761886,3,UPI,Desktop,Bangalore,8,27,981,1
282.6734899311677,18,Card,Android,Chennai,0,32,1979,0
4320.173596409552,3,NetBanking,Android,Chennai,2,12,886,0
430.90674253086985,18,Card,iPhone,Chennai,1,43,2964,0
839.2587362282147,18,Wallet,Android,Chennai,1,13,2940,0
2895.191692672631,11,NetBanking,iPhone,Bangalore,2,16,603,0
3571.4468630962497,12,UPI,Desktop,Mumbai,9,34,325,1
1497.3727113287703,3,NetBanking,Desktop,Mumbai,6,6,1965,0
1902.3295238839041,9,Wallet,iPhone,Delhi,5,48,1723,0
454.91638323689625,20,Wallet,iPhone,Delhi,8,18,2545,0
1806.4262313775978,6,UPI,iPhone,Hyderabad,9,17,316,0
16989.779113062545,4,NetBanking,Desktop,Chennai,9,47,1725,1
14475.579317476619,16,Card,Desktop,Chennai,2,39,1834,0
2038.9261636121576,17,Wallet,Android,Bangalore,4,14,172,0
4229.789715639278,10,Wallet,Android,Chennai,8,7,1414,0
12017.300147987979,14,UPI,Desktop,Bangalore,2,6,581,0
31.015108309698316,20,NetBanking,Desktop,Hyderabad,7,12,1302,0
8321.677164334285,21,Card,iPhone,Delhi,8,34,1345,1
14818.218591413173,6,NetBanking,Desktop,Delhi,6,1,84,0
478.8429631317092,17,NetBanking,Desktop,Hyderabad,5,29,2136,0
880.3915486109798,5,Card,Android,Hyderabad,5,28,1172,0
16188.548211409137,17,UPI,Android,Chennai,5,5,2814,0
3855.977614284741,15,Wallet,iPhone,Delhi,4,21,1839,0
71.49185354754567,1,UPI,Android,Mumbai,6,39,944,1
1489.5510011091287,18,UPI,iPhone,Hyderabad,6,47,733,1
2988.672977894771,0,NetBanking,Desktop,Delhi,6,38,2794,1
5903.0543432198565,10,Card,Desktop,Delhi,2,34,2584,0
6605.537341168576,19,Wallet,iPhone,Bangalore,5,21,1787,0
26931.93334248525,4,NetBanking,Android,Delhi,8,24,2376,1
1694.9554269810665,15,Wallet,Android,Hyderabad,8,49,98,1
3863.3345619544325,22,NetBanking,Desktop,Chennai,3,13,214,0
3810.5954169723277,0,Card,Android,Delhi,8,45,807,1
2601.3946577921797,18,Wallet,iPhone,Mumbai,1,46,311,0
926.6016060389449,13,Wallet,Desktop,Hyderabad,7,23,1761,0
18961.556528390345,2,UPI,Android,Chennai,1,32,1396,0
9597.413779439294,1,NetBanking,Desktop,Chennai,4,8,1502,0
3449.093912080505,23,NetBanking,Desktop,Hyderabad,5,47,2231,0
4622.186913069447,4,NetBanking,Android,Chennai,1,11,2246,0
1289.0700112906384,16,UPI,iPhone,Mumbai,8,13,1983,0
3923.978137800509,17,UPI,Android,Delhi,5,20,1357,0
5936.727914885518,0,Wallet,Android,Hyderabad,7,1,2458,0
3619.7541789296138,14,NetBanking,Android,Delhi,3,2,2769,0
23170.508776151684,21,NetBanking,Android,Delhi,2,11,357,0
4725.2730749277025,8,Wallet,Android,Chennai,3,46,3163,0
2317.9111538684224,22,Wallet,Android,Hyderabad,0,30,856,0
7395.383301091531,4,Wallet,iPhone,Delhi,0,5,1199,0
934.4348818922593,12,Card,Desktop,Bangalore,7,7,2702,0
2426.7301307151665,18,Card,iPhone,Mumbai,0,24,643,0
2130.576442768848,23,Wallet,Android,Chennai,4,31,965,0
2826.4714831505844,9,UPI,iPhone,Hyderabad,9,48,639,1
7611.253765342133,19,UPI,Desktop,Hyderabad,8,30,2809,0
3309.919516937448,20,NetBanking,iPhone,Chennai,2,43,1422,0
7899.746297875578,13,Card,Android,Delhi,9,15,2312,0
4295.87781246959,21,Card,Desktop,Chennai,1,36,1515,0
2093.2793851026204,20,Wallet,Android,Hyderabad,4,10,2777,0
8303.09668864543,11,Wallet,Android,Bangalore,1,1,527,0
1360.944703258735,10,Wallet,Desktop,Delhi,9,7,3245,0
1270.4820564755196,22,Wallet,Desktop,Chennai,0,44,2789,0
3510.96913225082,6,Wallet,Android,Hyderabad,8,26,3245,0
1511.2669074681187,16,UPI,iPhone,Hyderabad,9,43,3331,1
45.642869443282784,17,UPI,Desktop,Hyderabad,8,43,365,1
5224.84854407759,6,Wallet,iPhone,Bangalore,0,49,3467,0
3577.923359336209,23,UPI,iPhone,Delhi,3,30,9,0
2948.6029991851915,19,Wallet,Desktop,Chennai,4,1,3332,0
17051.47034953414,5,Wallet,iPhone,Delhi,1,15,113,0
4233.813830778962,10,Card,Desktop,Hyderabad,8,20,2523,0
9954.647641652644,11,UPI,Desktop,Bangalore,8,22,479,0
750.919168739037,15,UPI,Desktop,Bangalore,8,25,1202,0
4210.631682170712,18,Card,Desktop,Hyderabad,7,36,848,1
10123.99512678854,22,UPI,iPhone,Delhi,5,37,3576,0
4374.613519645214,18,Card,iPhone,Delhi,0,46,2530,0
6329.492431770306,10,NetBanking,Desktop,Bangalore,9,45,1670,1
2326.422452088375,15,UPI,Desktop,Mumbai,4,27,2476,0
485.0304289052596,22,Wallet,Desktop,Bangalore,7,19,3589,0
3061.526685652196,11,Card,Desktop,Bangalore,3,19,2233,0
2508.3333998424105,7,Wallet,Android,Chennai,7,16,1841,0
10089.293761294102,2,Wallet,iPhone,Bangalore,5,21,716,0
1398.538445012143,1,UPI,iPhone,Mumbai,0,33,581,0
17016.131322534824,5,Card,Desktop,Bangalore,0,42,376,0
15866.898233462192,15,NetBanking,Android,Delhi,2,31,2727,0
1422.646193108916,19,Wallet,Android,Chennai,0,34,2978,0
2138.9520327275795,23,Wallet,Android,Chennai,3,15,446,0
11295.508776901559,14,NetBanking,Desktop,Bangalore,2,36,1036,0
16999.32448348955,13,Card,Android,Chennai,6,26,1221,0
2929.893426936954,1,UPI,Desktop,Chennai,8,30,2614,0
1935.649001942868,19,Wallet,Android,Bangalore,6,31,872,1
3733.7315857610224,17,UPI,Desktop,Mumbai,4,25,485,0
5820.063207231277,13,Card,Desktop,Bangalore,0,4,2384,0
1597.408589782963,17,NetBanking,iPhone,Delhi,4,12,1353,0
6668.000560401078,1,UPI,Desktop,Hyderabad,0,19,2785,0
265.1970219359077,0,Card,Android,Mumbai,5,9,677,0
252.75465406118803,19,UPI,iPhone,Bangalore,7,25,3489,0
2441.1451790312494,1,UPI,Android,Mumbai,6,48,1537,1
2180.7030768327,8,Wallet,Desktop,Hyderabad,0,47,1711,0
1896.3063511938428,8,UPI,iPhone,Chennai,7,41,1161,1
3376.7304482344684,15,Wallet,Desktop,Chennai,8,7,2322,0
1933.7093032494222,10,Card,Desktop,Hyderabad,9,27,1382,0
1067.562387214976,22,Card,Android,Chennai,1,48,1708,0
1851.4760365294162,5,Wallet,Android,Mumbai,0,47,3534,0
18425.288394094434,11,NetBanking,Android,Chennai,5,43,231,0
2647.6083621871953,2,UPI,iPhone,Hyderabad,3,6,2279,0
2941.348899641984,11,Card,Android,Hyderabad,6,35,3187,1
4296.540020920419,22,Card,Desktop,Hyderabad,2,32,2758,0
20473.953833050342,0,NetBanking,iPhone,Delhi,2,14,2563,0
1382.7300555338743,8,Card,Android,Mumbai,7,6,2032,0
5717.24463254645,19,Wallet,Android,Hyderabad,6,49,112,1
6293.635731467112,21,NetBanking,Android,Mumbai,4,18,3218,0
4673.857480194014,5,Card,Desktop,Delhi,2,31,933,0
463.7481720039868,10,NetBanking,Android,Mumbai,0,16,1812,0
5648.53801523644,2,NetBanking,Desktop,Bangalore,2,3,1373,0
331.20497314378144,3,Card,iPhone,Delhi,8,31,1060,1
4533.467781591341,9,Card,Android,Delhi,0,38,1232,0
6727.32043582701,18,Card,Desktop,Chennai,4,17,4,0
1184.7539870973123,5,NetBanking,Android,Hyderabad,3,5,1144,0
9213.85372880897,0,Wallet,Android,Delhi,5,16,2157,0
154.12010996799702,7,Wallet,iPhone,Mumbai,1,17,3150,0
9283.501993670867,7,UPI,iPhone,Bangalore,3,31,1553,0
3083.9783909849693,5,Card,Desktop,Mumbai,8,16,1763,0
1226.8687309126556,16,Wallet,Desktop,Mumbai,4,21,1721,0
718.0710980969138,18,UPI,Desktop,Bangalore,7,41,739,1
15320.82303754009,0,UPI,iPhone,Chennai,1,39,2097,0
377.2051576196155,14,Card,Desktop,Hyderabad,8,37,1133,1
1110.0548392448713,12,UPI,iPhone,Delhi,6,41,2528,1
2137.191404536912,20,Wallet,iPhone,Hyderabad,6,10,1717,0
4841.011204494486,2,UPI,Android,Chennai,1,32,3444,0
3935.103901735318,1,UPI,Android,Bangalore,7,25,522,0
671.335415390899,2,Wallet,Desktop,Hyderabad,8,33,2973,1
1710.5363041180199,8,UPI,iPhone,Mumbai,9,39,2424,1
1363.97893255261,15,UPI,iPhone,Delhi,4,37,1147,0
1201.0852277966628,23,NetBanking,iPhone,Delhi,2,38,2636,0
2647.870894037749,12,UPI,Android,Chennai,2,38,635,0
6087.510445297679,18,UPI,iPhone,Chennai,5,28,649,0
1226.006039278473,17,NetBanking,Desktop,Bangalore,0,15,3162,0
2283.8884321159912,20,NetBanking,Desktop,Chennai,9,8,1173,0
2479.007161768635,11,NetBanking,Android,Hyderabad,8,1,1025,0
18744.53377683378,11,Card,Desktop,Delhi,5,10,3492,0
15468.529241937958,0,Card,iPhone,Bangalore,8,35,723,1
8050.630314578598,19,Wallet,iPhone,Chennai,2,48,3590,0
1383.110110064952,7,UPI,Desktop,Mumbai,9,33,367,1
352.3125083853791,16,Wallet,Android,Delhi,2,16,2194,0
1905.6003726596443,20,Card,iPhone,Bangalore,9,14,2661,0
1551.6466455118114,19,UPI,iPhone,Delhi,6,5,1931,0
3525.3478547030977,21,UPI,Android,Hyderabad,6,16,2885,0
7519.265086281552,6,NetBanking,iPhone,Chennai,3,21,2280,0
9771.025143988216,8,Card,Desktop,Chennai,7,11,619,0
9317.26838984011,16,UPI,Desktop,Chennai,1,7,2517,0
2228.901477439502,9,NetBanking,Android,Mumbai,0,8,212,0
5811.5053500550375,3,UPI,Android,Hyderabad,0,17,3178,0
1875.8983655938077,21,Card,Desktop,Mumbai,1,30,265,0
314.19605949613157,6,Wallet,Android,Hyderabad,5,14,1282,0
6046.020076459111,6,Wallet,Desktop,Hyderabad,7,49,625,1
49.38080849626753,7,UPI,Android,Hyderabad,2,44,1668,0
2631.241279700745,23,NetBanking,Desktop,Chennai,5,33,3418,0
1997.7576588575598,23,NetBanking,iPhone,Chennai,7,24,1804,0
5910.690276707358,7,NetBanking,iPhone,Chennai,8,7,1235,0
7267.418715654294,15,Card,Desktop,Mumbai,7,38,1017,1
1812.7079955787558,11,Wallet,iPhone,Bangalore,6,15,1107,0
8346.656579470677,14,Wallet,Desktop,Hyderabad,3,43,3155,0
1740.1107273569382,7,UPI,Android,Mumbai,2,25,762,0
2955.899316347989,21,Wallet,iPhone,Chennai,6,17,349,0
6491.756753103576,8,NetBanking,iPhone,Chennai,0,33,2343,0
5903.238627443741,2,Card,iPhone,Bangalore,6,2,2236,0
21857.79696431995,21,NetBanking,Desktop,Chennai,5,39,3490,1
1275.5002219923774,20,NetBanking,iPhone,Hyderabad,2,10,2875,0
5428.251993587032,15,Wallet,Android,Delhi,2,14,896,0
4703.966262449152,14,Card,iPhone,Chennai,1,12,2950,0
12331.314909719753,23,Card,Android,Bangalore,0,17,1952,0
850.1597712233925,3,NetBanking,iPhone,Delhi,4,14,3356,0
6967.565036572388,19,UPI,iPhone,Hyderabad,6,10,331,0
4199.758405261743,15,Wallet,Android,Hyderabad,6,44,3548,1
1605.6143051850947,9,UPI,iPhone,Hyderabad,5,39,3552,0
3216.4062061938635,10,NetBanking,Android,Bangalore,9,40,2089,1
2030.6511242698643,4,Wallet,Android,Delhi,5,29,3144,0
4329.335735985363,10,UPI,Android,Hyderabad,6,45,2004,1
10991.152902598855,12,UPI,iPhone,Chennai,7,6,1624,0
4211.775299029261,14,UPI,iPhone,Delhi,4,40,2804,0
4994.591635636997,5,Wallet,Android,Hyderabad,0,31,923,0
3656.819599311364,15,UPI,iPhone,Delhi,6,37,1519,1
262.604482363627,14,Card,Desktop,Chennai,1,9,1333,0
1325.4204188196106,10,NetBanking,Android,Mumbai,4,43,3451,0
3386.386179016569,19,Wallet,Android,Hyderabad,6,45,1018,1
1857.0236523790747,1,Card,Desktop,Chennai,6,33,3339,1
1003.019919199958,1,UPI,Desktop,Bangalore,8,7,2287,0
3507.2360728879116,11,NetBanking,Android,Hyderabad,4,38,2647,0
1949.015452525012,15,UPI,Desktop,Mumbai,5,8,2710,0
1492.75559000476,18,Card,Android,Chennai,9,34,5,1
3117.969560067363,1,UPI,iPhone,Chennai,5,17,3184,0
715.2210997701216,16,Wallet,Desktop,Delhi,0,17,2366,0
13137.81947976804,13,Card,Android,Hyderabad,9,30,671,0
10113.49532637616,23,Wallet,Android,Mumbai,6,18,47,0
6148.514781271537,15,NetBanking,Android,Bangalore,9,39,1317,1
561.4435658230682,4,Wallet,Desktop,Delhi,6,15,3439,0
7477.807030455019,9,Wallet,iPhone,Hyderabad,3,45,1050,0
8250.188411079545,16,UPI,iPhone,Mumbai,3,20,1239,0
7300.019214177723,12,UPI,Desktop,Delhi,5,25,299,0
604.9991349774558,15,Card,Android,Mumbai,2,14,61,0
5162.830169926546,8,NetBanking,Android,Mumbai,9,27,3494,0
8988.630040848027,23,Card,Android,Delhi,5,47,3046,0
4306.094565032964,3,NetBanking,Desktop,Delhi,3,35,2432,0
5198.049029908355,23,NetBanking,Desktop,Hyderabad,9,28,3488,0
3065.800643803283,15,Wallet,Android,Delhi,7,6,1861,0
3761.379882178202,22,UPI,Android,Hyderabad,4,41,1663,0
174.90821702259817,10,NetBanking,Android,Mumbai,7,31,1945,1
5093.874468440542,6,UPI,Desktop,Delhi,8,14,1825,0
424.77952491711835,16,NetBanking,Desktop,Hyderabad,3,16,756,0
2854.776894299875,21,UPI,iPhone,Hyderabad,0,49,576,0
1731.184464073511,12,Card,Android,Bangalore,9,44,3015,1
3941.994262708275,3,UPI,Android,Hyderabad,6,36,3472,1
715.9830999231378,13,Wallet,iPhone,Hyderabad,6,5,2225,0
5882.491899623759,9,NetBanking,Android,Bangalore,4,32,93,0
7924.0078956361685,9,Wallet,iPhone,Chennai,4,11,1532,0
891.7738728987994,9,NetBanking,Desktop,Delhi,0,22,1551,0
550.8217745971264,11,Wallet,iPhone,Bangalore,2,43,2324,0
786.2844785492396,1,NetBanking,iPhone,Hyderabad,0,40,534,0
10483.042751819583,22,UPI,Desktop,Hyderabad,6,28,1802,0
3755.886760536203,8,NetBanking,Android,Delhi,4,6,1992,0
3148.618241527925,4,Wallet,iPhone,Mumbai,3,39,2231,0
564.2301959700796,7,Wallet,iPhone,Bangalore,6,6,864,0
5242.771881540704,20,NetBanking,Android,Chennai,8,46,412,1
10124.751323483406,13,NetBanking,iPhone,Delhi,5,20,1673,0
8806.710110388967,6,Card,Desktop,Delhi,8,38,1055,1
4918.228864824997,6,Card,iPhone,Bangalore,5,4,2263,0
391.3145108669709,8,UPI,Android,Hyderabad,9,25,3027,0
596.1536932293031,2,UPI,Android,Hyderabad,8,13,2400,0
252.83088405979743,13,UPI,iPhone,Chennai,5,49,1866,0
1488.5220872054833,16,UPI,Android,Bangalore,8,12,3284,0
728.9538325171297,17,UPI,Android,Delhi,2,9,1763,0
1505.8500707565688,11,NetBanking,iPhone,Bangalore,4,3,1209,0
2431.137075872818,21,Card,iPhone,Mumbai,4,32,927,0
14322.0101145545,13,NetBanking,Android,Delhi,9,11,1611,0
4712.86630451339,12,Card,iPhone,Chennai,7,5,3243,0
9008.254715260418,13,Card,Desktop,Chennai,6,35,232,1
6195.435812880584,8,Wallet,iPhone,Delhi,1,49,1098,0
596.7514249636929,18,Wallet,Android,Hyderabad,1,24,253,0
6657.523651336662,1,Card,Desktop,Delhi,6,41,2953,1
1608.6001089330655,10,NetBanking,Android,Delhi,9,6,3370,0
5095.880552100825,16,Card,Android,Mumbai,9,18,3146,0
2084.8702151148873,1,UPI,Desktop,Delhi,3,38,434,0
30314.294208507403,18,NetBanking,iPhone,Bangalore,5,6,1957,0
1529.5797150306978,6,NetBanking,Android,Bangalore,8,22,2789,0
1636.485580750602,17,Card,iPhone,Chennai,9,42,1223,1
13344.550501355334,12,UPI,iPhone,Hyderabad,3,43,2772,0
124.76580641232493,4,Card,Desktop,Chennai,6,14,84,0
5964.982786210587,17,UPI,Android,Mumbai,8,12,712,0
6460.8588080658665,22,NetBanking,Desktop,Delhi,0,25,1681,0
9050.999592309096,23,Card,Desktop,Chennai,9,20,3046,0
18333.498397554024,23,UPI,Android,Delhi,1,18,217,0
18566.25401868765,15,Wallet,Android,Chennai,8,24,3533,0
337.52395453306855,14,NetBanking,Desktop,Delhi,4,15,1261,0
8625.34727349106,7,NetBanking,Desktop,Chennai,3,31,3533,0
5196.671340724831,14,Wallet,Desktop,Bangalore,6,42,2559,1
5211.284556163475,0,UPI,Android,Mumbai,4,1,2306,0
686.8361380083194,16,NetBanking,Android,Chennai,0,15,2277,0
5251.78514403889,14,UPI,Desktop,Bangalore,8,34,298,1
20222.79749457288,13,Wallet,Android,Hyderabad,7,2,2666,1
12141.794385659172,13,Card,Android,Chennai,2,36,505,0
2891.336537734984,9,NetBanking,Android,Delhi,9,23,651,0
203.8390074753596,1,NetBanking,iPhone,Mumbai,2,24,1748,0
2249.3855857565977,5,UPI,iPhone,Bangalore,2,46,1663,0
8754.728347802878,16,NetBanking,Desktop,Bangalore,6,32,1785,1
6044.911679935314,4,Card,iPhone,Mumbai,1,46,2488,0
3074.8571244227705,4,Wallet,Desktop,Chennai,8,13,1609,0
283.3890093674992,14,NetBanking,Desktop,Delhi,3,33,2221,0
2783.4292903289347,14,Wallet,Android,Hyderabad,6,42,941,1
3165.2011314842243,19,UPI,Desktop,Chennai,7,14,2717,0
13194.174074456996,10,Card,Desktop,Mumbai,4,17,162,0
5123.363810539972,4,NetBanking,Desktop,Chennai,7,16,2042,0
1867.3104332512157,0,Wallet,Desktop,Chennai,3,32,3525,0
3725.553649703846,10,Card,Android,Mumbai,9,15,607,0
341.69029295159544,10,Wallet,Android,Mumbai,1,43,858,0
17980.268270906396,5,UPI,Desktop,Hyderabad,2,31,1913,0
2231.903518878148,22,Card,iPhone,Mumbai,5,12,1772,0
3249.1680700900256,7,Card,iPhone,Mumbai,9,33,20,1
2194.726646342402,1,UPI,Desktop,Mumbai,5,3,3144,0
5736.572032898788,14,UPI,Android,Bangalore,6,11,2630,0
5426.982392290494,22,NetBanking,Desktop,Mumbai,3,43,402,0
6281.988264083703,21,UPI,Desktop,Mumbai,7,5,712,0
1560.852265176102,8,UPI,Android,Mumbai,7,47,1468,1
1896.564010583294,14,Wallet,iPhone,Hyderabad,6,27,3445,0
669.0927755226514,7,Card,Desktop,Chennai,2,16,1719,0
5328.450673998246,15,Wallet,Android,Mumbai,2,35,2356,0
203.05345577177627,13,UPI,Android,Mumbai,1,40,1561,0
4552.5664613706,14,NetBanking,Desktop,Hyderabad,6,16,3356,0
10189.42106622196,19,Wallet,Android,Chennai,5,16,1514,0
11074.343286358617,12,Wallet,Desktop,Hyderabad,6,22,1369,0
2980.4450139727146,8,Card,iPhone,Delhi,1,4,3348,0
3074.4875189969002,0,Card,Desktop,Delhi,3,32,1350,0
400.46328589838856,5,Card,iPhone,Delhi,0,27,2597,0
5554.917873811834,7,NetBanking,Android,Mumbai,1,15,3088,0
8609.099000916676,19,NetBanking,Desktop,Hyderabad,6,19,1955,0
1402.90376376671,17,UPI,Android,Mumbai,4,26,2231,0
2734.862969378544,17,UPI,Desktop,Delhi,9,15,868,0
9126.767516434536,16,Card,Android,Chennai,2,45,1792,0
10482.7540771773,20,Wallet,iPhone,Chennai,1,10,3265,0
1393.1490422755517,15,Card,Desktop,Hyderabad,2,34,3086,0
3998.8828883301785,12,UPI,Android,Chennai,3,38,24,0
1069.0187086828234,21,Wallet,Desktop,Delhi,9,49,2854,1
537.2510663319601,3,UPI,Desktop,Hyderabad,9,26,2284,0
12102.368874451595,3,NetBanking,iPhone,Hyderabad,4,8,2898,0
8588.109391173632,20,Card,Android,Delhi,7,16,1801,0
7136.308951975791,13,Card,Desktop,Delhi,8,29,2551,0
249.97762539450645,4,Wallet,Desktop,Delhi,1,32,255,0
9280.811364606516,15,Card,Desktop,Delhi,2,21,377,0
2881.659295209507,13,UPI,Desktop,Hyderabad,3,32,3387,0
2095.755096775212,13,UPI,Desktop,Chennai,6,45,3379,1
3953.539425761557,13,NetBanking,Android,Delhi,5,12,1133,0
478.99433093989273,23,UPI,Desktop,Bangalore,5,48,1843,0
7066.2018151542825,13,Wallet,Desktop,Hyderabad,9,39,3347,1
4366.576211608102,18,UPI,Desktop,Mumbai,6,10,1342,0
1032.6005530273133,2,NetBanking,Android,Chennai,0,6,2815,0
1042.7047001080516,16,NetBanking,Desktop,Hyderabad,7,37,3317,1
1018.2284525958717,13,Card,Desktop,Delhi,8,18,422,0
293.4576411015976,9,Wallet,iPhone,Bangalore,1,48,131,0
4431.214243490142,12,UPI,iPhone,Mumbai,0,31,944,0
9173.79972422134,21,NetBanking,Desktop,Chennai,3,35,1449,0
88.26558707916064,3,UPI,Desktop,Delhi,1,3,3217,0
251.2305037537511,10,NetBanking,iPhone,Hyderabad,5,5,3415,0
4252.16708356428,14,Card,Android,Hyderabad,2,34,219,0
8560.002989082546,14,NetBanking,Android,Chennai,8,33,1609,1
1978.1102311442496,23,Card,iPhone,Bangalore,7,36,197,1
2150.9492969092535,1,Wallet,Desktop,Delhi,6,10,2643,0
4535.992180495252,10,UPI,iPhone,Chennai,6,45,1885,1
1602.492714337647,1,UPI,Android,Chennai,6,3,2831,0
134.84388158165902,22,Card,iPhone,Hyderabad,4,11,618,0
6644.4407873864475,4,Wallet,Android,Chennai,7,3,1636,0
4912.819288731211,12,Card,Desktop,Mumbai,3,28,2744,0
4346.51093699433,0,NetBanking,Desktop,Mumbai,4,42,844,0
6767.860683394994,6,Card,Desktop,Delhi,2,28,1102,0
5623.203092174412,6,Wallet,Android,Chennai,2,9,1679,0
1152.615996404674,9,NetBanking,iPhone,Hyderabad,1,26,1395,0
2173.036073534379,5,UPI,Desktop,Delhi,4,29,1119,0
674.0046574753866,19,UPI,Android,Bangalore,1,10,2437,0
695.4886422232121,11,UPI,Desktop,Hyderabad,9,27,1836,0
5638.080505933256,12,Wallet,iPhone,Bangalore,3,45,2563,0
9780.816410573525,23,Wallet,Desktop,Delhi,9,32,47,1
16448.179480354014,10,Wallet,Android,Mumbai,0,18,1182,0
4948.974860103846,17,Wallet,Android,Hyderabad,1,18,751,0
1017.3255125667337,1,Wallet,Desktop,Hyderabad,0,22,2319,0
558.2923389996878,15,NetBanking,Desktop,Delhi,1,17,2470,0
8379.250179324124,1,Card,Android,Hyderabad,3,49,1052,0
4322.720857910576,18,UPI,Desktop,Hyderabad,0,25,1201,0
4815.405385879955,5,Wallet,Desktop,Delhi,5,26,2135,0
7603.978863268138,0,UPI,Desktop,Chennai,0,5,687,0
6074.785014010113,10,Wallet,iPhone,Delhi,2,9,2767,0
8992.65933685352,17,UPI,iPhone,Hyderabad,1,44,1611,0
289.278666399649,9,Card,iPhone,Delhi,1,44,2910,0
6882.128816479518,17,UPI,Desktop,Hyderabad,3,24,758,0
9514.10627549352,0,UPI,Android,Bangalore,8,7,3340,0
1685.307348132644,18,Wallet,Desktop,Bangalore,2,20,54,0
5114.472238721316,15,NetBanking,Desktop,Mumbai,5,44,2131,0
1885.569619133633,6,NetBanking,iPhone,Delhi,9,41,2592,1
15846.985023009576,14,UPI,Android,Delhi,2,8,2433,0
169.97453414243373,0,NetBanking,iPhone,Bangalore,9,19,1936,0
4335.037301664973,22,Card,Android,Bangalore,4,35,2571,0
910.6291620431997,20,Card,Desktop,Bangalore,8,43,2271,1
6227.798463062179,8,NetBanking,Desktop,Mumbai,2,44,1889,0
967.2580337277714,1,NetBanking,Desktop,Mumbai,7,25,3639,0
1341.9028332078365,16,Card,Android,Chennai,5,17,2334,0
3409.7585324907627,23,NetBanking,iPhone,Delhi,7,39,2022,1
12315.820702687368,9,NetBanking,iPhone,Mumbai,1,25,1604,0
1189.4739145394321,5,Wallet,iPhone,Hyderabad,8,35,2872,1
778.826703309313,4,Wallet,Android,Delhi,0,39,444,0
7114.311083631174,7,NetBanking,Android,Chennai,2,39,2137,0
3471.9350675156347,7,NetBanking,Desktop,Bangalore,3,46,1553,0
12139.897681780023,4,Wallet,iPhone,Chennai,5,2,3233,0
792.7198310638528,11,Wallet,Android,Delhi,3,16,2815,0
5191.273472827269,6,NetBanking,iPhone,Bangalore,1,42,1182,0
1325.5546154023111,12,Wallet,iPhone,Chennai,2,14,269,0
852.5208616449735,12,Card,Android,Chennai,2,29,908,0
5751.045226909061,16,UPI,Android,Delhi,5,39,3452,0
4503.1281133883185,3,Card,Desktop,Mumbai,4,2,1056,0
7028.965323619332,17,Wallet,Desktop,Hyderabad,4,10,2135,0
1851.425549203286,9,Card,Desktop,Chennai,3,2,2141,0
2970.779434447734,2,UPI,iPhone,Hyderabad,3,27,3582,0
2599.9346057208177,11,Wallet,iPhone,Delhi,8,13,2850,0
20703.868727959165,0,Card,Desktop,Delhi,6,2,595,1
1728.3144046938887,10,Card,iPhone,Mumbai,7,42,1540,1
1746.4913668912495,17,UPI,iPhone,Bangalore,3,14,3161,0
2189.0237797972813,12,Wallet,iPhone,Hyderabad,2,17,154,0
4157.382682724594,16,NetBanking,iPhone,Chennai,0,44,1618,0
1453.9193520438396,7,Wallet,Android,Bangalore,8,49,2944,1
12342.604583586723,19,UPI,Android,Hyderabad,8,38,3230,1
1544.0897817890548,18,UPI,Desktop,Hyderabad,1,36,2938,0
11307.97067863334,16,UPI,Desktop,Bangalore,3,34,418,0
546.1458554704888,1,UPI,iPhone,Bangalore,3,29,253,0
5343.753618595588,2,NetBanking,iPhone,Mumbai,0,47,3361,0
11875.000411167526,2,Wallet,Android,Chennai,1,23,2816,0
924.1200570057447,5,Wallet,iPhone,Chennai,7,23,2207,0
17261.447181381307,9,Card,iPhone,Chennai,5,16,312,0
3015.466321096659,23,NetBanking,Desktop,Bangalore,0,44,1598,0
14567.546654622103,21,NetBanking,iPhone,Mumbai,6,7,2847,0
5647.729852201779,17,Card,Android,Delhi,6,45,581,1
1794.7223716893295,17,Card,iPhone,Mumbai,5,1,435,0
1043.137879364634,13,Wallet,iPhone,Bangalore,7,19,3426,0
1810.1250518858567,15,Wallet,iPhone,Mumbai,4,45,1006,0
488.1601169356458,6,Wallet,iPhone,Bangalore,1,33,265,0
776.6533490445191,0,NetBanking,iPhone,Hyderabad,3,34,1032,0
552.7611819946485,16,NetBanking,Android,Hyderabad,7,1,1018,0
2749.0758639589562,22,Card,Desktop,Delhi,7,12,2155,0
7937.853174723499,4,UPI,iPhone,Hyderabad,4,25,2980,0
762.1648459481406,0,UPI,Desktop,Delhi,5,23,739,0
698.1522458447777,20,UPI,Desktop,Chennai,8,25,1093,0
5156.1087944688625,16,UPI,Android,Bangalore,9,31,440,1
1098.1423196946428,9,UPI,Desktop,Chennai,9,24,1838,0
513.5426104560245,11,Wallet,iPhone,Chennai,9,10,3210,0
912.6993723510875,19,Card,iPhone,Delhi,1,2,3430,0
12867.469523768365,1,UPI,iPhone,Bangalore,4,33,842,0
8615.028209282702,22,UPI,iPhone,Delhi,8,37,895,1
2185.278609600971,15,UPI,Android,Mumbai,2,23,651,0
5332.96366042089,14,Wallet,Desktop,Chennai,5,2,2568,0
3853.1190485584825,12,UPI,Android,Bangalore,3,4,1092,0
5652.438732231034,17,Card,Desktop,Chennai,3,23,2037,0
5739.083344354255,19,Wallet,Android,Mumbai,2,46,146,0
4954.182663573485,21,Wallet,Android,Mumbai,9,41,3322,1
1546.9218208957864,13,NetBanking,Android,Bangalore,0,38,384,0
198.9377568452158,17,NetBanking,iPhone,Bangalore,7,23,2516,0
3040.0499620703285,1,Wallet,iPhone,Mumbai,4,12,3583,0
11080.839177282747,1,UPI,Android,Chennai,1,44,2810,0
4214.007935006194,2,UPI,Desktop,Hyderabad,0,24,3566,0
8930.608209483182,4,UPI,Desktop,Chennai,0,29,890,0
23912.12875978783,15,UPI,iPhone,Hyderabad,3,41,2563,1
893.3384264307672,21,NetBanking,Android,Delhi,3,28,3436,0
5884.669028259934,14,Card,iPhone,Bangalore,5,15,1423,0
5608.794180804345,11,Wallet,iPhone,Mumbai,6,10,1980,0
19548.989254179047,8,UPI,iPhone,Delhi,0,34,1664,0
21202.89021321806,13,NetBanking,Android,Chennai,9,29,120,1
5802.629078183482,20,Card,Android,Hyderabad,1,31,2798,0
1396.02249078049,15,Wallet,iPhone,Bangalore,2,23,55,0
8011.215241543879,10,Wallet,Android,Hyderabad,8,18,1094,0
566.0066186709764,5,Wallet,Desktop,Chennai,3,7,1913,0
7586.557253056694,9,UPI,Desktop,Chennai,5,27,1518,0
12050.635718165953,7,Wallet,iPhone,Mumbai,1,9,356,0
2413.0813342018137,15,UPI,Desktop,Delhi,1,20,1492,0
4979.853812843907,2,Card,iPhone,Bangalore,1,21,1312,0
2811.8467834903518,1,NetBanking,iPhone,Mumbai,4,28,774,0
2879.17732412566,15,NetBanking,iPhone,Hyderabad,8,3,912,0
1858.006731766436,18,NetBanking,Android,Delhi,5,45,1009,0
7180.146887064508,8,Wallet,Android,Bangalore,8,10,3010,0
13758.174116340875,15,NetBanking,Android,Hyderabad,5,17,1746,0
14130.020004597473,21,Card,Android,Bangalore,8,35,1261,1
960.534092700986,3,UPI,iPhone,Bangalore,4,21,2266,0
10386.964194788254,9,NetBanking,Android,Delhi,0,9,724,0
6686.215277675606,18,UPI,Desktop,Hyderabad,5,17,3600,0
1457.3622388864778,12,UPI,Desktop,Mumbai,3,32,2029,0
348.2758801762422,17,NetBanking,Android,Mumbai,8,48,1294,1
1559.855156316425,14,NetBanking,Desktop,Mumbai,5,38,3390,0
12163.93797871606,3,NetBanking,Desktop,Bangalore,0,28,1682,0
5014.402010278992,8,Wallet,Android,Chennai,5,18,264,0
6383.697167758629,3,NetBanking,iPhone,Delhi,2,6,344,0
1486.3215194438417,15,Wallet,iPhone,Mumbai,2,6,1501,0
6353.914505692121,20,Card,iPhone,Delhi,6,17,2875,0
142.62244397212922,14,UPI,Android,Bangalore,1,10,521,0
2352.5895735232834,23,Card,iPhone,Delhi,8,2,1066,0
4927.579069577103,1,NetBanking,iPhone,Mumbai,8,33,3090,1
789.6858299565791,13,UPI,Desktop,Mumbai,6,43,1838,1
8658.128706138361,2,NetBanking,iPhone,Bangalore,8,25,1915,0
1339.6017973610633,21,NetBanking,Android,Bangalore,5,38,3282,0
5281.804605527639,22,UPI,iPhone,Hyderabad,8,1,432,0
2597.6263019923967,3,Card,Desktop,Bangalore,9,16,1820,0
4532.241582208916,0,NetBanking,Desktop,Chennai,1,26,2378,0
568.366818230674,22,UPI,Desktop,Chennai,4,41,276,0
85.287273264659,8,Card,Desktop,Mumbai,5,12,1446,0
12015.587932777431,16,Wallet,iPhone,Bangalore,5,9,2985,0
1571.020179665576,13,Card,Desktop,Chennai,3,13,727,0
8565.028035793866,16,Card,Desktop,Chennai,3,7,1904,0
36695.00283437666,0,UPI,Desktop,Hyderabad,4,1,1916,0
1187.6784782739498,9,Card,iPhone,Bangalore,5,31,2795,0
1540.5855384253812,22,Wallet,Android,Hyderabad,7,35,1172,1
5436.281873638287,15,Wallet,Desktop,Delhi,9,24,1943,0
16826.54105015206,18,NetBanking,Desktop,Hyderabad,0,3,3122,0
12373.653891602307,23,Wallet,Desktop,Delhi,7,19,2181,0
3494.5741080067087,2,NetBanking,iPhone,Delhi,1,4,700,0
7926.417040715162,11,Wallet,iPhone,Bangalore,6,28,987,0
729.442009637046,2,Card,Desktop,Delhi,3,44,585,0
18957.48184090207,14,NetBanking,Android,Delhi,7,30,2859,0
16670.484262668804,16,Wallet,Desktop,Hyderabad,5,36,2153,0
894.0125268997047,17,Card,Android,Bangalore,4,42,292,0
1779.2558795233624,6,Card,Android,Bangalore,9,4,2280,0
527.6637497063113,18,NetBanking,iPhone,Delhi,9,23,1125,0
1585.3319620153948,6,UPI,iPhone,Hyderabad,4,11,2307,0
8462.896376585955,4,Card,iPhone,Hyderabad,3,4,3005,0
2376.613610177816,7,Card,Android,Hyderabad,2,11,1316,0
462.75327329987704,20,UPI,Android,Hyderabad,2,49,112,0
2094.4657461582465,15,NetBanking,Android,Mumbai,2,24,1069,0
19918.490454528397,15,Wallet,iPhone,Delhi,6,20,1507,0
4966.987454132282,18,Wallet,iPhone,Delhi,7,45,3229,1
2690.6496364895647,14,Card,iPhone,Delhi,7,17,2273,0
910.8389240709777,6,UPI,Desktop,Bangalore,1,13,1946,0
21407.03371231012,4,Card,Android,Bangalore,2,17,2952,0
8597.631525189314,22,NetBanking,Android,Hyderabad,1,15,3145,0
1652.789918877025,10,Card,Desktop,Bangalore,5,4,918,0
363.2228096498012,9,Wallet,Android,Chennai,2,18,2629,0
291.45999605392194,20,UPI,Android,Delhi,5,43,3244,0
641.3158960559025,22,NetBanking,Desktop,Delhi,3,9,3492,0
4346.661025577769,8,Card,Android,Mumbai,9,48,2784,1
13208.744226866016,0,Wallet,iPhone,Mumbai,9,3,3486,0
3433.2757772182476,19,Card,Desktop,Chennai,5,27,561,0
9255.811442038332,0,Wallet,Android,Mumbai,2,18,3308,0
2951.929779407672,7,UPI,iPhone,Hyderabad,4,17,1645,0
6165.009603393448,2,NetBanking,Android,Hyderabad,7,10,1003,0
6581.467751553792,1,Card,Desktop,Delhi,2,37,887,0
955.5828342106923,3,NetBanking,iPhone,Hyderabad,8,29,1694,0
2240.9450112157188,18,UPI,Android,Mumbai,8,47,1263,1
5070.925892504657,10,Wallet,Desktop,Chennai,6,5,2428,0
366.60007282356173,4,UPI,Android,Hyderabad,7,47,457,1
2243.4827319387614,23,UPI,Android,Delhi,8,6,1540,0
3826.4335552468083,9,NetBanking,iPhone,Delhi,0,40,1228,0
27896.103062433365,23,UPI,Android,Mumbai,6,35,3491,1
3217.344793413903,22,Card,Desktop,Hyderabad,9,5,84,0
8465.640157676817,7,Wallet,Desktop,Mumbai,2,15,1937,0
2828.7616345110405,12,UPI,iPhone,Delhi,5,27,3286,0
7957.762143215298,4,Card,iPhone,Chennai,8,44,3463,1
4524.464691297593,11,Wallet,Android,Hyderabad,9,39,2407,1
10883.968450524351,12,NetBanking,Desktop,Chennai,7,33,1397,1
2646.157829381812,21,Wallet,iPhone,Hyderabad,1,24,1598,0
4635.5505014016435,7,NetBanking,Android,Delhi,3,21,58,0
4971.513813887149,14,Wallet,Android,Hyderabad,4,2,2732,0
2701.125777246215,12,UPI,Desktop,Delhi,9,19,1850,0
779.2475315912574,0,NetBanking,Desktop,Bangalore,5,45,437,0
491.1489265562232,21,NetBanking,Android,Delhi,6,18,1014,0
84.06042520103338,5,NetBanking,Desktop,Delhi,3,10,2922,0
10338.919355516335,10,UPI,Android,Hyderabad,3,45,2812,0
1349.0464798743778,12,UPI,Android,Chennai,4,37,2888,0
1188.1571613140782,20,Wallet,Desktop,Delhi,8,23,2697,0
6659.701386750012,19,Wallet,iPhone,Hyderabad,8,45,1774,1
1928.430884047426,0,UPI,Android,Delhi,0,41,2566,0
3526.5511817810957,10,UPI,Desktop,Mumbai,4,1,2835,0
886.7361383283445,10,NetBanking,Android,Mumbai,4,6,2134,0
16062.69490842701,7,Wallet,Android,Mumbai,6,1,2927,0
9538.59309645895,21,Wallet,Android,Mumbai,7,18,3220,0
9967.77349242374,2,NetBanking,Desktop,Chennai,2,27,1600,0
2610.8970788653373,18,NetBanking,Desktop,Delhi,0,48,980,0
7185.017314214949,11,NetBanking,Desktop,Mumbai,1,40,3547,0
776.7011751116064,5,Card,iPhone,Hyderabad,5,38,2715,0
43.28180505526969,22,Card,Android,Mumbai,5,45,3207,0
100.87543940300479,7,UPI,iPhone,Bangalore,4,17,3190,0
4416.719172317863,4,Wallet,Android,Bangalore,4,26,1560,0
3038.471718756196,9,NetBanking,Desktop,Chennai,8,13,3451,0
3649.215048235608,21,NetBanking,Android,Bangalore,6,10,264,0
37.45564495861902,15,Wallet,Android,Hyderabad,5,38,2371,0
2746.850198663241,11,Card,Android,Mumbai,6,26,11,0
6330.449718228756,16,Wallet,iPhone,Bangalore,2,31,1921,0
2923.2014174847172,5,UPI,Desktop,Bangalore,6,23,263,0
6587.932835813201,8,Card,Desktop,Chennai,2,20,3096,0
1326.4660167008058,9,Wallet,Android,Bangalore,7,23,908,0
8387.031664297618,19,Wallet,Desktop,Mumbai,9,45,1855,1
4438.895889677393,13,UPI,iPhone,Delhi,9,27,2888,0
1183.4437449777988,13,Wallet,iPhone,Mumbai,8,15,3213,0
1350.6548298580014,16,Card,Desktop,Bangalore,2,38,454,0
4944.716610333097,15,NetBanking,iPhone,Bangalore,6,11,1255,0
8858.007855018075,3,NetBanking,iPhone,Bangalore,7,8,3188,0
2686.0856982106006,1,NetBanking,Desktop,Chennai,2,14,2328,0
1494.0550440639474,15,Card,Desktop,Hyderabad,5,13,550,0
10087.46712286573,0,Wallet,Android,Mumbai,6,22,199,0
5532.238906868932,2,Wallet,Android,Bangalore,3,34,1802,0
2971.8105648240644,22,Wallet,iPhone,Delhi,5,1,2718,0
3346.1787092205645,10,Wallet,Desktop,Chennai,6,37,1880,1
1142.3917047700013,15,NetBanking,iPhone,Hyderabad,6,32,3355,1
4928.239286836159,17,Card,Desktop,Bangalore,0,11,286,0
2221.6210155004064,14,UPI,iPhone,Mumbai,1,10,1152,0
27182.356188317215,8,Card,iPhone,Delhi,0,30,1231,0
3271.397218303109,11,Wallet,iPhone,Chennai,8,12,2933,0
3326.547411187799,17,Wallet,Android,Mumbai,6,42,258,1
4171.846497593944,4,Card,Desktop,Mumbai,6,41,776,1
12429.896311280481,23,Card,iPhone,Chennai,2,34,2705,0
8067.6840035482965,7,NetBanking,Android,Mumbai,4,25,511,0
2999.4689342521833,2,Wallet,iPhone,Delhi,1,36,560,0
6341.654770395613,1,Card,iPhone,Delhi,4,4,2112,0
4412.291523205101,18,Wallet,Desktop,Mumbai,7,21,701,0
3389.983146863323,7,Card,iPhone,Bangalore,9,30,141,0
1067.9205237388774,1,Wallet,Desktop,Mumbai,2,38,978,0
3117.5110675799356,18,Card,Android,Bangalore,3,12,1941,0
1410.6116957404363,0,Wallet,Android,Mumbai,7,39,740,1
12316.243420641002,21,UPI,iPhone,Hyderabad,1,25,2155,0
2042.9008756999795,12,NetBanking,Android,Delhi,0,19,1666,0
15210.348766077419,22,UPI,Desktop,Mumbai,2,2,1876,0
3807.722112647388,19,NetBanking,Desktop,Delhi,1,22,213,0
4992.1750260262825,16,NetBanking,Android,Chennai,9,30,3088,0
3914.707890872706,2,Card,Desktop,Hyderabad,1,36,1677,0
692.7519305881899,8,UPI,Desktop,Bangalore,3,3,388,0
2356.59221824097,4,NetBanking,iPhone,Chennai,5,23,2306,0
522.0610065703521,5,Wallet,iPhone,Hyderabad,9,4,3186,0
4876.941001226755,3,Card,Desktop,Chennai,9,28,833,0
2960.849041080727,16,Card,Android,Delhi,4,14,3610,0
7525.051018873462,20,Wallet,Desktop,Hyderabad,3,6,798,0
1245.3236102681324,20,Wallet,iPhone,Chennai,7,6,2934,0
899.0199930991673,20,NetBanking,Android,Bangalore,4,41,38,0
2607.177137396339,15,Wallet,Desktop,Hyderabad,1,37,2964,0
13058.161122364978,15,Card,Android,Hyderabad,3,7,1049,0
6196.649746947052,21,Wallet,Android,Chennai,6,13,2941,0
2714.365380121185,10,UPI,Android,Mumbai,3,1,3124,0
3641.511413053084,1,Card,Desktop,Bangalore,5,24,851,0
439.85743151970524,16,Wallet,iPhone,Bangalore,1,34,3163,0
20859.119113914257,14,Card,Android,Chennai,8,10,1162,1
5489.172526523907,17,NetBanking,Android,Delhi,3,6,1961,0
1680.190133763775,9,UPI,Desktop,Delhi,0,4,3281,0
4407.132981589318,5,NetBanking,iPhone,Mumbai,2,8,61,0
579.7618708386768,20,UPI,iPhone,Mumbai,6,46,111,1
16883.011987369366,15,Wallet,Desktop,Chennai,9,48,258,1
960.5565292785413,4,Card,Android,Delhi,8,15,1873,0
5221.051189660951,11,Wallet,Desktop,Bangalore,5,45,135,0
1408.1982405382992,5,NetBanking,iPhone,Delhi,3,12,2108,0
6321.47017858399,13,Card,Android,Chennai,1,39,2237,0
7498.913922103935,22,Wallet,Android,Delhi,8,47,2384,1
5595.397536125653,15,Wallet,iPhone,Hyderabad,7,6,2673,0
4766.063429317504,6,Card,Android,Chennai,6,21,3099,0
11149.884873066316,1,Card,Desktop,Hyderabad,1,46,2043,0
409.4500823524139,5,NetBanking,iPhone,Chennai,1,32,3073,0
2009.2191077925957,8,UPI,iPhone,Bangalore,7,32,2774,1
1427.0065743282435,6,UPI,Android,Chennai,8,27,86,0
22120.064060219458,1,Card,iPhone,Chennai,8,47,2715,1
2466.48230320378,18,UPI,Desktop,Chennai,7,11,2128,0
6595.285534958935,7,NetBanking,iPhone,Chennai,0,22,2620,0
5771.552624718473,10,UPI,Android,Mumbai,4,36,1845,0
1191.8014384206751,3,Card,iPhone,Hyderabad,6,23,1572,0
1365.5943639142604,15,NetBanking,Android,Chennai,9,37,3536,1
1651.4488822423737,17,Card,Android,Chennai,5,23,3480,0
2647.72605401502,12,NetBanking,Desktop,Mumbai,0,27,2851,0
1334.9878350048964,4,NetBanking,iPhone,Delhi,9,34,801,1
99.23570344335414,1,Card,Desktop,Mumbai,5,20,3473,0
10576.092121333106,10,Wallet,Desktop,Mumbai,3,15,1861,0
16849.92275703082,0,Card,iPhone,Mumbai,2,42,1491,0
2089.488267305845,12,NetBanking,Desktop,Chennai,3,4,2923,0
2066.2784760868444,4,Card,Desktop,Mumbai,7,29,2223,0
35.58539602992268,17,Card,Android,Mumbai,5,40,866,0
5701.089956198645,13,NetBanking,Desktop,Mumbai,8,11,2912,0
8727.43079836921,12,UPI,iPhone,Chennai,4,49,1625,0
792.6831725002745,6,NetBanking,Android,Bangalore,8,7,1083,0
869.7813143735782,7,Card,Desktop,Bangalore,3,11,1597,0
7805.221276493058,17,NetBanking,Desktop,Delhi,3,42,406,0
4789.350851774627,6,NetBanking,iPhone,Chennai,5,33,2535,0
229.48968102495334,19,UPI,Desktop,Mumbai,9,30,2802,0
4871.545980434359,16,Wallet,iPhone,Mumbai,6,32,283,1
1847.481963060288,15,Card,Desktop,Mumbai,1,40,737,0
2300.069707485566,10,Card,Desktop,Bangalore,3,37,456,0
7342.54452404648,18,UPI,iPhone,Mumbai,7,13,222,0
8328.327133928746,0,NetBanking,Android,Mumbai,8,7,2928,0
2557.100892725221,20,Wallet,iPhone,Bangalore,4,24,1551,0
14701.76560891229,7,Card,Android,Mumbai,5,11,1956,0
2608.2762481919904,0,Wallet,Android,Delhi,9,31,3257,1
7388.453823800264,8,Wallet,iPhone,Hyderabad,6,44,716,1
3307.0534120651932,18,NetBanking,iPhone,Delhi,6,14,1065,0
11391.03955424943,20,NetBanking,Desktop,Chennai,2,44,3501,0
11916.874429382611,8,NetBanking,Desktop,Delhi,1,26,2731,0
457.3801411241316,20,Card,Android,Delhi,9,1,780,0
13783.051799304849,9,Wallet,Desktop,Bangalore,7,6,708,0
8730.15111074391,23,Wallet,iPhone,Chennai,8,31,2298,1
7834.5440228107655,22,Card,Android,Delhi,7,43,2755,1
1121.416876368514,10,UPI,Desktop,Hyderabad,7,43,3557,1
8176.83617150949,0,NetBanking,Desktop,Delhi,1,12,1254,0
9490.026372696993,19,Card,iPhone,Mumbai,3,1,1632,0
1706.4715619972592,7,NetBanking,iPhone,Bangalore,5,6,1754,0
15209.936497561712,19,Wallet,Desktop,Mumbai,7,29,2052,0
255.7304545292274,11,Card,Android,Chennai,1,30,449,0
812.0608715529733,0,UPI,Android,Chennai,7,13,2935,0
3856.420855224157,9,NetBanking,iPhone,Bangalore,0,30,511,0
4287.662442969723,3,Wallet,iPhone,Delhi,5,12,3589,0
5180.301743803973,14,Wallet,iPhone,Chennai,7,10,2946,0
85.5737738299719,18,UPI,Desktop,Hyderabad,7,39,46,1
16140.437439062418,5,UPI,Desktop,Bangalore,6,10,331,0
228.06357491442282,4,NetBanking,iPhone,Mumbai,6,18,2174,0
771.9482661154764,4,Wallet,Android,Hyderabad,9,6,1161,0
70.5682407257717,17,UPI,iPhone,Bangalore,8,8,1672,0
4183.453302603049,2,Card,iPhone,Hyderabad,1,20,1895,0
13460.900297228663,21,UPI,Android,Bangalore,0,41,1855,0
5482.280565637971,1,Card,Android,Mumbai,1,16,3261,0
8648.361050912512,3,Wallet,Android,Delhi,2,2,1167,0
66.85093697652343,17,NetBanking,Android,Bangalore,8,11,585,0
3904.597491099998,8,Wallet,Desktop,Chennai,9,24,1450,0
3076.885829077606,18,Wallet,Desktop,Mumbai,6,19,3250,0
3455.425981764517,9,Wallet,iPhone,Mumbai,4,4,2398,0
374.76649081804896,21,Wallet,Desktop,Hyderabad,4,3,3549,0
5766.958701168254,14,NetBanking,iPhone,Chennai,5,15,3507,0
3498.0442095890676,0,UPI,iPhone,Hyderabad,1,40,3298,0
7244.0168459389,10,NetBanking,Android,Mumbai,0,4,278,0
3320.7643780046465,13,NetBanking,Android,Bangalore,0,43,3166,0
808.9585359779549,9,NetBanking,Desktop,Chennai,2,17,2378,0
5224.271765635617,18,NetBanking,Desktop,Mumbai,0,9,1733,0
946.0442719912357,23,UPI,Desktop,Chennai,8,25,1474,0
10294.06151020955,20,Wallet,Desktop,Bangalore,9,1,478,0
4748.154952106525,15,UPI,Android,Delhi,4,40,1600,0
855.1510249253341,7,UPI,Android,Hyderabad,8,2,3222,0
16395.525883293412,1,Wallet,Desktop,Hyderabad,4,45,510,0
3652.848376075648,22,UPI,iPhone,Mumbai,0,33,757,0
378.46087254683,6,NetBanking,Android,Mumbai,6,22,2971,0
4928.644911053797,18,NetBanking,Android,Bangalore,6,42,1839,1
1459.7820187743075,6,Wallet,Android,Mumbai,3,12,1371,0
8140.389102622788,14,Wallet,Android,Mumbai,2,27,3349,0
8513.857258470942,7,Wallet,Desktop,Mumbai,0,11,31,0
19303.64557068606,13,NetBanking,Desktop,Chennai,6,42,1999,1
3484.4662518761247,0,Wallet,iPhone,Chennai,4,14,1401,0
3034.451838415383,12,UPI,Android,Delhi,9,14,1062,0
7001.471633450079,2,UPI,Desktop,Chennai,0,40,551,0
710.5297109537289,20,Card,Desktop,Hyderabad,0,43,676,0
3958.383335604154,5,Card,Android,Delhi,2,22,356,0
3951.0180222462072,18,Wallet,Desktop,Mumbai,2,9,3009,0
468.6593054813526,14,Card,Desktop,Hyderabad,1,15,267,0
2706.287435673569,3,NetBanking,Desktop,Delhi,7,33,290,1
9596.309883097614,20,NetBanking,iPhone,Delhi,7,19,3301,0
9695.046841351823,2,UPI,Desktop,Hyderabad,5,31,1044,0
522.5691760738074,3,UPI,Android,Delhi,4,18,2111,0
475.51586127240085,4,Card,Android,Hyderabad,5,12,1837,0
1523.7713973150594,17,Card,Android,Delhi,0,40,1516,0
10387.858955925902,9,NetBanking,Desktop,Delhi,1,37,2218,0
690.0073287920482,7,UPI,iPhone,Delhi,6,45,13,1
6364.77128345197,11,Card,Desktop,Hyderabad,0,49,2697,0
533.2824398536798,21,NetBanking,Android,Delhi,7,1,389,0
4879.379091062655,2,UPI,iPhone,Chennai,2,34,1958,0
2200.8053003813648,17,NetBanking,iPhone,Chennai,3,7,2784,0
7777.447350806756,22,NetBanking,Desktop,Chennai,6,2,1713,0
1330.8453853426472,7,UPI,Android,Chennai,9,22,3420,0
5097.182805889042,0,NetBanking,Desktop,Chennai,6,4,2405,0
1343.860227323681,13,Card,Android,Mumbai,1,45,1692,0
6252.88175888835,21,NetBanking,iPhone,Delhi,4,46,633,0
10344.606749735141,22,Card,Desktop,Bangalore,7,20,1916,0
677.9635734592118,12,Wallet,iPhone,Mumbai,8,3,3243,0
10071.854133244186,11,Wallet,Android,Hyderabad,4,9,2246,0
4501.782474214858,2,Wallet,iPhone,Mumbai,1,18,3241,0
679.7314785977164,17,NetBanking,iPhone,Bangalore,3,16,2205,0
2789.0782801250875,20,Wallet,iPhone,Mumbai,4,9,1348,0
876.8903543235089,12,Wallet,Desktop,Delhi,5,19,1234,0
6025.665533858866,14,NetBanking,Android,Chennai,5,6,1220,0
7112.056675187441,9,UPI,iPhone,Delhi,0,44,2318,0
559.1096187404581,0,NetBanking,iPhone,Mumbai,5,15,62,0
3527.5145224803196,5,Card,iPhone,Bangalore,9,6,498,0
8426.873903771268,8,NetBanking,iPhone,Hyderabad,0,5,738,0
13757.114851591203,9,UPI,Android,Delhi,4,29,2165,0
3602.7755154531164,14,Wallet,Android,Bangalore,6,46,915,1
15006.66198622234,8,NetBanking,Desktop,Hyderabad,7,27,1437,0
3836.003145142411,22,Wallet,Android,Chennai,4,45,3030,0
2505.9484492748143,13,Card,Android,Delhi,1,41,2766,0
9426.060119679296,10,UPI,iPhone,Delhi,2,26,868,0
3396.050871559142,6,Wallet,Desktop,Chennai,6,28,2349,0
3192.3718661861517,23,Wallet,Desktop,Chennai,9,32,2375,1
3369.787326945151,1,Wallet,iPhone,Mumbai,3,25,1564,0
9379.565637224465,13,Wallet,Desktop,Hyderabad,0,7,1339,0
8917.216969812545,5,NetBanking,Android,Bangalore,2,30,950,0
2583.547771254817,4,UPI,Desktop,Chennai,9,31,2781,1
2027.0744958722075,4,UPI,iPhone,Mumbai,1,12,522,0
3385.660782388388,18,Wallet,Desktop,Hyderabad,8,9,3349,0
4252.193217700989,18,UPI,Desktop,Hyderabad,0,34,1827,0
1361.2567743746915,5,Wallet,Desktop,Delhi,8,3,1028,0
7898.305492988002,9,Card,iPhone,Mumbai,9,37,2229,1
3332.358439125339,22,Card,Android,Mumbai,4,28,1109,0
2032.6700090074037,13,Card,Desktop,Delhi,5,46,2534,0
564.8413119340875,16,UPI,Android,Bangalore,5,22,3609,0
1364.592366140808,2,Wallet,Android,Chennai,5,26,2580,0
14907.290357822529,0,NetBanking,Android,Delhi,8,19,1223,0
1819.9343898886204,9,NetBanking,Desktop,Chennai,8,21,2759,0
924.7808579302948,2,Card,Android,Mumbai,9,37,96,1
3087.164133438773,4,Card,Desktop,Delhi,6,10,3168,0
1834.2595080194485,18,UPI,Desktop,Bangalore,2,16,790,0
178.9610872461834,9,NetBanking,Desktop,Chennai,6,24,3633,0
1951.4926511490266,15,UPI,Android,Chennai,4,25,89,0
3927.503541189624,0,Card,Desktop,Chennai,8,26,3590,0
4011.6011291850155,5,Wallet,iPhone,Mumbai,7,1,2995,0
2204.6240986930334,8,Wallet,iPhone,Chennai,9,4,2971,0
2964.724535213181,4,Wallet,iPhone,Hyderabad,5,37,1682,0
16836.577294936735,13,Card,Desktop,Chennai,4,43,3582,0
2368.841350954555,9,UPI,iPhone,Mumbai,9,14,524,0
1493.5588039591535,1,Wallet,Desktop,Delhi,1,24,2076,0
1395.0459150513839,4,NetBanking,Desktop,Chennai,2,27,2323,0
3060.2753895849073,0,NetBanking,Desktop,Chennai,2,43,2603,0
7125.594856973817,9,Card,Android,Delhi,3,27,465,0
1153.2846823550449,21,NetBanking,iPhone,Hyderabad,2,24,99,0
6177.250744884366,8,NetBanking,Desktop,Mumbai,6,40,655,1
106.88342646065477,2,Card,iPhone,Delhi,5,1,453,0
2714.4458623667483,14,UPI,iPhone,Mumbai,7,39,292,1
7477.535105010255,3,Wallet,Android,Delhi,1,13,3066,0
2067.98760187681,12,Card,iPhone,Bangalore,1,20,1633,0
4147.5511950762775,5,NetBanking,Desktop,Hyderabad,0,38,2019,0
1146.9352121871298,19,Wallet,Desktop,Bangalore,4,36,1834,0
6773.889151840154,16,Wallet,iPhone,Delhi,6,12,1918,0
268.47616402905345,22,Wallet,iPhone,Delhi,8,5,301,0
9571.081314024368,4,Card,Android,Mumbai,4,5,3614,0
1104.457859756723,14,Wallet,Desktop,Delhi,0,17,2222,0
10373.186769794065,7,UPI,iPhone,Mumbai,2,38,1210,0
2173.4082336894053,4,NetBanking,iPhone,Mumbai,7,10,30,0
6412.9804717035795,23,Card,Desktop,Delhi,2,16,251,0
1922.6193066188232,12,Card,iPhone,Mumbai,6,24,2669,0
11817.606351034767,0,Wallet,Android,Hyderabad,9,29,1464,0
677.0207286243115,0,NetBanking,iPhone,Bangalore,2,14,3285,0
983.2371549431605,6,Wallet,iPhone,Delhi,1,10,344,0
3396.5184780773825,21,Wallet,Android,Mumbai,9,29,3109,0
427.4541536937936,4,Card,Android,Mumbai,5,28,3051,0
1090.656821067724,13,UPI,Android,Mumbai,1,17,2394,0
14391.20259820358,14,NetBanking,Desktop,Mumbai,9,5,1686,0
18751.57501714209,20,NetBanking,iPhone,Hyderabad,4,2,1518,0
2360.1029443531156,16,NetBanking,iPhone,Delhi,4,36,1121,0
12838.35665928019,23,NetBanking,Android,Delhi,4,40,2584,0
3935.363030303842,17,UPI,Desktop,Hyderabad,5,46,1349,0
1571.7901028996246,6,Card,Android,Hyderabad,2,45,2392,0
6060.003392941046,21,UPI,iPhone,Hyderabad,9,39,867,1
5377.924429459355,17,Wallet,Desktop,Delhi,4,9,86,0
22606.59022884858,18,Card,Desktop,Chennai,7,36,1185,1
1539.7455922512934,19,UPI,iPhone,Bangalore,3,5,1041,0
5574.615488044748,6,NetBanking,Desktop,Hyderabad,4,15,2292,0
267.1291754450657,7,NetBanking,Desktop,Hyderabad,0,9,1982,0
603.194516504489,12,Card,Android,Delhi,0,25,780,0
19.630359475714428,17,UPI,Desktop,Delhi,7,28,1822,0
37626.01718016094,23,Card,Android,Bangalore,1,27,3290,0
8104.35756691717,10,NetBanking,Desktop,Mumbai,9,46,1933,1
7725.8177887444335,8,UPI,Android,Delhi,9,47,2054,1
3563.9550702620754,22,NetBanking,Android,Bangalore,6,33,3011,1
1783.8539062651907,0,Card,Desktop,Delhi,6,33,381,1
820.0371512553224,21,Card,Android,Delhi,8,38,779,1
1675.089645121938,7,Card,iPhone,Delhi,0,8,3307,0
2357.7939648642073,20,Card,iPhone,Chennai,1,4,3456,0
7059.29375608539,11,Card,Desktop,Chennai,0,48,124,0
3878.9690907087015,1,Wallet,Desktop,Hyderabad,0,43,1084,0
403.25077116809797,14,Card,Desktop,Chennai,3,36,501,0
90.96755877681319,20,Card,iPhone,Bangalore,7,43,2058,1
539.7759475397189,23,NetBanking,Desktop,Delhi,9,31,971,1
2642.391884919933,17,Card,Desktop,Chennai,7,10,3600,0
13529.730859301144,16,UPI,Android,Delhi,8,49,2644,1
5072.309117561082,14,Card,Desktop,Mumbai,1,41,1450,0
8093.046705408583,19,Wallet,iPhone,Hyderabad,6,42,1708,1
3140.3058700794604,19,Card,iPhone,Chennai,3,8,3219,0
2244.4687599057743,8,NetBanking,Desktop,Delhi,2,30,457,0
573.6904775085801,2,UPI,iPhone,Mumbai,3,14,612,0
10434.668577712702,19,UPI,Android,Hyderabad,3,45,1807,0
7642.978292289252,18,Card,Android,Hyderabad,2,35,727,0
920.3239623199939,17,Card,Desktop,Mumbai,8,46,2645,1
3589.8697904818237,19,Card,Desktop,Chennai,7,46,1575,1
3341.051602867792,7,Card,Android,Chennai,9,3,3077,0
4905.367116581393,0,NetBanking,Android,Delhi,1,29,3571,0
14611.191176855813,23,NetBanking,Desktop,Bangalore,2,16,1529,0
4334.782647202849,23,UPI,iPhone,Delhi,9,10,287,0
3885.0061008037164,14,Card,Desktop,Delhi,6,4,207,0
258.16640790778314,18,NetBanking,Desktop,Delhi,4,4,1948,0
324.8662835363941,9,NetBanking,Desktop,Mumbai,0,2,550,0
1037.2540901671198,11,UPI,Desktop,Hyderabad,0,11,3328,0
165.0482219839466,5,UPI,Desktop,Hyderabad,7,15,2740,0
6800.266361068422,12,Wallet,Desktop,Bangalore,5,11,2959,0
6424.654587500687,3,NetBanking,Desktop,Chennai,3,23,3091,0
731.2379922200577,12,UPI,iPhone,Delhi,2,38,3235,0
9041.850346675423,16,NetBanking,Desktop,Mumbai,8,30,2002,0
840.8273523907365,0,NetBanking,Android,Mumbai,8,1,714,0
1791.7788286239884,4,Card,Desktop,Delhi,3,45,882,0
1431.594337931888,23,Card,iPhone,Mumbai,7,33,2648,1
2328.5212129259335,16,Card,Android,Mumbai,3,45,3247,0
1469.5992073208733,17,Card,Desktop,Delhi,7,37,3000,1
3356.448295112079,6,NetBanking,Desktop,Bangalore,6,23,243,0
2616.244717754497,15,Wallet,Android,Mumbai,5,49,660,0
21551.131762555233,7,Wallet,Desktop,Hyderabad,6,48,997,1
287.7554847399531,11,Wallet,iPhone,Hyderabad,5,18,971,0
766.8129811598557,13,NetBanking,Desktop,Hyderabad,5,10,1541,0
271.36176272557685,18,Wallet,iPhone,Delhi,6,17,651,0
4915.374796716641,10,NetBanking,Desktop,Hyderabad,3,7,2934,0
280.2560155457589,11,UPI,Android,Chennai,4,15,2151,0
9052.868889069898,12,Wallet,iPhone,Mumbai,8,27,1883,0
3586.5706211819247,7,NetBanking,Desktop,Bangalore,1,9,2818,0
3743.3800512140974,0,UPI,Desktop,Hyderabad,8,21,1270,0
4123.055076990261,8,Card,Android,Delhi,4,37,2196,0
936.5521405558402,1,UPI,Android,Bangalore,9,29,3605,0
1101.3029496847832,13,UPI,iPhone,Delhi,0,42,819,0
1919.6238022691655,12,Wallet,iPhone,Bangalore,6,45,3058,1
4500.812664333627,15,Card,iPhone,Bangalore,4,33,670,0
1179.357140518704,1,Card,Desktop,Mumbai,2,6,1200,0
618.3677185453798,3,Wallet,Desktop,Bangalore,2,25,769,0
17552.30860641273,11,UPI,iPhone,Chennai,0,35,419,0
111.13507428000827,15,NetBanking,Desktop,Chennai,6,17,1946,0
8115.083575917926,9,Wallet,Android,Chennai,1,44,2825,0
7756.674089693121,2,UPI,Desktop,Delhi,7,27,3185,0
1763.5150258873603,3,NetBanking,iPhone,Mumbai,3,43,3240,0
728.7522306612641,5,Wallet,Desktop,Delhi,3,40,533,0
786.9466989282823,22,Wallet,Android,Hyderabad,4,25,3152,0
5977.239841693193,4,Card,iPhone,Chennai,8,12,908,0
5147.389411194935,17,Card,iPhone,Mumbai,6,43,228,1
7633.433018244214,2,Card,iPhone,Chennai,2,37,1061,0
13861.437629948003,9,NetBanking,iPhone,Mumbai,3,40,1627,0
5887.098451314484,10,Wallet,Desktop,Delhi,8,44,1351,1
847.1344764783593,18,Card,Android,Delhi,0,38,3038,0
1394.8844752435996,13,Card,Desktop,Chennai,7,41,3224,1
9231.935715261263,20,Wallet,Desktop,Bangalore,7,25,178,0
1174.2216702772107,10,NetBanking,iPhone,Mumbai,6,49,3254,1
376.43273098238046,20,Card,Android,Hyderabad,5,2,2014,0
6074.832639664824,3,UPI,Desktop,Bangalore,6,1,468,0
2575.2255287813045,23,NetBanking,Android,Delhi,9,3,622,0
12631.147132512624,21,Card,Android,Mumbai,3,29,1896,0
5252.755823686311,5,UPI,Android,Bangalore,3,14,3181,0
473.8560032525738,16,Card,Android,Hyderabad,4,45,2204,0
14768.78517772499,21,NetBanking,Desktop,Bangalore,3,34,2308,0
1495.7867357159796,18,Wallet,Android,Hyderabad,3,22,2444,0
2056.504192586014,12,Wallet,Desktop,Delhi,8,36,1603,1
2573.000471326034,21,NetBanking,Android,Mumbai,5,15,2981,0
262.91429287657877,9,Card,Android,Delhi,2,37,2308,0
3431.010986717417,10,NetBanking,Desktop,Mumbai,2,10,271,0
658.0575614469336,5,UPI,iPhone,Bangalore,9,9,412,0
2562.2207200538637,1,Card,Desktop,Delhi,7,35,3109,1
2159.3774713247767,0,NetBanking,Android,Mumbai,2,46,393,0
7410.505156158739,10,Wallet,Desktop,Hyderabad,3,42,3296,0
8127.087331620939,15,NetBanking,Android,Mumbai,5,17,2243,0
832.7108381471462,2,Card,Desktop,Delhi,8,47,2415,1
2282.880416999201,4,NetBanking,Desktop,Delhi,5,18,894,0
2336.860761356089,14,Wallet,Desktop,Bangalore,2,49,594,0
820.8982677202443,14,UPI,iPhone,Hyderabad,5,25,2610,0
8008.675900249565,3,NetBanking,Desktop,Mumbai,3,35,1102,0
6141.811256774967,22,NetBanking,Desktop,Delhi,4,16,2585,0
1055.9624176961988,3,UPI,iPhone,Mumbai,4,45,1831,0
2284.2281519771486,7,NetBanking,iPhone,Chennai,2,49,3610,0
559.1571729289119,6,Wallet,Android,Hyderabad,4,25,2620,0
4947.084737564513,16,UPI,Android,Hyderabad,4,16,308,0
646.967965959302,14,Wallet,Desktop,Chennai,6,41,582,1
21320.033646448614,4,Wallet,Android,Hyderabad,8,24,2714,1
7586.16444064644,12,Wallet,Desktop,Chennai,4,12,560,0
2473.4373159619568,3,Card,iPhone,Mumbai,8,35,2614,1
4320.435955250424,21,UPI,iPhone,Chennai,4,9,1907,0
12114.834675295006,16,Card,Desktop,Bangalore,3,48,1396,0
4038.2947676294552,21,Card,Android,Chennai,5,37,3457,0
958.8209103286864,16,NetBanking,Android,Mumbai,7,32,1138,1
2379.7331141513782,13,UPI,Android,Hyderabad,3,19,277,0
9262.163033929932,13,NetBanking,Desktop,Bangalore,4,22,462,0
5167.1154337000335,16,Card,Android,Chennai,9,45,2670,1
5259.469693747765,7,NetBanking,iPhone,Mumbai,0,34,3144,0
10080.324189271843,1,Wallet,iPhone,Bangalore,9,19,2039,0
11220.310211425007,12,Card,iPhone,Bangalore,0,12,3481,0
12615.695735973555,21,Wallet,iPhone,Bangalore,7,18,2033,0
498.26855937665783,15,UPI,iPhone,Chennai,6,5,3602,0
3927.694138728509,15,NetBanking,iPhone,Mumbai,4,26,2063,0
6745.17633839335,5,Card,iPhone,Mumbai,8,27,42,0
7071.964160438392,21,UPI,iPhone,Mumbai,0,20,20,0
4666.118976665835,23,Wallet,iPhone,Delhi,2,8,1040,0
912.3318474960867,3,NetBanking,Desktop,Hyderabad,5,16,647,0
7983.11571580673,2,NetBanking,Desktop,Mumbai,0,2,607,0
6366.8168729039735,5,Card,iPhone,Delhi,5,45,2141,0
450.36632557337515,3,NetBanking,iPhone,Delhi,1,1,2129,0
3116.3318806382895,17,NetBanking,iPhone,Bangalore,9,5,1938,0
955.6657224086265,5,Wallet,Android,Hyderabad,4,31,3150,0
2058.500368707837,4,Wallet,Desktop,Bangalore,9,23,1887,0
91.23276329167064,8,Wallet,iPhone,Hyderabad,1,21,1522,0
2556.877778177016,10,UPI,Desktop,Bangalore,0,12,658,0
3991.1711253632975,5,UPI,iPhone,Chennai,3,4,2543,0
4832.430945883536,15,NetBanking,Android,Hyderabad,1,37,2074,0
5445.642191347343,18,UPI,iPhone,Delhi,8,11,1733,0
9048.3336502684,10,Card,Desktop,Delhi,2,42,2704,0
1213.307129664187,20,Wallet,Desktop,Hyderabad,8,40,1983,1
641.905234774826,14,UPI,Desktop,Bangalore,3,9,456,0
9537.103339422807,23,NetBanking,Desktop,Chennai,9,26,1101,0
851.6456605443072,8,Wallet,iPhone,Chennai,6,39,314,1
18396.642319130082,23,UPI,Android,Mumbai,6,27,352,0
9242.862882599038,18,Wallet,Android,Hyderabad,5,29,2038,0
3474.5096550679636,18,UPI,iPhone,Chennai,7,46,923,1
19928.731198560126,23,NetBanking,iPhone,Bangalore,5,43,1225,0
512.2500492822376,8,UPI,Desktop,Bangalore,8,25,2351,0
1805.3211078049358,22,UPI,iPhone,Delhi,4,18,327,0
5083.655952222432,3,UPI,Android,Chennai,2,30,123,0
2153.9674151504883,9,Wallet,iPhone,Chennai,4,8,2226,0
13181.384631263247,8,UPI,iPhone,Bangalore,3,2,1326,0
339.3929350439305,18,UPI,Android,Delhi,2,22,1032,0
3986.007548931429,14,UPI,Android,Chennai,0,21,2,0
4468.566008999014,18,Wallet,iPhone,Bangalore,7,39,1170,1
5288.236504251445,1,NetBanking,Desktop,Delhi,3,26,2596,0
1476.3286009847018,9,NetBanking,Desktop,Delhi,2,29,1624,0
2267.238608890388,18,NetBanking,Desktop,Bangalore,3,5,2679,0
9279.267395156432,16,UPI,Android,Delhi,0,46,2530,0
1084.2095482182883,19,Wallet,Android,Delhi,5,14,1066,0
8768.500434639376,23,NetBanking,Desktop,Mumbai,2,35,1382,0
4135.1694432532895,20,NetBanking,iPhone,Delhi,7,6,1675,0
7181.363889985874,1,NetBanking,iPhone,Chennai,9,23,2619,0
6251.95782210051,18,Card,iPhone,Delhi,4,17,2740,0
1162.88639276708,16,Wallet,Android,Chennai,8,24,1738,0
4206.063985039436,17,Card,Android,Bangalore,8,40,2269,1
10114.291127409911,16,UPI,Desktop,Delhi,1,29,2097,0
2829.1926172999365,1,NetBanking,iPhone,Bangalore,4,30,952,0
16994.615382776297,18,UPI,Android,Hyderabad,6,24,360,0
3009.3629376171925,0,Wallet,Android,Delhi,6,35,3526,1
770.336297096847,10,UPI,Desktop,Bangalore,9,47,752,1
2466.849985075385,9,UPI,iPhone,Hyderabad,2,37,640,0
15151.867706575033,4,NetBanking,Android,Chennai,6,2,1866,0
1926.2602468690338,15,Wallet,Android,Chennai,6,21,3100,0
10128.486341931131,23,UPI,Android,Chennai,3,40,2141,0
10653.702882814676,4,Card,Android,Chennai,6,41,2739,1
2155.3495889210467,23,NetBanking,iPhone,Chennai,7,5,3289,0
434.6441277161916,22,Card,Desktop,Mumbai,2,35,1508,0
6446.889345336491,11,NetBanking,iPhone,Bangalore,1,44,2587,0
1866.289122323049,3,UPI,Desktop,Hyderabad,8,35,2687,1
7637.529896761742,22,NetBanking,Android,Hyderabad,6,19,98,0
2922.8528447804297,5,UPI,iPhone,Delhi,0,16,1332,0
3320.5322939763532,18,Card,Desktop,Bangalore,9,25,418,0
7523.349513208136,8,UPI,Desktop,Mumbai,9,16,1952,0
2409.274543765256,11,NetBanking,Android,Mumbai,8,31,300,1
2927.0934617233934,14,NetBanking,Desktop,Bangalore,4,33,1924,0
2359.550978101458,15,NetBanking,Desktop,Chennai,1,17,560,0
2289.1147020281414,12,Card,Desktop,Chennai,6,21,3426,0
3732.1762833953317,20,Wallet,Android,Bangalore,8,35,784,1
8272.161865201735,23,Card,iPhone,Hyderabad,2,49,2863,0
2245.269570513162,6,UPI,Android,Chennai,3,23,2158,0
3714.36347581243,22,UPI,Desktop,Delhi,8,49,1867,1
5554.345367167048,19,Card,Desktop,Mumbai,1,16,527,0
1569.7157886712882,3,Card,iPhone,Chennai,3,38,2552,0
1625.3471168622177,10,UPI,Desktop,Hyderabad,4,14,1126,0
13546.239116586557,7,UPI,iPhone,Chennai,3,40,2654,0
6428.347525049536,5,UPI,Desktop,Chennai,6,41,1208,1
4304.122561463407,9,Wallet,Desktop,Mumbai,5,33,219,0
5216.645597630094,6,Wallet,Android,Delhi,8,21,2177,0
148.6862227897426,6,Card,Android,Delhi,3,17,1689,0
4813.021250320643,3,Card,iPhone,Hyderabad,8,4,3392,0
3561.7404515091002,2,Wallet,Android,Bangalore,0,16,604,0
3945.534333813251,23,NetBanking,iPhone,Bangalore,5,30,555,0
2226.9361852603593,6,Wallet,Android,Bangalore,6,44,2830,1
424.92478172638556,3,Card,iPhone,Hyderabad,8,45,482,1
1074.260314606855,12,Wallet,Desktop,Chennai,0,34,2296,0
15053.692855948013,19,NetBanking,iPhone,Delhi,0,22,944,0
2627.155179365433,16,Card,Android,Delhi,1,44,1092,0
3143.197885415952,6,UPI,iPhone,Chennai,5,42,3342,0
270.74890317307063,16,Card,Android,Delhi,2,29,1744,0
191.45012551766308,3,Wallet,Desktop,Delhi,5,47,1741,0
6314.748713046646,10,Wallet,Android,Bangalore,1,5,1681,0
3861.9765479522985,2,NetBanking,Desktop,Bangalore,9,1,92,0
3553.562601263522,10,Wallet,Desktop,Mumbai,5,40,1674,0
1392.7827212950535,2,NetBanking,Android,Mumbai,6,25,1519,0
6827.5734413414775,11,Card,Desktop,Delhi,5,6,2577,0
921.0361424301902,0,Wallet,Android,Bangalore,1,23,1416,0
1053.202355896254,3,Card,iPhone,Mumbai,4,33,514,0
3087.529228416583,13,UPI,Desktop,Mumbai,9,14,440,0
1686.3217861131675,0,UPI,iPhone,Bangalore,5,42,1786,0
1421.5254459727676,13,NetBanking,iPhone,Mumbai,7,36,833,1
5181.5356747309,12,Wallet,Android,Chennai,8,18,439,0
5263.012003987745,12,Card,Android,Chennai,4,40,2679,0
8701.067523119544,23,Card,Desktop,Bangalore,6,44,1221,1
2703.921062742338,14,Wallet,Android,Bangalore,3,10,1379,0
379.46754729564753,16,Card,iPhone,Mumbai,9,45,3286,1
1598.7292240250067,11,Wallet,iPhone,Delhi,4,39,1131,0
19561.481012919685,21,Wallet,iPhone,Hyderabad,0,49,3280,0
4534.903218186328,22,UPI,Desktop,Chennai,2,12,629,0
6184.840812922564,13,Wallet,Android,Chennai,1,38,3017,0
36.92515984712801,11,Card,iPhone,Bangalore,5,23,2980,0
3651.190431518456,17,Wallet,Desktop,Delhi,8,7,3081,0
191.25493661235043,3,UPI,Android,Bangalore,9,45,142,1
4210.907331810655,13,UPI,Android,Mumbai,2,46,1866,0
12677.054938643574,18,NetBanking,iPhone,Delhi,1,25,1558,0
17276.01868648848,12,Card,Desktop,Mumbai,1,13,3484,0
3888.6549003869413,22,Wallet,iPhone,Chennai,5,38,3166,0
3064.336092110908,17,Card,iPhone,Bangalore,9,19,2973,0
14503.664732887368,10,Card,Desktop,Bangalore,5,45,705,0
5598.308894423862,5,Wallet,iPhone,Hyderabad,4,22,924,0
335.5051653813988,8,UPI,Desktop,Delhi,8,41,1366,1
3134.2283626199996,11,Card,Desktop,Chennai,6,11,2336,0
1373.7964519882678,18,NetBanking,iPhone,Hyderabad,6,42,2315,1
3172.545678807437,13,Card,iPhone,Hyderabad,0,3,1946,0
3039.1205498475692,14,UPI,Android,Bangalore,9,19,2975,0
4363.101623455592,10,NetBanking,Android,Delhi,9,27,1556,0
2206.2684136883754,5,NetBanking,Desktop,Bangalore,1,7,1876,0
897.2511118503558,13,NetBanking,Desktop,Delhi,2,37,2273,0
3503.0692805583108,2,NetBanking,Desktop,Hyderabad,4,27,965,0
8865.754959866621,18,Wallet,Android,Mumbai,3,47,2217,0
5453.402563697582,19,Wallet,iPhone,Chennai,7,34,323,1
2065.2278310305273,10,Wallet,iPhone,Hyderabad,3,11,3628,0
13707.235304485774,23,NetBanking,Android,Bangalore,5,38,1724,0
12163.9000748287,16,UPI,iPhone,Chennai,8,5,2018,0
1174.4893129222687,16,Card,iPhone,Hyderabad,1,7,95,0
201.07748155596693,22,NetBanking,iPhone,Delhi,7,36,362,1
6760.599261616707,2,UPI,Android,Bangalore,4,5,1630,0
8789.987215553503,13,Card,Desktop,Hyderabad,9,5,1590,0
17188.979966063867,6,NetBanking,iPhone,Delhi,5,27,3007,0
11028.943458471647,18,Card,iPhone,Delhi,2,29,3536,0
4588.142734328713,2,Wallet,Desktop,Delhi,7,27,1805,0
3775.669752526815,1,Wallet,iPhone,Chennai,1,32,1825,0
141.17980191618057,16,Wallet,iPhone,Bangalore,0,25,670,0
1416.1695467034185,8,UPI,Desktop,Delhi,0,42,2559,0
3077.3648553601392,21,Wallet,Android,Hyderabad,7,34,2315,1
4951.084565427672,5,UPI,Android,Delhi,1,15,3398,0
4073.7707154040604,23,Wallet,iPhone,Bangalore,4,41,1813,0
6786.319068245167,20,Wallet,iPhone,Chennai,1,34,800,0
1640.9020612627185,8,Wallet,Desktop,Delhi,3,35,133,0
4161.501529512491,4,UPI,Desktop,Hyderabad,8,20,3434,0
461.35634851215934,1,Card,iPhone,Bangalore,1,24,2397,0
2669.3243668458867,21,UPI,iPhone,Delhi,3,34,547,0
6934.689499825025,14,NetBanking,Android,Chennai,9,34,763,1
5911.070480371037,8,NetBanking,Android,Mumbai,4,46,1583,0
23358.01232092294,18,UPI,Android,Hyderabad,9,27,2316,1
1627.8967821346487,9,UPI,Android,Delhi,9,21,1829,0
3447.6616019736116,3,Card,Desktop,Delhi,4,33,1006,0
1998.8846856554835,9,UPI,Android,Mumbai,4,39,1068,0
2904.480325070695,7,Wallet,Android,Bangalore,9,40,1302,1
9722.809836732678,21,Card,iPhone,Mumbai,9,44,1163,1
5763.374573562422,12,UPI,Android,Bangalore,1,36,1879,0
10704.082857181696,6,UPI,iPhone,Delhi,7,25,1335,0
1137.7104807988883,6,NetBanking,iPhone,Mumbai,4,7,3309,0
10332.078451853109,3,Card,Android,Delhi,5,10,266,0
308.1126794081224,14,NetBanking,Android,Mumbai,7,10,2218,0
10973.107461191461,11,UPI,iPhone,Delhi,7,38,1240,1
1995.4805127140992,15,Card,Desktop,Delhi,9,24,117,0
1888.6731341513114,5,Wallet,iPhone,Delhi,6,44,3310,1
3588.106996161329,8,UPI,Desktop,Chennai,7,10,3328,0
14124.902591279566,2,UPI,Desktop,Mumbai,9,45,1975,1
244.803058051237,7,NetBanking,Android,Chennai,6,26,2482,0
2171.105445905906,6,Wallet,Android,Delhi,9,30,1440,0
9709.6101647805,3,UPI,Android,Hyderabad,5,27,88,0
2521.356397723325,12,NetBanking,Android,Bangalore,4,44,3012,0
1110.451141250543,18,NetBanking,iPhone,Mumbai,4,19,234,0
2765.1367836070476,6,UPI,Desktop,Mumbai,7,1,609,0
2435.1589568338704,9,Card,iPhone,Bangalore,0,33,530,0
12350.062687041654,11,UPI,Desktop,Chennai,1,11,3183,0
7176.044555729652,2,Wallet,iPhone,Bangalore,0,34,1877,0
3517.154948068405,23,UPI,Desktop,Hyderabad,9,38,3649,1
22271.080214613583,11,Card,Android,Delhi,6,16,1659,1
3130.03708365971,18,NetBanking,Desktop,Bangalore,8,1,238,0
300.01255307142964,14,Wallet,Android,Bangalore,6,41,2412,1
1520.9161662963502,7,Wallet,Desktop,Delhi,8,28,409,0
2864.1300011035228,11,Wallet,iPhone,Mumbai,3,15,1311,0
853.3640827761579,19,Wallet,Desktop,Hyderabad,6,16,1003,0
14740.916904268408,5,Card,iPhone,Bangalore,9,46,2004,1
7280.342641932587,9,Card,iPhone,Bangalore,9,32,218,1
1561.835961607561,1,Card,Android,Mumbai,6,39,2451,1
4467.811619721634,23,Card,Desktop,Hyderabad,9,1,3294,0
6390.773382633057,12,NetBanking,iPhone,Delhi,9,48,2393,1
14174.783270770955,6,UPI,Desktop,Delhi,1,9,2532,0
10669.925791670325,7,Card,Android,Chennai,1,29,113,0
3620.0140458107057,22,UPI,Android,Hyderabad,7,25,1042,0
7450.560776767798,15,Wallet,Desktop,Hyderabad,1,11,3524,0
4129.334557098909,10,NetBanking,iPhone,Bangalore,0,42,2267,0
4022.67232653576,3,NetBanking,iPhone,Chennai,0,11,161,0
609.3805198699483,16,UPI,iPhone,Delhi,0,6,1094,0
674.162095912738,15,UPI,Desktop,Hyderabad,5,34,1031,0
3770.1538391388017,18,UPI,iPhone,Hyderabad,4,44,1025,0
1565.762161068664,22,NetBanking,iPhone,Mumbai,6,14,2147,0
106.30665598636334,10,Card,iPhone,Delhi,2,8,2647,0
6415.787249398727,6,NetBanking,Android,Mumbai,4,25,1616,0
165.13000311971314,12,Card,iPhone,Chennai,1,4,315,0
4522.760019448478,18,Wallet,Desktop,Hyderabad,8,31,1058,1
3873.8885104274423,16,Card,Desktop,Chennai,8,21,226,0
17339.040734524748,21,UPI,iPhone,Mumbai,3,45,479,0
3310.3082979245464,12,Card,Desktop,Delhi,1,32,2539,0
328.5703865134671,11,Card,Desktop,Hyderabad,9,14,223,0
4011.3289428950216,6,NetBanking,iPhone,Delhi,7,28,1716,0
9197.280531987877,0,UPI,Android,Chennai,3,25,1931,0
28800.628198560476,0,Wallet,iPhone,Bangalore,4,28,520,0
2813.60579283768,19,Card,Desktop,Delhi,3,15,2291,0
1930.5095227277266,22,Wallet,Desktop,Delhi,1,46,88,0
11857.173638984961,13,UPI,iPhone,Delhi,5,44,983,0
1061.2785050278499,14,Card,Desktop,Hyderabad,0,22,480,0
4778.133153733329,10,NetBanking,Android,Chennai,7,47,309,1
2601.976538894778,23,Wallet,iPhone,Chennai,0,6,2703,0
209.7504704036516,8,NetBanking,Desktop,Hyderabad,4,2,540,0
2133.1000750506187,16,Wallet,Android,Delhi,8,6,1492,0
1540.9787154150283,3,UPI,Desktop,Delhi,0,23,3214,0
5793.263172009636,19,Card,Android,Bangalore,9,26,90,0
14859.150861010037,18,Wallet,Desktop,Delhi,6,11,1010,0
1560.1961536535675,6,NetBanking,iPhone,Mumbai,6,1,2361,0
8342.382971308798,0,Wallet,Desktop,Delhi,4,28,180,0
284.75591330182044,8,Wallet,iPhone,Bangalore,3,22,549,0
3862.261743511176,12,Wallet,Android,Mumbai,8,41,2,1
365.81167087393584,23,Wallet,Android,Bangalore,4,13,1058,0
13593.002637729622,1,Wallet,Desktop,Bangalore,0,41,1338,0
7269.682452578882,1,Wallet,iPhone,Chennai,8,47,2274,1
5363.990470887109,23,NetBanking,iPhone,Hyderabad,4,36,3005,0
8683.413582074432,14,Wallet,Android,Bangalore,8,22,364,0
5213.804079762832,16,Wallet,Android,Delhi,7,4,2933,0
17359.880208042563,12,Wallet,Desktop,Chennai,9,44,1531,1
6258.082217665366,6,Card,Android,Mumbai,6,41,950,1
12928.628108244573,8,UPI,Android,Hyderabad,5,18,116,0
3640.058654822599,11,UPI,iPhone,Chennai,8,38,2162,1
622.5151446166626,2,UPI,iPhone,Bangalore,3,17,1566,0
3755.764463699044,22,NetBanking,iPhone,Chennai,4,25,595,0
678.3703071497275,21,NetBanking,Android,Delhi,0,17,2527,0
4488.491722040794,14,NetBanking,Desktop,Delhi,6,29,2768,0
3293.6617216207005,6,Wallet,Desktop,Delhi,5,45,2155,0
4871.922297999921,22,UPI,Android,Hyderabad,6,44,2363,1
50.48896295247788,0,Wallet,Desktop,Chennai,0,46,1912,0
1083.5743709006497,13,Card,Android,Chennai,6,8,1176,0
3379.7832592429086,18,UPI,Desktop,Bangalore,6,29,1935,0
15029.272816458822,15,Card,Android,Mumbai,7,15,3232,0
2419.3692101066904,9,Card,iPhone,Delhi,1,41,2123,0
2761.468527604996,0,Wallet,Desktop,Mumbai,0,33,3421,0
6271.001562513528,4,UPI,iPhone,Mumbai,0,49,2730,0
4629.089322179008,2,Card,iPhone,Delhi,7,10,187,0
1775.7102406798176,16,UPI,Desktop,Delhi,6,37,2387,1
2645.0871080473175,17,Card,Android,Bangalore,8,11,1847,0
1227.583615869791,20,Card,iPhone,Hyderabad,1,35,1413,0
16910.13052257015,18,Wallet,iPhone,Delhi,3,34,3566,0
699.9575375709135,21,UPI,Android,Mumbai,7,32,3241,1
2324.7762454706576,21,Wallet,Android,Bangalore,5,22,825,0
130.89331370830132,17,Wallet,Desktop,Chennai,1,4,53,0
1253.7268278546949,15,Wallet,Desktop,Bangalore,9,2,257,0
7581.357835465926,1,Wallet,Android,Delhi,1,33,1596,0
1123.0683588651734,14,Wallet,iPhone,Delhi,6,9,3294,0
417.2526355310365,12,Card,Android,Hyderabad,8,35,2094,1
3216.5799811958077,12,UPI,Desktop,Bangalore,7,38,3332,1
50.09630155306116,15,UPI,iPhone,Delhi,1,31,15,0
442.8783871291157,7,Wallet,iPhone,Mumbai,2,14,2897,0
8241.566034893647,10,UPI,Desktop,Mumbai,7,31,2676,1
7380.512113790426,7,Card,iPhone,Bangalore,3,33,12,0
12333.692694100975,21,Wallet,Android,Hyderabad,5,44,2049,0
9638.426433660356,9,NetBanking,Desktop,Bangalore,1,16,2125,0
5747.037428893826,22,NetBanking,iPhone,Hyderabad,0,20,542,0
268.7597683929059,0,Card,Desktop,Mumbai,5,14,996,0
7635.8027784789065,11,Card,iPhone,Delhi,7,35,2950,1
9338.155790853141,8,NetBanking,Android,Chennai,4,46,2889,0
8024.295699451613,4,Wallet,Desktop,Delhi,0,49,50,0
3551.253428969825,8,Card,iPhone,Mumbai,9,45,1666,1
1325.7025245172647,15,NetBanking,Android,Mumbai,1,33,1030,0
9332.306533752659,17,Wallet,Android,Delhi,2,29,2123,0
6494.400171862972,7,Card,Android,Delhi,1,8,346,0
19754.124372645634,22,UPI,iPhone,Mumbai,8,34,2381,1
846.1931501505029,10,UPI,iPhone,Delhi,9,47,2726,1
1278.7507201688288,19,UPI,Android,Chennai,1,14,2892,0
1190.0053347681458,18,Wallet,Android,Chennai,2,14,2899,0
7864.078044329923,3,Card,Android,Bangalore,8,15,3346,0
1034.5507471411734,19,NetBanking,Android,Chennai,2,42,3582,0
344.92773162232805,9,Card,Android,Mumbai,7,20,2316,0
32718.362256168977,23,UPI,iPhone,Mumbai,7,28,1504,1
125.65175057370789,12,UPI,Desktop,Bangalore,2,4,1332,0
9016.450262927483,19,Wallet,Desktop,Hyderabad,9,7,1741,0
2273.5407512681304,13,NetBanking,Desktop,Bangalore,9,2,2804,0
9213.647019230539,20,Wallet,iPhone,Hyderabad,2,9,2647,0
4044.142657643495,1,NetBanking,Desktop,Hyderabad,7,23,612,0
11595.159490631033,3,Card,Desktop,Delhi,2,36,2746,0
13031.50758429547,6,Wallet,Desktop,Chennai,3,12,1246,0
45.69911248703786,18,Wallet,Desktop,Hyderabad,4,23,2326,0
392.0361822242118,16,Wallet,Android,Delhi,6,31,3430,1
1440.8024648555154,15,UPI,iPhone,Bangalore,0,42,685,0
5532.9513872436155,12,UPI,Desktop,Bangalore,7,11,2366,0
10958.448458592437,23,NetBanking,Android,Hyderabad,2,1,3114,0
3080.393237987488,23,Card,Desktop,Delhi,6,13,3139,0
4669.386315128416,21,Wallet,Desktop,Mumbai,9,39,2953,1
1044.353553147773,22,UPI,Desktop,Chennai,2,29,3264,0
8172.928261113909,17,Wallet,Desktop,Hyderabad,8,6,143,0
17106.201226144658,20,NetBanking,Desktop,Mumbai,9,31,1950,1
1563.9665715255298,11,NetBanking,Android,Chennai,4,9,154,0
3414.2612939454993,22,Card,Desktop,Mumbai,2,18,3166,0
450.2587558132413,0,NetBanking,Android,Delhi,2,3,3269,0
4095.101650792105,14,Wallet,Desktop,Hyderabad,3,32,378,0
3493.648085488875,2,Card,iPhone,Mumbai,4,45,1631,0
779.9747214277022,5,Card,Android,Mumbai,4,3,3455,0
2917.5749257179286,13,UPI,Desktop,Mumbai,7,45,2809,1
2033.1137802694857,22,Wallet,Android,Hyderabad,9,30,534,0
3688.9539585805996,5,NetBanking,Desktop,Delhi,5,6,3638,0
4405.273574731803,0,UPI,Desktop,Delhi,4,27,3561,0
42.65935867707807,19,Wallet,Android,Mumbai,1,2,2685,0
7156.5838031285075,5,Wallet,Desktop,Delhi,4,20,2874,0
6241.614309450587,7,Card,Desktop,Chennai,6,17,2029,0
2280.7906992878898,14,Card,Desktop,Delhi,2,33,693,0
271.9426910483822,13,Wallet,Desktop,Mumbai,6,17,1891,0
7031.108792612709,15,UPI,Desktop,Chennai,0,37,787,0
15524.96419800347,19,Card,Desktop,Hyderabad,5,29,2210,0
1373.1816702412805,22,Card,Android,Bangalore,0,9,466,0
1954.2960798780618,15,Wallet,iPhone,Delhi,6,4,3470,0
1015.5582409906038,18,Wallet,Desktop,Chennai,5,46,2326,0
4301.160513477376,23,Card,Android,Bangalore,9,40,2520,1
841.1548529804211,0,UPI,iPhone,Hyderabad,0,13,141,0
2201.788763385124,3,Card,Android,Bangalore,8,6,1728,0
5970.327123366265,23,Wallet,iPhone,Hyderabad,4,46,3640,0
4106.2209228317115,9,Card,iPhone,Mumbai,6,9,1992,0
2442.5699842621966,19,Wallet,iPhone,Mumbai,0,26,810,0
2725.7880800598077,17,Card,Android,Hyderabad,7,49,1271,1
4128.947786646454,1,Wallet,iPhone,Bangalore,7,39,2882,1
29.409964700378232,3,Wallet,Desktop,Delhi,8,41,703,1
408.81605524545955,14,UPI,Desktop,Bangalore,1,47,170,0
10654.013887161444,3,Wallet,iPhone,Bangalore,5,42,2267,0
405.3940788187814,15,Card,iPhone,Delhi,9,14,2082,0
6134.562872142879,14,Wallet,Desktop,Bangalore,4,48,2333,0
12631.02904748308,17,NetBanking,Android,Bangalore,5,34,1434,0
1578.2381391324318,6,Card,Android,Chennai,4,4,1431,0
2314.079114126909,14,UPI,Desktop,Hyderabad,0,21,1060,0
4207.324262370907,21,Card,Android,Mumbai,1,31,3446,0
10673.03665996556,10,UPI,Android,Hyderabad,2,47,265,0
14228.42893010418,18,NetBanking,iPhone,Bangalore,6,43,853,1
6726.9762116052925,7,UPI,Android,Delhi,9,21,3370,0
453.01506429202635,23,Wallet,Desktop,Delhi,8,43,1764,1
5530.513693904129,0,NetBanking,Android,Mumbai,1,29,7,0
2640.7382873178312,2,NetBanking,iPhone,Mumbai,9,24,23,0
3181.0089422309275,4,UPI,Desktop,Mumbai,0,45,1440,0
251.98632363225082,17,Card,Desktop,Delhi,0,16,2583,0
1060.1658747167692,11,UPI,Desktop,Bangalore,3,9,3344,0
7815.482470786788,11,UPI,iPhone,Mumbai,8,21,2117,0
3025.3045436561356,20,NetBanking,Desktop,Mumbai,3,2,13,0
1795.261993738553,18,Wallet,iPhone,Delhi,2,2,3338,0
2422.6964007842357,8,Card,iPhone,Bangalore,9,37,1784,1
9634.444003408664,10,UPI,Android,Mumbai,7,37,3643,1
6911.4921256836415,16,Wallet,Desktop,Bangalore,8,5,2306,0
1589.4378127310056,15,Wallet,Android,Chennai,4,46,2768,0
624.9928770167232,3,Card,Android,Mumbai,1,6,948,0
1451.7496176464922,9,Wallet,iPhone,Mumbai,3,48,1846,0
12676.146354297876,21,UPI,Android,Delhi,9,48,3347,1
4356.453442039596,14,NetBanking,Android,Chennai,7,8,3169,0
3812.274173051322,18,Wallet,Android,Chennai,1,32,1052,0
4536.5756629099615,2,NetBanking,Desktop,Chennai,8,37,2693,1
2278.7545436758382,20,Card,Android,Hyderabad,4,13,1868,0
8228.098766509944,22,Card,iPhone,Delhi,6,3,414,0
3704.1953579135256,4,Wallet,Desktop,Delhi,4,9,1811,0
620.7230914884593,10,NetBanking,iPhone,Mumbai,2,4,1128,0
690.9403755384238,23,UPI,Desktop,Delhi,1,28,3114,0
3848.620259721895,4,NetBanking,Desktop,Mumbai,2,40,2713,0
13789.108906592899,6,Wallet,Desktop,Mumbai,1,16,3363,0
1843.3914961179782,5,NetBanking,iPhone,Hyderabad,1,11,3593,0
10183.487860880783,12,NetBanking,Android,Delhi,1,19,2784,0
7221.642919395397,1,Card,Desktop,Delhi,1,42,3111,0
1423.8478755100382,18,Wallet,iPhone,Hyderabad,7,22,440,0
185.087601075609,10,NetBanking,Desktop,Hyderabad,4,39,3110,0
537.0757089104837,19,Wallet,Android,Delhi,8,12,1807,0
6518.853983771997,4,UPI,Desktop,Delhi,4,30,109,0
1113.6540452741226,8,Wallet,iPhone,Mumbai,0,40,2478,0
2320.274156456823,5,UPI,Desktop,Bangalore,7,42,1445,1
3482.756500092622,16,Wallet,iPhone,Mumbai,2,5,2394,0
6463.440314127132,18,Wallet,Android,Chennai,9,37,381,1
600.8550538363867,22,NetBanking,Android,Chennai,9,45,1528,1
2607.464969237068,7,NetBanking,Desktop,Bangalore,1,32,1596,0
3318.6497974570357,6,UPI,Android,Hyderabad,5,34,2622,0
3891.641864669493,4,UPI,iPhone,Chennai,3,12,3582,0
8528.660519464122,14,Card,Desktop,Hyderabad,3,43,1567,0
941.7677338678562,9,NetBanking,iPhone,Hyderabad,8,2,3102,0
8246.912184870449,23,UPI,Desktop,Mumbai,9,47,2823,1
5902.55804397267,15,NetBanking,iPhone,Hyderabad,7,7,2206,0
4058.1989992946187,8,Wallet,Desktop,Bangalore,2,32,3233,0
6012.001380360441,6,Card,iPhone,Mumbai,8,40,3440,1
2655.2924991185596,10,NetBanking,iPhone,Bangalore,0,35,1383,0
744.8067567136397,8,NetBanking,Desktop,Hyderabad,6,49,623,1
5479.558297241573,16,NetBanking,iPhone,Chennai,6,6,550,0
3718.754160719611,8,NetBanking,Android,Hyderabad,1,22,2772,0
5099.580443161509,2,UPI,iPhone,Bangalore,6,25,1427,0
2062.4394085006616,21,UPI,Desktop,Delhi,6,47,2697,1
11868.610808496915,7,Card,Android,Delhi,8,13,1952,0
4426.018264189117,18,Wallet,Android,Chennai,5,23,2718,0
446.35592010650174,19,Wallet,iPhone,Bangalore,9,45,134,1
2987.403418533391,15,Card,iPhone,Chennai,9,44,701,1
7060.236800851089,6,Wallet,iPhone,Mumbai,8,46,1701,1
7902.662679606205,6,UPI,Android,Hyderabad,2,9,2639,0
3411.9962627634063,19,NetBanking,Android,Mumbai,7,42,1276,1
11256.968633491735,12,Wallet,Android,Delhi,3,37,1991,0
1557.6095646060921,2,NetBanking,Desktop,Hyderabad,0,37,206,0
2643.2399918123465,11,NetBanking,Desktop,Mumbai,6,30,2196,0
11443.258602637754,23,UPI,iPhone,Delhi,2,20,508,0
11329.179295211618,7,NetBanking,Desktop,Mumbai,3,38,530,0
5787.239811178831,12,Wallet,Desktop,Hyderabad,2,44,2239,0
9794.287172239417,19,UPI,iPhone,Mumbai,5,49,1981,0
464.81764498098465,15,Card,iPhone,Hyderabad,9,16,3257,0
10012.216439801867,6,UPI,Android,Mumbai,0,22,406,0
1932.872619382958,3,Wallet,Android,Chennai,9,38,3289,1
982.0913253210379,11,UPI,iPhone,Mumbai,6,10,88,0
1368.0401327971163,16,Wallet,iPhone,Mumbai,9,20,607,0
2706.153613864073,0,Wallet,Desktop,Chennai,7,41,1457,1
1446.3633813210224,16,UPI,Desktop,Delhi,2,2,274,0
1932.487573370595,1,Wallet,Desktop,Hyderabad,8,3,3042,0
725.0045038303666,5,Card,iPhone,Bangalore,1,42,61,0
1756.140208967916,11,Wallet,iPhone,Delhi,9,8,82,0
4246.477107245864,10,Card,Android,Hyderabad,9,9,1102,0
2915.6708954102705,20,Card,Desktop,Mumbai,8,28,1345,0
2128.7377759519636,10,Wallet,Android,Delhi,4,21,3624,0
6861.013164893697,17,NetBanking,iPhone,Mumbai,5,33,2932,0
11198.519631611565,7,Card,Desktop,Delhi,1,34,536,0
7069.134080741264,6,Card,Android,Delhi,4,4,2720,0
2017.3407826020687,13,UPI,iPhone,Bangalore,5,48,1290,0
6821.532729895245,15,Card,Android,Chennai,4,25,3111,0
824.2563686965275,11,Card,Desktop,Delhi,3,32,899,0
698.1381884970999,8,Card,Android,Mumbai,7,12,108,0
2120.389051557105,19,Card,Android,Bangalore,1,2,1605,0
8243.554729925832,22,NetBanking,iPhone,Delhi,0,47,3335,0
1414.1244201820314,20,Card,Desktop,Chennai,1,48,1022,0
326.7124019240458,15,Wallet,Android,Mumbai,3,12,2444,0
706.1449172058736,20,NetBanking,iPhone,Bangalore,0,46,3351,0
9785.941442802397,18,Card,Desktop,Hyderabad,8,26,1881,0
5022.650013183799,15,Wallet,iPhone,Chennai,0,21,3007,0
1459.7971256119665,8,Wallet,Desktop,Hyderabad,4,44,529,0
4051.7299694791777,12,NetBanking,iPhone,Hyderabad,7,37,2382,1
3749.430296588934,4,NetBanking,iPhone,Bangalore,8,36,2275,1
5327.376833625832,21,Wallet,iPhone,Bangalore,8,18,1216,0
1327.5651870097747,18,NetBanking,Android,Bangalore,7,24,321,0
9990.339665878519,9,NetBanking,Android,Hyderabad,5,30,342,0
1850.7448622218665,6,UPI,iPhone,Mumbai,5,17,1052,0
5923.002556813513,8,NetBanking,Desktop,Bangalore,8,16,3386,0
81.28031548049275,13,UPI,iPhone,Chennai,1,42,3287,0
2331.3102276943955,14,NetBanking,Android,Bangalore,2,17,2066,0
2167.084355378382,12,NetBanking,Desktop,Bangalore,5,44,3182,0
3920.6623454319815,9,Wallet,Android,Bangalore,7,12,633,0
377.58623314290094,13,UPI,iPhone,Hyderabad,6,27,2541,0
7806.367665995838,20,NetBanking,Android,Mumbai,7,4,2860,0
1228.1013653489013,22,Card,Android,Bangalore,4,35,3648,0
5651.100182756406,11,NetBanking,Android,Hyderabad,8,1,3621,0
8128.144490557615,18,Wallet,iPhone,Chennai,5,12,1539,0
4126.277431169043,5,Wallet,Android,Mumbai,9,29,2318,0
6752.381898139078,11,Wallet,iPhone,Hyderabad,1,8,999,0
5421.480957021663,23,UPI,iPhone,Delhi,5,8,2183,0
2196.633453230412,12,UPI,Android,Chennai,3,12,2560,0
8273.707458684541,7,UPI,Desktop,Chennai,4,36,2449,0
1745.6698852171503,15,Card,Android,Delhi,4,48,1519,0
4233.97397516337,1,UPI,Android,Hyderabad,0,34,1107,0
6840.263564285861,21,Wallet,Android,Hyderabad,9,36,1743,1
2381.7660043866595,6,UPI,Desktop,Chennai,4,4,1703,0
1803.182528702926,11,UPI,Desktop,Hyderabad,9,11,645,0
3074.8788996596454,6,NetBanking,iPhone,Delhi,8,3,79,0
8517.740157598822,18,UPI,Desktop,Hyderabad,7,10,1332,0
13290.714958562576,13,NetBanking,Desktop,Chennai,7,12,2669,0
3938.20600902027,8,UPI,Android,Hyderabad,2,49,1050,0
5415.656775254085,17,NetBanking,iPhone,Mumbai,8,9,2215,0
11679.3456719585,10,Wallet,iPhone,Delhi,8,21,685,0
518.7360409862849,15,UPI,Desktop,Delhi,9,34,2893,1
1320.3393299944837,18,Wallet,Desktop,Bangalore,6,22,1567,0
6170.442248531404,10,UPI,Android,Hyderabad,5,18,461,0
8679.102080046132,17,Card,Desktop,Delhi,8,44,3223,1
9725.568323236474,10,Card,Desktop,Hyderabad,5,6,1064,0
2681.633284170006,3,Wallet,iPhone,Mumbai,2,25,800,0
467.9278016841355,17,Wallet,Desktop,Chennai,5,45,772,0
2879.323371178421,18,Card,Android,Chennai,1,15,1364,0
1311.5961637530197,12,Card,iPhone,Bangalore,1,1,2222,0
1720.8843914408747,3,NetBanking,iPhone,Bangalore,6,40,2635,1
7397.919170066617,9,UPI,Desktop,Delhi,7,18,2602,0
392.6576330553618,21,Card,Android,Delhi,6,44,3169,1
8789.144896795797,4,Wallet,iPhone,Delhi,4,31,167,0
2790.189667974238,2,Wallet,Android,Mumbai,3,20,2246,0
4532.4932942079895,15,Card,Android,Bangalore,7,44,2488,1
469.6429449991383,7,Wallet,Desktop,Bangalore,8,25,559,0
2057.610159140955,23,UPI,Android,Chennai,6,33,1554,1
469.9103652250052,6,NetBanking,iPhone,Bangalore,0,10,514,0
16291.166711438038,18,UPI,Desktop,Bangalore,3,29,1126,0
8232.108529276959,13,NetBanking,iPhone,Mumbai,3,19,1206,0
3077.5314302571383,14,NetBanking,Android,Delhi,9,28,2904,0
1265.4535496152682,16,Card,Android,Mumbai,2,27,2462,0
13549.39225039567,20,Wallet,Desktop,Hyderabad,3,19,2539,0
2112.52174269768,0,NetBanking,Desktop,Chennai,8,43,3288,1
877.6300844567413,5,Card,iPhone,Chennai,0,31,1796,0
4140.991648049674,22,Wallet,iPhone,Chennai,1,35,3591,0
14391.890679956556,14,Wallet,Android,Delhi,6,14,1593,0
19.188224242571057,11,NetBanking,Desktop,Delhi,8,6,2590,0
1359.862865047295,20,Wallet,Android,Delhi,6,9,2299,0
13939.335454718183,19,UPI,Android,Chennai,0,41,1757,0
938.1941434491006,1,Wallet,iPhone,Chennai,6,27,2801,0
600.9240034054828,4,UPI,iPhone,Chennai,5,17,2732,0
4222.027753416456,8,Wallet,iPhone,Hyderabad,0,36,245,0
9896.85259238518,19,NetBanking,Desktop,Hyderabad,0,4,3277,0
3241.9190671779083,13,NetBanking,iPhone,Chennai,1,24,488,0
26073.795015917618,17,Card,Desktop,Delhi,5,16,1767,0
5684.245942415068,21,UPI,Android,Delhi,3,17,1949,0
384.8097046190835,7,UPI,Desktop,Hyderabad,3,3,36,0
24690.734871447745,1,NetBanking,iPhone,Hyderabad,5,39,3171,1
2620.350029836781,8,NetBanking,Desktop,Chennai,8,37,369,1
1694.1929079601423,6,NetBanking,Desktop,Chennai,0,3,959,0
4080.860469667863,17,UPI,iPhone,Delhi,1,44,258,0
1814.2382930217082,15,Card,iPhone,Bangalore,7,41,501,1
452.12693841716543,20,UPI,Android,Delhi,7,35,654,1
7.146820667728734,4,NetBanking,Desktop,Delhi,5,3,2768,0
2985.398736996758,22,Card,Android,Chennai,5,16,1636,0
9065.83764283818,14,Wallet,Android,Bangalore,7,20,3176,0
4246.843848553109,4,Wallet,Desktop,Bangalore,1,45,479,0
35700.32192630376,10,NetBanking,Android,Chennai,1,6,240,0
1690.2939922558355,21,Card,Desktop,Mumbai,0,33,2416,0
1645.6815058946759,13,NetBanking,Android,Chennai,5,43,3363,0
870.2758499483862,18,UPI,Android,Hyderabad,5,27,3030,0
896.013656543395,2,UPI,Desktop,Bangalore,5,30,2197,0
1678.6687189412496,23,Card,iPhone,Chennai,1,35,732,0
7871.320279851195,9,NetBanking,Desktop,Delhi,6,18,401,0
11809.382522213828,5,NetBanking,iPhone,Delhi,2,30,3570,0
18461.861677175133,2,Wallet,Desktop,Delhi,0,43,594,0
1321.7138537312953,1,Card,Desktop,Chennai,0,26,288,0
10655.67650180588,12,NetBanking,iPhone,Mumbai,8,15,1687,0
1989.383038315568,17,UPI,iPhone,Hyderabad,2,32,134,0
598.6527170030216,1,NetBanking,Desktop,Delhi,7,35,1821,1
10202.062908402602,14,NetBanking,Desktop,Chennai,9,12,1855,0
5054.458292639605,4,UPI,Desktop,Mumbai,6,21,1478,0
900.0066295496525,14,UPI,iPhone,Bangalore,1,12,225,0
2809.1146125685023,20,NetBanking,Desktop,Bangalore,1,49,2685,0
1693.1767364350635,16,UPI,iPhone,Hyderabad,3,1,2032,0
6674.102220721653,1,Wallet,Android,Chennai,1,11,608,0
3020.338498582881,17,Wallet,iPhone,Chennai,4,25,2897,0
22678.19501339773,14,Wallet,Android,Delhi,9,47,900,1
281.5026392565484,19,UPI,Desktop,Mumbai,6,9,826,0
2192.643154473778,22,UPI,Desktop,Hyderabad,1,39,1951,0
3287.936638526566,2,UPI,iPhone,Mumbai,8,43,2966,1
3497.170054126467,4,Card,Android,Hyderabad,0,27,411,0
1898.5176941973662,10,UPI,Desktop,Chennai,1,29,374,0
6532.61689668063,8,Wallet,Desktop,Chennai,6,27,2133,0
10387.100869663209,4,Wallet,Android,Hyderabad,4,28,84,0
13961.45181457003,0,Wallet,Desktop,Mumbai,0,39,482,0
8176.173452442143,13,Card,Desktop,Bangalore,3,18,3415,0
9504.977334592757,4,NetBanking,iPhone,Bangalore,7,15,272,0
3998.6010508567338,7,Wallet,Desktop,Delhi,4,16,2054,0
8740.28904572959,20,Card,Android,Delhi,1,47,3536,0
1808.4654916895054,13,NetBanking,Desktop,Mumbai,8,23,519,0
2541.467179883082,15,Card,iPhone,Chennai,0,30,2062,0
1905.6653427178594,5,Card,Desktop,Mumbai,0,36,3075,0
3149.8041357705997,7,NetBanking,Android,Hyderabad,9,35,1761,1
1681.4185856311028,1,UPI,Desktop,Bangalore,4,28,817,0
16299.979195840795,18,UPI,Android,Delhi,8,46,487,1
1875.97426110966,8,Wallet,iPhone,Mumbai,5,3,797,0
515.9506860086345,4,NetBanking,Desktop,Mumbai,4,16,3460,0
3741.3671202917167,4,Wallet,Desktop,Hyderabad,5,15,2535,0
293.9703457438875,18,Card,iPhone,Chennai,5,19,1192,0
585.7215089372651,3,UPI,Android,Chennai,8,10,937,0
1238.3941559485625,15,Wallet,Android,Bangalore,8,49,2454,1
3121.3739138816177,15,Wallet,Desktop,Delhi,4,4,463,0
2839.193173025821,15,UPI,Android,Chennai,3,22,2180,0
8039.492040466106,6,Card,Android,Chennai,0,18,506,0
6725.275622860966,17,Wallet,Desktop,Chennai,5,22,2002,0
2778.4027780636834,23,Wallet,Android,Mumbai,6,42,2681,1
2030.1078713509462,20,NetBanking,Android,Chennai,6,16,2284,0
1902.414765694937,0,NetBanking,Desktop,Hyderabad,0,3,23,0
7435.99271154491,2,UPI,Desktop,Bangalore,5,44,614,0
267.3857875729551,20,UPI,Android,Chennai,7,35,3204,1
64.52278144436407,7,Card,Desktop,Delhi,2,41,452,0
7937.022012497476,0,Card,Android,Mumbai,0,39,274,0
3242.26865849193,6,Wallet,Android,Hyderabad,6,16,1025,0
701.3769175005466,6,NetBanking,Android,Bangalore,3,21,3616,0
1343.0975135715876,7,Card,Android,Mumbai,4,21,2709,0
13478.43123612141,18,Wallet,Desktop,Hyderabad,1,1,166,0
9812.844846287539,16,Wallet,Desktop,Mumbai,6,30,2458,0
6185.667122174916,10,UPI,iPhone,Bangalore,0,47,297,0
3291.074694399528,14,NetBanking,Desktop,Bangalore,3,34,2027,0
3673.2181185080094,8,Wallet,iPhone,Chennai,7,48,1117,1
18493.54508865844,16,UPI,Android,Delhi,6,39,937,1
16873.32897110837,10,Wallet,Desktop,Chennai,6,46,3051,1
1212.0717671570603,5,NetBanking,Android,Mumbai,6,23,96,0
8332.808389512327,8,Wallet,iPhone,Chennai,4,34,571,0
1098.5140508381346,17,Wallet,Desktop,Bangalore,9,30,2948,0
1201.0510454636378,19,Card,Desktop,Bangalore,2,33,141,0
5636.494734531829,1,Card,Desktop,Bangalore,9,16,1341,0
2595.9785990191967,3,UPI,Desktop,Chennai,6,41,2611,1
13407.85011432452,17,Wallet,Android,Hyderabad,7,30,1955,0
466.115338621994,0,UPI,Desktop,Chennai,6,3,3062,0
3582.3414886985965,10,NetBanking,iPhone,Chennai,5,45,767,0
12537.082354262397,2,UPI,Desktop,Chennai,8,2,1627,0
11722.958761403834,7,Wallet,iPhone,Chennai,5,26,833,0
851.1500558260672,4,Card,iPhone,Bangalore,4,18,1329,0
2283.563334258999,19,Card,Android,Delhi,5,2,2225,0
4826.372949618067,20,UPI,Desktop,Chennai,9,40,615,1
868.1663560918025,21,Card,iPhone,Chennai,3,3,654,0
17213.56246380777,21,Wallet,Desktop,Delhi,5,17,2469,0
12310.79644343585,4,Wallet,Android,Chennai,3,24,30,0
913.3091476075816,10,NetBanking,Android,Delhi,4,2,142,0
645.7362922081377,11,Card,Desktop,Bangalore,5,6,1739,0
446.38871342246637,21,Card,iPhone,Hyderabad,0,40,2271,0
12008.915625571179,8,NetBanking,Android,Chennai,5,26,1529,0
1076.0245406848628,20,UPI,iPhone,Hyderabad,5,49,2908,0
2691.711532773454,12,NetBanking,iPhone,Chennai,0,6,1947,0
2978.753761993111,21,Card,Desktop,Mumbai,6,12,2878,0
4569.106968672832,19,UPI,Android,Mumbai,9,21,511,0
372.1919846375493,2,Wallet,Desktop,Bangalore,4,16,3075,0
1285.820059351419,12,Wallet,Desktop,Hyderabad,7,6,3526,0
13403.906033051408,21,NetBanking,Desktop,Hyderabad,4,34,3623,0
11952.171773750186,10,Wallet,iPhone,Delhi,9,3,1299,0
7600.057938611066,10,Card,Desktop,Delhi,4,41,3433,0
97.95960013547653,20,NetBanking,Android,Chennai,1,19,2146,0
1980.1000329436465,19,Card,iPhone,Delhi,3,29,988,0
4943.752521816599,20,Card,Desktop,Delhi,3,32,460,0
1609.2300980850546,6,UPI,Android,Hyderabad,9,10,3200,0
12016.819219025285,16,UPI,Desktop,Mumbai,9,27,1191,0
5024.099871637139,15,UPI,Desktop,Hyderabad,7,29,266,0
373.11515557303005,13,Wallet,Desktop,Delhi,2,13,3060,0
11984.785950641348,0,UPI,iPhone,Chennai,0,20,2991,0
15822.726396433058,10,Card,Desktop,Mumbai,6,28,384,0
404.490967107559,12,NetBanking,Android,Delhi,8,27,2199,0
3800.2850603519482,0,NetBanking,Desktop,Delhi,5,13,1272,0
1807.4632395452104,1,Card,Desktop,Chennai,1,25,571,0
2494.8070508906385,8,Wallet,iPhone,Chennai,1,29,2266,0
990.128426000182,12,NetBanking,Desktop,Delhi,0,15,2643,0
4314.604186966546,4,Card,Android,Delhi,5,45,1126,0
15847.97096088541,8,Card,Android,Hyderabad,7,45,2989,1
3496.556702805214,12,Card,Desktop,Bangalore,0,30,2804,0
432.77330501662846,4,NetBanking,Android,Chennai,0,38,300,0
4837.9376770946865,14,NetBanking,Android,Chennai,0,32,1810,0
2079.2668571670765,6,UPI,Desktop,Hyderabad,9,7,1072,0
9687.112987905663,13,UPI,Android,Mumbai,4,35,2379,0
2851.8003051334886,15,Card,Android,Mumbai,6,33,762,1
1071.1644034926408,5,Card,Desktop,Mumbai,3,12,1753,0
1060.4346500803508,1,Card,iPhone,Chennai,0,23,3307,0
7321.586132536629,15,Card,iPhone,Bangalore,0,5,2561,0
1543.4227649102688,18,NetBanking,Desktop,Bangalore,9,43,928,1
7288.595095576512,4,UPI,iPhone,Hyderabad,2,44,2145,0
1152.6495090944534,3,Wallet,iPhone,Mumbai,4,31,1984,0
1940.7275748193697,13,Card,iPhone,Mumbai,4,16,1799,0
3131.995877276107,5,UPI,iPhone,Delhi,8,33,3423,1
14340.729435735742,7,Card,Desktop,Hyderabad,8,1,2138,0
13421.528585840284,23,NetBanking,iPhone,Hyderabad,8,22,3271,0
1158.8525047167866,2,Wallet,iPhone,Chennai,7,28,3172,0
2217.541096230726,3,UPI,Desktop,Chennai,8,5,3502,0
809.0628860210618,0,UPI,Desktop,Hyderabad,7,4,152,0
3566.5971898022503,1,Wallet,iPhone,Bangalore,7,1,1605,0
3086.3275966374354,12,NetBanking,Android,Hyderabad,7,15,726,0
11551.078785540034,8,Wallet,Desktop,Bangalore,7,37,2156,1
13296.68432735383,11,UPI,Desktop,Chennai,4,39,164,0
2419.0313730556986,9,Wallet,iPhone,Hyderabad,9,49,451,1
3383.790521074734,9,NetBanking,Android,Bangalore,2,38,818,0
11328.192951516181,17,NetBanking,Desktop,Delhi,3,45,2296,0
8217.76142717993,11,Card,Desktop,Delhi,8,24,955,0
18.31505994527427,21,Wallet,Desktop,Hyderabad,6,23,485,0
1928.750395181092,15,Wallet,Android,Mumbai,8,47,2490,1
2738.9545084129218,22,UPI,Desktop,Hyderabad,6,7,2022,0
1304.981846255432,5,NetBanking,Desktop,Chennai,7,31,2548,1
1113.0410725122879,23,Wallet,Android,Chennai,2,7,3033,0
192.58423892073117,23,UPI,Desktop,Delhi,7,13,2327,0
5155.278391529383,20,Card,Android,Bangalore,3,4,524,0
1522.5157203151084,23,Wallet,Android,Delhi,5,18,1210,0
268.835328883591,9,Wallet,Android,Bangalore,0,40,829,0
1313.187027267884,14,UPI,iPhone,Hyderabad,1,19,488,0
8095.268805275634,8,UPI,Desktop,Mumbai,6,16,224,0
9535.487362639362,23,NetBanking,Desktop,Chennai,5,18,3572,0
3299.202732598623,1,NetBanking,Desktop,Hyderabad,9,16,985,0
2689.8765722505314,17,NetBanking,Android,Delhi,4,48,1570,0
19050.422729556725,11,Wallet,iPhone,Hyderabad,6,31,2910,1
1119.2481250533613,2,UPI,Android,Mumbai,1,25,101,0
1212.6467556732955,6,NetBanking,Desktop,Bangalore,9,2,2814,0
1725.617999138687,8,Wallet,Android,Mumbai,3,46,3346,0
948.2858936821208,7,NetBanking,iPhone,Delhi,4,28,1912,0
2385.0654769086614,5,Card,Desktop,Mumbai,7,16,2041,0
12086.290118397024,0,Wallet,Android,Chennai,5,36,2723,0
4777.079176162458,13,NetBanking,iPhone,Mumbai,5,45,2480,0
2654.6871574718143,15,NetBanking,Android,Hyderabad,4,40,549,0
13621.720739813141,15,Card,Android,Bangalore,9,35,1536,1
248.39001140343265,3,Card,Desktop,Chennai,4,24,1833,0
1180.35993461767,5,NetBanking,iPhone,Chennai,0,35,2438,0
4172.270537717332,14,NetBanking,Android,Chennai,3,30,2259,0
4779.741803817415,21,UPI,iPhone,Delhi,8,37,1920,1
201.80585026108793,7,NetBanking,Desktop,Delhi,1,11,1110,0
2579.515444072381,0,NetBanking,Desktop,Hyderabad,5,45,1529,0
5237.038989957397,12,UPI,Desktop,Bangalore,1,34,3552,0
5987.809431288189,17,UPI,iPhone,Mumbai,8,38,763,1
5082.488064474814,17,NetBanking,iPhone,Hyderabad,4,39,2256,0
1932.4554756851976,12,UPI,Android,Delhi,8,24,986,0
490.9322412956544,21,Wallet,iPhone,Hyderabad,9,29,3367,0
2785.329115474062,13,Card,Desktop,Bangalore,4,4,772,0
689.1570501287273,10,Wallet,Android,Hyderabad,8,41,2960,1
14746.501440486425,6,Card,iPhone,Chennai,1,30,2673,0
3223.412642272689,17,Card,Desktop,Mumbai,6,14,3347,0
1908.1997803880995,20,NetBanking,Desktop,Delhi,7,24,3449,0
7268.672289333832,21,Card,Android,Delhi,2,38,785,0
3445.263796594251,3,Wallet,Desktop,Bangalore,0,34,3245,0
1855.5649638479458,16,NetBanking,iPhone,Bangalore,1,36,3202,0
8355.708739216108,18,UPI,Desktop,Bangalore,9,15,2648,0
10092.75399054457,13,Wallet,Android,Delhi,4,35,1782,0
5589.100408782959,9,NetBanking,Desktop,Chennai,8,29,2615,0
240.51521909374486,5,Card,Desktop,Mumbai,4,36,2907,0
4177.274926386392,17,Wallet,iPhone,Bangalore,0,4,2052,0
7204.701335588679,3,Card,iPhone,Delhi,0,15,496,0
733.8243481399348,10,NetBanking,iPhone,Chennai,1,11,2427,0
1298.1997778458233,12,NetBanking,iPhone,Bangalore,0,49,356,0
10706.376436355258,7,UPI,Desktop,Bangalore,7,15,468,0
101.63460502122277,9,UPI,iPhone,Mumbai,1,21,3468,0
6986.314234669494,22,Wallet,Desktop,Mumbai,7,35,438,1
3210.115781375869,10,UPI,iPhone,Hyderabad,4,23,828,0
2959.926764903539,2,Card,iPhone,Bangalore,0,10,3613,0
35.60916324120354,14,Card,iPhone,Hyderabad,3,4,701,0
8557.304213671698,7,UPI,Desktop,Delhi,1,45,3060,0
2230.0677364636376,19,UPI,iPhone,Mumbai,5,25,46,0
3890.9729602436223,17,UPI,Desktop,Chennai,4,2,609,0
5655.171533900455,20,Wallet,iPhone,Bangalore,8,38,49,1
6063.883499640904,0,Wallet,iPhone,Bangalore,2,19,2168,0
15615.562696167357,23,Card,Android,Hyderabad,4,24,3146,0
3789.3881017541125,7,Wallet,iPhone,Mumbai,9,8,3480,0
2551.7915896387653,2,Wallet,Desktop,Hyderabad,6,6,3567,0
15363.458234562006,0,NetBanking,Android,Bangalore,8,20,2321,0
5137.651295319738,19,Card,Desktop,Mumbai,2,14,1024,0
1770.1804031342938,15,Card,Desktop,Bangalore,3,40,3066,0
676.0310883985427,8,UPI,Android,Mumbai,0,6,3179,0
9243.379608256195,16,NetBanking,iPhone,Bangalore,1,12,1888,0
2248.508400170427,15,UPI,Android,Chennai,2,41,184,0
5400.960749969443,22,Wallet,Desktop,Hyderabad,9,7,2393,0
3182.099369955958,5,Card,iPhone,Mumbai,6,45,820,1
1109.0333504103953,22,Wallet,Android,Hyderabad,6,30,1607,0
4602.5808401009635,6,Wallet,Desktop,Mumbai,0,16,1556,0
313.01168483260517,23,NetBanking,iPhone,Mumbai,8,8,1693,0
2666.5701816883875,15,NetBanking,Desktop,Mumbai,2,14,1363,0
3955.0674587320027,7,Card,iPhone,Bangalore,2,48,459,0
2863.9215919847957,9,Card,iPhone,Delhi,1,20,2273,0
6904.985586633709,13,NetBanking,Android,Bangalore,2,28,690,0
8799.122932707445,10,NetBanking,iPhone,Delhi,5,6,2423,0
7375.476489171357,1,NetBanking,Desktop,Bangalore,9,30,2959,0
197.93122838214467,11,NetBanking,iPhone,Delhi,3,4,3597,0
1079.1565703028639,19,Card,Desktop,Mumbai,1,36,3128,0
3845.9043591383147,19,Card,iPhone,Mumbai,7,3,2043,0
13653.16955407868,12,Wallet,iPhone,Delhi,0,10,240,0
9007.739350042166,14,Wallet,Android,Delhi,9,38,3347,1
9242.74472684431,11,Wallet,iPhone,Hyderabad,7,27,838,0
1806.3430631997812,12,Card,iPhone,Mumbai,1,18,2972,0
2805.7539266454246,7,UPI,Desktop,Bangalore,8,45,3478,1
3181.0556818619966,15,Wallet,Desktop,Hyderabad,3,11,668,0
856.1460252366315,2,UPI,Desktop,Delhi,3,36,1138,0
157.80489706512145,12,UPI,iPhone,Bangalore,6,40,3617,1
14678.164780006482,11,UPI,Desktop,Chennai,2,35,2162,0
1376.8744912532657,18,NetBanking,Desktop,Chennai,9,44,1001,1
1371.8480800956784,1,Card,iPhone,Chennai,2,13,1965,0
435.30627536083705,0,Card,Desktop,Bangalore,3,23,1456,0
13190.831269770115,7,Wallet,Android,Delhi,9,43,1526,1
4334.374233494412,8,Wallet,Android,Bangalore,2,9,1395,0
5498.61738592762,7,Card,Desktop,Hyderabad,9,4,1599,0
12128.109436059853,20,NetBanking,Desktop,Hyderabad,7,43,1562,1
2120.3365730798814,16,Card,Desktop,Chennai,8,40,1111,1
4857.79261187979,8,UPI,iPhone,Delhi,4,31,1470,0
197.86103919171967,5,Card,Android,Hyderabad,2,3,605,0
1033.7220774773361,14,NetBanking,Android,Mumbai,6,36,200,1
8896.56045406102,22,Card,Desktop,Mumbai,2,17,1386,0
7278.6157023972855,23,Card,Desktop,Chennai,5,16,2535,0
2158.860806610639,12,Card,iPhone,Chennai,3,39,1923,0
2364.5241906199226,20,UPI,iPhone,Chennai,6,2,2765,0
3813.069752526385,21,Wallet,Android,Hyderabad,5,5,84,0
1.2051686571531688,11,NetBanking,iPhone,Delhi,6,33,1271,1
1380.3773588850981,12,UPI,Android,Chennai,3,13,1908,0
1167.4330882286579,6,Card,Desktop,Bangalore,5,12,3589,0
1441.631044313937,22,Card,Desktop,Chennai,9,19,2989,0
8197.059449480867,17,Wallet,Android,Hyderabad,6,22,2316,0
1640.255962581628,13,Wallet,Desktop,Delhi,9,40,465,1
1063.0048633456536,10,Wallet,iPhone,Chennai,7,8,3086,0
3508.5533216608424,13,UPI,Desktop,Mumbai,9,44,2869,1
10036.349995539973,16,NetBanking,Desktop,Chennai,8,4,2266,0
1381.0717531501155,23,Wallet,Android,Chennai,2,7,3038,0
408.9591643018043,20,Card,iPhone,Delhi,4,48,1258,0
2203.426111326139,1,NetBanking,iPhone,Bangalore,9,22,2093,0
6884.727482585707,18,Card,Desktop,Chennai,2,18,2208,0
4000.217093010911,15,Card,Desktop,Chennai,4,6,1182,0
8485.703175586346,21,NetBanking,iPhone,Hyderabad,1,4,780,0
16043.655733968035,9,UPI,iPhone,Delhi,2,41,3172,0
7867.036332608856,21,NetBanking,Android,Hyderabad,6,45,3155,1
4629.2195784056485,7,Wallet,Desktop,Chennai,7,12,556,0
3399.591230756449,20,NetBanking,Desktop,Chennai,4,48,3225,0
204.46981027983608,4,Wallet,iPhone,Mumbai,2,37,2730,0
20777.47735949415,6,Wallet,Android,Hyderabad,3,2,3093,0
2418.3316826514883,12,NetBanking,iPhone,Delhi,2,3,1274,0
825.7189979727689,15,NetBanking,Desktop,Chennai,2,45,1213,0
5493.69431433828,4,Wallet,Desktop,Mumbai,8,21,1346,0
1672.3891575178848,15,Card,Desktop,Mumbai,3,39,1893,0
4406.769355330026,14,NetBanking,Desktop,Bangalore,5,13,3605,0
4418.729386935727,8,UPI,Android,Delhi,2,48,794,0
2950.5151160749488,21,Wallet,Desktop,Mumbai,7,14,2720,0
9043.061891795907,22,Card,iPhone,Delhi,3,30,219,0
1539.1998328157274,11,NetBanking,Android,Chennai,7,18,3089,0
2976.7694458592746,7,NetBanking,Android,Bangalore,1,13,2564,0
3857.621107536396,12,Card,Desktop,Delhi,8,14,1063,0
5447.639199060925,4,UPI,Android,Bangalore,1,41,1825,0
7661.732790278647,13,Wallet,Desktop,Delhi,2,40,3068,0
2511.0416548875737,15,NetBanking,Android,Delhi,2,25,701,0
5192.954925421332,10,UPI,Android,Hyderabad,4,37,2190,0
816.1897812573554,19,Wallet,iPhone,Bangalore,2,27,2394,0
13489.120868695865,11,UPI,iPhone,Delhi,7,23,303,0
2414.9078493189877,14,Wallet,iPhone,Hyderabad,9,7,1154,0
6537.811889147675,23,Wallet,Android,Hyderabad,6,48,2516,1
102.75405317682844,11,UPI,iPhone,Bangalore,0,10,346,0
1148.242959594831,8,Wallet,iPhone,Chennai,5,25,2882,0
3338.2017593608566,0,NetBanking,iPhone,Bangalore,1,35,176,0
10529.02893036848,2,NetBanking,Android,Delhi,7,24,3520,0
3745.997325528037,11,UPI,Desktop,Chennai,9,49,2242,1
13287.057467988452,19,UPI,iPhone,Bangalore,7,42,2992,1
3306.274898357599,12,Wallet,Android,Bangalore,6,11,2385,0
3371.1276151945226,22,Wallet,Android,Bangalore,7,20,1203,0
637.7283627944627,5,UPI,Desktop,Bangalore,0,10,1776,0
8114.040586824077,9,Card,iPhone,Chennai,7,21,2692,0
1418.220596292309,9,UPI,Android,Delhi,0,28,81,0
11493.58737800473,15,Card,Android,Hyderabad,2,28,2209,0
12085.729023171723,0,Card,Android,Bangalore,3,27,407,0
14350.797120424904,15,UPI,Desktop,Hyderabad,2,33,1205,0
3672.2473801883916,3,UPI,iPhone,Hyderabad,1,4,1293,0
5651.966766440407,5,UPI,Android,Hyderabad,2,35,1594,0
7537.021926738403,18,Card,Android,Bangalore,8,20,3561,0
702.144881204135,1,NetBanking,Android,Bangalore,1,6,494,0
4593.432935692051,17,NetBanking,Android,Bangalore,4,6,2239,0
174.49939386423966,9,UPI,iPhone,Bangalore,2,17,1345,0
3441.455784641493,3,UPI,iPhone,Mumbai,8,19,1384,0
841.1624667806249,0,Wallet,Android,Delhi,6,49,554,1
1010.1092535198279,14,Wallet,Android,Mumbai,9,17,1119,0
2271.0259553626415,9,Wallet,Android,Chennai,2,49,2404,0
2832.0190815661945,17,UPI,Desktop,Mumbai,1,3,1625,0
4879.837778283534,15,NetBanking,Desktop,Mumbai,1,46,2418,0
386.71903147481555,12,NetBanking,Desktop,Mumbai,4,34,2793,0
3502.790480793469,14,UPI,Android,Delhi,8,4,2344,0
1008.2872622804327,1,UPI,Desktop,Hyderabad,1,23,3174,0
4266.288299186439,19,Card,iPhone,Chennai,1,18,2069,0
5072.338503562277,3,Card,Desktop,Chennai,7,34,3155,1
4067.6470923083452,0,NetBanking,Android,Delhi,2,29,3024,0
6702.696571854117,6,Wallet,iPhone,Mumbai,2,44,673,0
2044.424075038079,22,NetBanking,Android,Hyderabad,5,15,2415,0
7243.11724577362,10,Card,iPhone,Bangalore,5,45,2758,0
2834.926344838265,9,NetBanking,Desktop,Delhi,5,11,2602,0
3310.030661636592,0,Card,Desktop,Hyderabad,4,39,549,0
5222.071398727679,10,Card,iPhone,Delhi,3,9,1736,0
92.64495197656997,23,Wallet,iPhone,Delhi,8,47,1409,1
5306.499014831632,9,Wallet,Android,Bangalore,3,35,3405,0
4819.338243201274,13,Card,iPhone,Hyderabad,0,10,1690,0
1854.2106800551967,13,UPI,Android,Mumbai,7,40,2087,1
448.49830813387047,6,Wallet,iPhone,Hyderabad,7,38,2095,1
476.6958756451524,22,Card,iPhone,Hyderabad,2,29,1336,0
12834.299460896147,10,UPI,Desktop,Mumbai,8,46,1134,1
5844.304546806069,21,UPI,Desktop,Bangalore,6,6,186,0
679.6863579916186,3,NetBanking,Android,Hyderabad,6,19,924,0
2205.900587748601,23,NetBanking,Android,Mumbai,4,26,3257,0
4488.363072075941,1,Wallet,Android,Delhi,2,9,2007,0
9026.40350507553,6,UPI,iPhone,Delhi,9,41,2375,1
223.21375867669724,18,Wallet,iPhone,Mumbai,4,48,1752,0
1350.0826974746392,13,Card,Android,Delhi,2,45,2158,0
11024.978031892852,18,Wallet,iPhone,Hyderabad,2,13,3272,0
46.03906136992443,6,UPI,Desktop,Mumbai,0,26,2221,0
1124.4698043996373,11,NetBanking,iPhone,Hyderabad,3,44,1345,0
15973.865220358124,2,Wallet,Desktop,Chennai,8,20,2564,0
4751.847442655943,14,NetBanking,Android,Bangalore,5,2,1981,0
1516.8312542013223,4,Wallet,iPhone,Bangalore,5,4,61,0
346.70266526319386,7,Card,Android,Bangalore,5,7,1195,0
142.98173105807197,13,UPI,Desktop,Mumbai,4,19,3219,0
1403.4997192832,3,Wallet,Android,Chennai,1,35,3414,0
10663.613298249893,6,Card,Desktop,Bangalore,4,11,1892,0
2688.532274263409,6,Card,Desktop,Hyderabad,9,19,1153,0
6370.784946546823,17,Card,Android,Bangalore,2,32,2707,0
12522.590642024681,13,NetBanking,Desktop,Chennai,9,14,1075,0
2621.5849686798488,7,NetBanking,Android,Hyderabad,1,49,1600,0
1061.4963868587824,11,Card,Android,Hyderabad,3,5,3647,0
3639.9140920355544,9,Card,Android,Mumbai,9,25,3357,0
11934.383789316722,13,Wallet,Desktop,Mumbai,8,14,1939,0
8157.763614344741,8,Wallet,Desktop,Delhi,6,39,3627,1
340.4833839639383,5,UPI,iPhone,Chennai,9,12,1606,0
5897.584839923133,4,Wallet,Android,Hyderabad,8,49,2009,1
4241.963392764252,0,UPI,Android,Chennai,2,20,3328,0
11900.743100649075,0,UPI,Android,Bangalore,1,18,1047,0
653.2857324388752,19,UPI,Android,Bangalore,8,1,769,0
3818.235720034023,16,NetBanking,Android,Delhi,5,43,1085,0
10578.979882775675,10,Wallet,Android,Hyderabad,9,4,207,0
2638.3652970326652,11,Card,Android,Hyderabad,3,12,793,0
3288.851127221367,2,UPI,iPhone,Delhi,3,26,3204,0
365.33083946197064,5,Card,iPhone,Bangalore,9,32,877,1
1629.6455393613433,10,UPI,Android,Hyderabad,9,37,1900,1
1961.5598247981852,12,Wallet,Android,Chennai,5,15,1025,0
14513.254582735075,10,UPI,iPhone,Hyderabad,6,35,2600,1
1661.0780683309717,7,Wallet,iPhone,Bangalore,9,26,2041,0
3088.9810195007476,9,Card,Android,Hyderabad,4,15,2325,0
5563.116280790813,1,Wallet,Android,Hyderabad,7,8,759,0
884.7801196704153,23,Card,iPhone,Mumbai,9,28,1963,0
3331.965297469868,13,Wallet,iPhone,Hyderabad,0,30,1162,0
6707.351485804724,15,UPI,Android,Delhi,0,43,2370,0
10081.590595124973,16,UPI,iPhone,Delhi,3,44,3601,0
4920.964848677237,10,Wallet,Android,Chennai,7,3,1660,0
5528.992971855141,1,Card,Desktop,Hyderabad,7,6,2957,0
674.9964763879689,23,Card,Android,Chennai,5,31,1627,0
14573.204171928597,22,Card,Android,Bangalore,4,26,2294,0
711.1258136008386,4,Wallet,Android,Bangalore,9,8,1001,0
7451.011598621776,15,Wallet,iPhone,Mumbai,9,39,1520,1
1538.1745432363305,15,Wallet,Android,Mumbai,1,29,476,0
13559.774851595836,1,Wallet,Android,Hyderabad,4,17,3185,0
6364.1059200023665,15,Card,iPhone,Hyderabad,4,16,126,0
7008.333826570771,4,Card,Desktop,Chennai,1,49,2314,0
1236.279488872579,7,NetBanking,Desktop,Chennai,7,45,3313,1
2926.3090648417497,19,Wallet,iPhone,Hyderabad,9,4,1972,0
4809.228852534038,13,NetBanking,Android,Hyderabad,4,10,2186,0
7347.806365936591,9,Wallet,Desktop,Mumbai,4,16,3318,0
548.847638257558,22,NetBanking,Desktop,Mumbai,0,19,1262,0
16399.146095238782,1,Card,iPhone,Mumbai,0,39,1327,0
11046.415120229458,2,Card,Desktop,Hyderabad,0,13,2569,0
1575.94190058049,17,NetBanking,Desktop,Chennai,7,4,1070,0
8651.259519282752,20,UPI,iPhone,Delhi,9,32,1397,1
3652.417151765074,1,Wallet,Desktop,Delhi,1,18,3196,0
3097.685418989651,20,NetBanking,Android,Chennai,7,16,3140,0
1887.5532943427932,8,NetBanking,iPhone,Chennai,5,25,2925,0
4349.046948153205,1,UPI,Android,Chennai,4,16,3510,0
6544.613645579351,6,Card,Android,Mumbai,5,22,2550,0
2646.075941712026,6,NetBanking,iPhone,Bangalore,3,24,1348,0
4960.721038548121,13,Card,Desktop,Hyderabad,2,28,644,0
6008.425800823276,4,Wallet,iPhone,Mumbai,3,23,3433,0
6208.750959472737,7,UPI,Desktop,Delhi,8,21,1409,0
266.82507950770724,22,Card,Android,Hyderabad,7,9,749,0
9821.565444812257,21,NetBanking,Desktop,Chennai,7,2,3643,0
3064.7837860465143,17,UPI,Android,Delhi,0,38,905,0
1521.8770485545774,5,UPI,Android,Chennai,4,28,1817,0
1383.8063272071474,13,UPI,Android,Chennai,5,26,1618,0
3298.698512083986,17,UPI,iPhone,Chennai,8,27,455,0
10894.38884625498,16,UPI,Desktop,Hyderabad,9,25,1774,0
2376.8707771586996,8,Wallet,Desktop,Delhi,9,21,3482,0
6925.989747664887,12,Wallet,Desktop,Delhi,5,38,824,0
509.1600241648196,15,UPI,Android,Chennai,0,25,1073,0
3231.8590536409606,20,NetBanking,iPhone,Mumbai,0,38,3649,0
23949.156622993836,9,NetBanking,Desktop,Bangalore,6,46,2749,1
7357.906372002525,9,Wallet,Desktop,Mumbai,2,11,521,0
1181.9576504639685,3,Card,iPhone,Hyderabad,6,28,394,0
3480.1714582650793,11,UPI,Desktop,Bangalore,4,49,2928,0
1330.416822487637,7,NetBanking,iPhone,Mumbai,0,36,2443,0
2634.444138873776,14,Wallet,iPhone,Delhi,7,4,96,0
7572.548658250667,20,Wallet,Desktop,Mumbai,8,19,85,0
7375.077418978073,22,Card,iPhone,Chennai,5,24,1060,0
1294.5038030036333,18,Card,iPhone,Hyderabad,1,22,3000,0
12769.568059683561,14,NetBanking,Desktop,Mumbai,8,48,416,1
4489.408399845018,7,Card,Android,Mumbai,1,25,595,0
2389.5684852319728,7,Card,Desktop,Bangalore,5,8,1992,0
3485.1292723075326,18,UPI,Desktop,Chennai,9,20,2723,0
4645.249594014763,8,Wallet,Android,Bangalore,3,1,726,0
4103.658958768324,23,Wallet,iPhone,Hyderabad,5,4,1924,0
3331.601655236597,16,Card,Desktop,Hyderabad,3,12,221,0
3515.3088815610395,7,Wallet,Android,Chennai,2,25,1343,0
970.4238267797637,11,Wallet,Android,Bangalore,7,21,479,0
8376.096809894398,14,NetBanking,Desktop,Chennai,4,19,2440,0
3901.8145642272857,3,Wallet,Desktop,Bangalore,0,34,3191,0
702.5202931786678,5,Card,Android,Delhi,7,6,3141,0
7265.528816912251,15,NetBanking,Desktop,Chennai,2,35,2493,0
13473.990376782547,4,Wallet,Android,Hyderabad,3,3,3166,0
14716.353736586758,22,Wallet,Desktop,Bangalore,8,33,319,1
2302.387594568615,12,NetBanking,Android,Delhi,2,9,1341,0
728.1174616908806,14,NetBanking,Desktop,Hyderabad,4,7,293,0
3653.203048621286,16,Wallet,Desktop,Bangalore,7,41,2814,1
597.3492026501041,21,UPI,Desktop,Delhi,5,27,516,0
13589.549632631626,19,UPI,iPhone,Hyderabad,2,1,1080,0
1014.1294705686755,21,Wallet,Desktop,Hyderabad,7,40,3627,1
1456.883512338864,4,Wallet,Android,Delhi,4,18,3349,0
2609.7406413468902,18,NetBanking,Android,Hyderabad,5,35,570,0
2415.764261473941,6,NetBanking,iPhone,Bangalore,2,17,762,0
7915.511115532734,2,Wallet,iPhone,Bangalore,7,39,144,1
3046.9429625011176,12,Wallet,iPhone,Hyderabad,3,11,309,0
936.2781064946929,13,Wallet,Desktop,Mumbai,8,37,18,1
1554.4798468944298,15,Wallet,Desktop,Delhi,4,45,2873,0
3557.7105245876955,12,UPI,Android,Mumbai,0,11,1375,0
797.6400774015361,1,NetBanking,Android,Bangalore,8,3,1190,0
4729.314494967476,13,Card,Desktop,Hyderabad,7,13,2939,0
4170.643356748471,19,Wallet,Android,Chennai,4,28,1568,0
6271.110699531276,6,Wallet,Desktop,Chennai,2,38,1136,0
13879.339695344692,4,Wallet,iPhone,Mumbai,8,47,2273,1
12166.57698173916,13,Card,Desktop,Mumbai,6,34,852,1
14600.862742053214,8,NetBanking,Desktop,Mumbai,7,28,1840,0
1403.304539900747,9,NetBanking,Desktop,Bangalore,2,2,3146,0
705.3144543853471,6,Wallet,Android,Bangalore,5,46,154,0
1799.6633693196038,13,Wallet,Desktop,Hyderabad,3,2,110,0
11273.032136016856,13,NetBanking,Desktop,Bangalore,2,37,338,0
17887.31201398587,1,Card,Desktop,Hyderabad,3,16,1965,0
9806.513329216212,16,Wallet,iPhone,Hyderabad,1,8,507,0
582.7686391672407,19,Card,Desktop,Mumbai,4,40,2221,0
14727.857917283345,3,Card,Desktop,Chennai,7,11,3066,0
2752.6685153544627,12,NetBanking,Desktop,Mumbai,4,45,1807,0
46.76951210974146,17,Wallet,Android,Bangalore,1,15,3218,0
2920.510971274205,2,UPI,iPhone,Delhi,6,4,799,0
235.82057531683668,18,NetBanking,iPhone,Bangalore,7,23,2447,0
3924.9739427277536,4,NetBanking,Desktop,Chennai,3,8,2150,0
2066.634864463626,0,UPI,Desktop,Bangalore,2,16,989,0
3206.901860632801,8,Wallet,Android,Chennai,7,16,2026,0
4748.854457555839,23,Card,Desktop,Delhi,9,24,3599,0
10155.203773885001,7,Card,Android,Delhi,1,10,1273,0
5422.091160088954,2,Card,Desktop,Hyderabad,6,34,3649,1
2846.237722869647,1,Wallet,Android,Bangalore,9,18,485,0
8558.12439205886,0,NetBanking,iPhone,Hyderabad,7,16,3433,0
11800.125015535234,11,NetBanking,Desktop,Mumbai,4,36,2043,0
637.8032164282525,21,NetBanking,Android,Mumbai,6,8,2007,0
3795.718914804157,12,NetBanking,Android,Mumbai,8,20,174,0
1673.9519767443705,9,NetBanking,Desktop,Mumbai,7,23,1867,0
241.0229671012376,16,UPI,Android,Mumbai,4,40,1382,0
5521.341696751428,10,Card,Desktop,Bangalore,3,14,2960,0
9930.512970451453,4,Card,Desktop,Hyderabad,2,16,1463,0
889.074561804636,8,Wallet,Android,Hyderabad,5,38,1054,0
8367.580234466766,12,UPI,Android,Chennai,3,18,3549,0
9600.09193601844,19,NetBanking,Android,Mumbai,3,40,2601,0
12286.872372617294,22,NetBanking,iPhone,Delhi,6,30,67,0
1541.3636566016353,10,NetBanking,Desktop,Chennai,9,36,488,1
11714.59151358534,22,UPI,Desktop,Chennai,4,36,785,0
1933.1879770000196,3,Wallet,iPhone,Bangalore,0,39,1562,0
4018.5841283077984,20,UPI,iPhone,Chennai,4,40,1142,0
259.13808467938367,10,Wallet,Android,Delhi,5,41,2889,0
224.36494557164627,8,Card,Desktop,Hyderabad,0,1,721,0
6371.497337663681,6,Wallet,iPhone,Chennai,2,17,1381,0
2939.2531365384693,15,Card,iPhone,Bangalore,5,28,248,0
1480.5364951589688,22,Wallet,Desktop,Mumbai,6,7,1984,0
1056.1582528956233,22,Card,Desktop,Delhi,6,20,3167,0
5542.608488310096,4,Card,Desktop,Mumbai,6,42,3386,1
2.0081233286492477,5,NetBanking,Android,Chennai,8,24,1631,0
8196.681468449358,18,Wallet,iPhone,Hyderabad,1,1,2507,0
412.8314794306878,0,NetBanking,Android,Bangalore,2,18,3174,0
1062.808775797769,15,Card,Desktop,Delhi,6,26,726,0
2440.727168001427,17,NetBanking,Desktop,Hyderabad,5,14,3054,0
3316.5706205806596,23,UPI,iPhone,Delhi,0,19,3203,0
2192.486949167747,12,NetBanking,Android,Bangalore,9,18,2424,0
1933.5516553142256,0,Wallet,Android,Bangalore,6,45,894,1
16609.530298867234,9,NetBanking,Android,Chennai,1,7,2929,0
5130.244532645336,6,UPI,Desktop,Delhi,3,2,3484,0
118.55936462175008,4,NetBanking,iPhone,Chennai,6,7,2528,0
2812.137885448113,12,Card,Android,Delhi,3,28,2692,0
10397.555710268238,21,Card,Desktop,Delhi,5,28,2984,0
1793.7868849955366,15,Card,Desktop,Mumbai,8,42,2150,1
496.6511431773256,23,Wallet,Android,Chennai,4,17,1995,0
7102.04391704597,19,NetBanking,iPhone,Delhi,2,30,57,0
4657.197383686015,21,Card,iPhone,Delhi,5,21,3265,0
4223.485484507777,13,NetBanking,Android,Bangalore,3,37,431,0
275.3259933485091,10,UPI,Desktop,Mumbai,8,9,2815,0
757.0165104476356,18,UPI,Desktop,Bangalore,1,36,2512,0
4871.577848752243,22,Wallet,Android,Chennai,9,22,162,0
1164.857447497231,1,NetBanking,Desktop,Chennai,4,15,1965,0
3506.6032602746373,7,UPI,Desktop,Delhi,8,14,2080,0
3935.989315643405,12,Wallet,Android,Hyderabad,9,27,1196,0
1666.935335171212,6,Wallet,Desktop,Bangalore,6,18,1006,0
14823.606179302722,11,Card,Android,Chennai,4,10,2145,0
9240.5097678634,7,UPI,Android,Delhi,7,48,139,1
6407.393106517775,15,NetBanking,Android,Delhi,1,22,2340,0
406.0170148164949,17,UPI,Desktop,Bangalore,3,23,141,0
560.9747492704402,18,UPI,Android,Delhi,5,42,1337,0
3394.065489390087,3,NetBanking,Desktop,Mumbai,6,41,3028,1
876.0148658408212,11,NetBanking,Android,Hyderabad,7,48,1689,1
19144.263705883088,15,Card,iPhone,Bangalore,3,5,198,0
862.966554151978,20,Wallet,Desktop,Bangalore,8,25,1445,0
3341.9590493430496,21,NetBanking,Desktop,Bangalore,6,1,1882,0
2263.7353735245747,16,NetBanking,Desktop,Delhi,1,24,2180,0
5099.741567489234,3,UPI,iPhone,Delhi,8,33,2413,1
690.7755212705288,19,NetBanking,Android,Bangalore,6,37,538,1
2813.3710460778257,23,NetBanking,iPhone,Bangalore,4,7,3538,0
1605.8842778425978,23,UPI,Android,Mumbai,2,24,1293,0
10935.201676366474,21,UPI,Android,Chennai,8,15,2120,0
207.16148762113357,23,UPI,Android,Mumbai,6,11,303,0
12251.221590268986,8,Card,Android,Bangalore,2,44,2429,0
8948.63184348146,4,Wallet,Android,Delhi,4,17,3489,0
1766.0527340694248,16,NetBanking,iPhone,Delhi,2,49,2027,0
7786.378027318164,16,UPI,Desktop,Bangalore,2,23,3280,0
158.55541943907826,1,UPI,iPhone,Chennai,6,49,1194,1
17035.908805984924,1,Wallet,Desktop,Hyderabad,8,4,2944,0
3739.0194939726503,20,Card,Desktop,Hyderabad,4,31,2335,0
1806.865716536037,22,NetBanking,Desktop,Mumbai,3,34,168,0
2251.6577001477904,6,Card,iPhone,Chennai,3,10,215,0
343.5646611920901,3,Card,Android,Hyderabad,2,37,1140,0
22710.74879006119,12,Card,Android,Chennai,7,10,144,1
200.42354623577907,19,UPI,Desktop,Delhi,9,42,3384,1
5319.708449568728,10,Wallet,Android,Delhi,0,11,2378,0
2923.580269643063,2,Wallet,Android,Chennai,2,31,3620,0
14871.441067662328,1,Wallet,iPhone,Bangalore,1,10,3295,0
1411.8128327677211,15,Card,Android,Hyderabad,6,43,2284,1
3797.3626075537513,2,NetBanking,Android,Hyderabad,5,38,1888,0
3292.3396731341995,23,Card,iPhone,Delhi,0,42,469,0
6067.867789618473,14,Wallet,Android,Mumbai,2,8,2896,0
352.1672142326575,16,UPI,Desktop,Hyderabad,3,11,2744,0
1077.0497270611856,15,Card,iPhone,Delhi,9,20,2013,0
1207.5867274857758,19,UPI,Android,Delhi,6,24,3314,0
6699.9317049318115,6,Wallet,Android,Chennai,2,7,1328,0
1048.291291953466,15,Card,iPhone,Chennai,3,21,1517,0
4260.618006565019,4,UPI,Desktop,Chennai,6,44,1744,1
1211.911044049869,1,Card,iPhone,Mumbai,3,6,2618,0
9888.937636116723,0,Wallet,Desktop,Hyderabad,8,31,2831,1
14252.574412672837,21,NetBanking,iPhone,Mumbai,5,12,968,0
3654.1722895348157,12,Wallet,Android,Mumbai,1,37,1935,0
2171.7068471847106,15,NetBanking,iPhone,Chennai,0,13,2197,0
1333.2426819546542,4,NetBanking,iPhone,Delhi,7,49,2624,1
255.31398120851898,2,Wallet,Desktop,Bangalore,2,31,2517,0
1563.2908134402712,14,UPI,iPhone,Delhi,6,9,135,0
5309.9909057110335,15,Card,Desktop,Delhi,3,27,820,0
3813.7397336287095,10,Card,iPhone,Delhi,2,17,19,0
14415.704861035736,18,Card,Android,Delhi,8,8,893,0
2523.201151503205,17,NetBanking,iPhone,Mumbai,5,27,2646,0
5918.618415124921,20,NetBanking,Android,Chennai,5,40,2734,0
3360.087440386014,8,Wallet,Desktop,Chennai,5,15,2598,0
3593.1067056201,7,UPI,Desktop,Delhi,2,39,141,0
1558.3324957863817,21,Wallet,Desktop,Bangalore,5,6,2010,0
3034.395853380957,18,Wallet,Desktop,Hyderabad,3,32,1324,0
3181.802484135376,21,UPI,iPhone,Delhi,1,48,406,0
6131.81675672958,4,NetBanking,iPhone,Delhi,2,8,500,0
14120.673332059961,16,Wallet,iPhone,Bangalore,3,35,35,0
1997.325303357313,4,Wallet,Android,Mumbai,0,31,1763,0
215.58390150205693,13,NetBanking,iPhone,Delhi,6,42,3439,1
3428.8237444564706,6,Card,Android,Bangalore,4,26,656,0
3931.373374422168,8,UPI,Android,Mumbai,8,42,1453,1
922.2624348605665,16,UPI,iPhone,Mumbai,5,24,656,0
7145.270456607442,2,Card,Android,Delhi,7,2,2406,0
20974.950534725762,7,UPI,Desktop,Mumbai,8,41,24,1
14573.040017219611,21,Card,iPhone,Delhi,5,1,3030,0
1097.6631354238164,12,Wallet,iPhone,Delhi,6,10,434,0
10411.758456332773,15,UPI,Android,Chennai,5,23,2263,0
6095.3245369101005,20,UPI,iPhone,Hyderabad,5,33,364,0
3024.27662023461,9,Wallet,iPhone,Hyderabad,1,44,2515,0
3889.289604674973,17,NetBanking,Android,Chennai,4,37,825,0
9472.290154571345,2,NetBanking,iPhone,Delhi,5,11,2284,0
3270.9300019349917,11,Wallet,iPhone,Bangalore,9,20,1147,0
2335.6976263913166,15,UPI,iPhone,Mumbai,4,26,568,0
3398.6627325045733,17,UPI,Android,Chennai,3,46,598,0
4327.154079823671,16,UPI,iPhone,Chennai,5,47,2513,0
1047.9149005129432,6,Card,iPhone,Chennai,5,2,3150,0
11558.51922700519,18,NetBanking,iPhone,Chennai,7,25,604,0
5607.15762387781,22,UPI,Desktop,Hyderabad,7,4,1357,0
5015.632221525201,22,NetBanking,iPhone,Delhi,9,19,1272,0
524.0046178525403,7,NetBanking,Android,Chennai,0,13,1361,0
4633.9020101520755,16,UPI,Desktop,Chennai,1,19,2121,0
644.6281472055322,20,Wallet,Android,Chennai,0,13,2878,0
409.8351973728986,6,Wallet,iPhone,Bangalore,9,12,744,0
3746.5869562634357,0,NetBanking,iPhone,Bangalore,6,2,3598,0
2577.394953237353,7,Card,iPhone,Mumbai,7,37,1730,1
4443.502706069714,18,NetBanking,Desktop,Delhi,2,23,234,0
467.2814209709877,19,NetBanking,iPhone,Chennai,2,19,1212,0
2819.225393868956,19,Wallet,Android,Mumbai,6,3,1301,0
960.5669942093419,9,UPI,Desktop,Mumbai,7,24,2467,0
21752.673142104624,11,UPI,Android,Delhi,5,23,3614,0
4117.990470082657,23,Card,Android,Bangalore,7,4,2001,0
5814.743926123981,0,Wallet,Android,Delhi,1,18,423,0
1968.3122763645626,23,Wallet,Android,Mumbai,6,12,2073,0
497.6594246574393,20,NetBanking,Android,Delhi,4,35,1452,0
18621.6757781105,3,Wallet,iPhone,Bangalore,5,27,1211,0
1686.175885613864,3,NetBanking,Android,Mumbai,6,43,1767,1
2756.5733093547587,8,Card,Android,Delhi,8,14,2403,0
5247.167024622109,14,Wallet,iPhone,Chennai,6,31,3206,1
125.03696128278355,23,Wallet,Desktop,Chennai,0,3,3203,0
8310.479912661584,14,NetBanking,iPhone,Delhi,4,5,2160,0
3845.588014913356,6,Wallet,Desktop,Delhi,3,29,1903,0
1630.1549922868167,11,UPI,Android,Bangalore,7,39,641,1
317.9374557764026,2,Card,iPhone,Mumbai,6,17,1442,0
886.6606165694458,19,UPI,Desktop,Delhi,3,19,577,0
11270.587230492732,8,NetBanking,Desktop,Mumbai,2,35,26,0
5792.197211712292,13,NetBanking,iPhone,Chennai,5,33,530,0
1437.755216095028,12,NetBanking,iPhone,Mumbai,7,8,932,0
339.25742778435813,23,Card,iPhone,Hyderabad,2,37,1790,0
5865.849163258492,11,Wallet,iPhone,Bangalore,4,35,940,0
4247.925841036066,0,UPI,iPhone,Bangalore,9,20,1576,0
2591.9333869398974,18,Wallet,Android,Mumbai,0,17,3102,0
2259.7298661834575,15,NetBanking,Android,Bangalore,9,45,2638,1
1221.9270781244993,11,Wallet,iPhone,Mumbai,9,13,1866,0
5537.426536695847,9,Card,iPhone,Mumbai,7,4,2809,0
17645.385781562083,1,NetBanking,Android,Chennai,6,30,1311,0
966.1961666467987,17,Wallet,Desktop,Mumbai,7,6,1466,0
4545.540693024558,12,UPI,Android,Bangalore,1,2,3511,0
2759.844736218151,23,NetBanking,iPhone,Hyderabad,6,15,2212,0
2959.1727283436376,5,NetBanking,Desktop,Delhi,3,34,335,0
1466.135623571668,11,Card,iPhone,Bangalore,1,20,2462,0
8718.701601398676,21,Card,Desktop,Hyderabad,8,16,1584,0
3320.4241012890916,3,UPI,iPhone,Bangalore,4,43,590,0
3919.801809361775,0,Wallet,Android,Hyderabad,6,49,2671,1
1817.4974110589153,10,Wallet,iPhone,Bangalore,3,29,1367,0
1003.294101183558,22,NetBanking,Android,Delhi,9,27,2331,0
449.1333439608453,7,NetBanking,Desktop,Chennai,3,1,2412,0
6260.900658074956,1,Wallet,Android,Chennai,2,13,2302,0
1092.2372370056546,1,Wallet,Desktop,Delhi,0,40,1471,0
5857.130445397886,15,Wallet,iPhone,Bangalore,1,32,3470,0
2474.568184908619,0,NetBanking,Android,Hyderabad,8,3,922,0
2687.3437787020994,3,Card,Desktop,Mumbai,0,14,171,0
3166.637906073686,5,Card,Desktop,Bangalore,4,28,203,0
2292.0238492397984,20,UPI,Desktop,Delhi,1,46,2534,0
530.2480830700874,19,Wallet,Desktop,Chennai,3,26,1665,0
1852.65107508898,13,Wallet,iPhone,Chennai,6,21,280,0
5449.269191001469,19,Wallet,iPhone,Bangalore,4,46,404,0
5479.84494834845,14,UPI,iPhone,Hyderabad,0,11,3528,0
1685.932608990672,6,Wallet,Desktop,Delhi,2,27,1032,0
3081.8810333317733,6,Card,iPhone,Delhi,9,44,798,1
1074.9297510917195,17,Wallet,Desktop,Hyderabad,8,1,1406,0
1180.9671687481605,22,UPI,Desktop,Hyderabad,0,33,2066,0
116.58412518501277,1,NetBanking,Desktop,Bangalore,9,46,3574,1
11352.843163810816,19,NetBanking,Android,Bangalore,3,18,1869,0
1183.0862329469546,14,Card,iPhone,Chennai,4,2,1146,0
1290.835624056351,0,Card,iPhone,Chennai,9,4,3566,0
1639.7532718119826,20,Card,Android,Hyderabad,2,4,1150,0
681.4363425103629,16,NetBanking,Android,Mumbai,2,17,1903,0
5098.028970901515,19,Wallet,Android,Mumbai,0,48,1764,0
390.5804869431593,12,UPI,Android,Mumbai,5,16,595,0
720.520731939603,11,UPI,Desktop,Delhi,3,9,1421,0
5174.762234954642,23,Wallet,iPhone,Bangalore,7,26,489,0
2075.0068236564307,21,NetBanking,iPhone,Hyderabad,5,10,2480,0
6154.114084967971,14,NetBanking,iPhone,Chennai,2,7,2236,0
4075.72380226058,23,UPI,Desktop,Mumbai,6,9,1178,0
1478.7135148500288,4,Card,iPhone,Chennai,2,48,124,0
5260.952498565512,6,Card,Android,Bangalore,8,27,1929,0
618.0392868491115,7,UPI,iPhone,Hyderabad,7,32,3381,1
3843.777822012223,22,UPI,iPhone,Mumbai,2,49,607,0
2873.693747365042,13,Wallet,Desktop,Mumbai,1,23,122,0
1559.0103943143422,3,Wallet,Android,Hyderabad,2,27,2922,0
4631.768441807948,20,Wallet,Android,Chennai,3,25,1095,0
10252.661055974095,13,Wallet,Android,Bangalore,2,29,905,0
34083.63382162784,9,Wallet,iPhone,Bangalore,8,24,2152,1
4679.442202316699,21,Wallet,Android,Bangalore,9,16,2714,0
2593.4983335911497,15,Card,Android,Chennai,1,16,3443,0
1275.79755712732,10,UPI,iPhone,Chennai,7,28,673,0
1485.9428443305537,21,NetBanking,Desktop,Mumbai,6,20,1185,0
3264.394486785307,13,Wallet,iPhone,Chennai,0,19,889,0
2288.6182985122678,13,Card,Desktop,Delhi,5,10,1716,0
12256.267957167902,1,UPI,Desktop,Hyderabad,5,26,1704,0
2296.6675313330256,21,UPI,Android,Chennai,8,2,3460,0
2337.5903332502094,12,UPI,Android,Bangalore,9,3,3484,0
2418.764695919813,2,Wallet,iPhone,Chennai,7,39,1078,1
9058.388953333057,17,Wallet,Desktop,Mumbai,6,2,2500,0
5260.385050601845,21,NetBanking,iPhone,Hyderabad,6,25,2799,0
4761.777206398385,3,Wallet,Android,Hyderabad,4,45,1890,0
2033.4018991379419,20,UPI,Desktop,Bangalore,1,4,561,0
8516.111147688294,20,UPI,Android,Hyderabad,9,15,1896,0
195.59567061267455,18,Card,Android,Delhi,4,18,2928,0
10231.85900972606,15,Card,Android,Hyderabad,0,7,2694,0
3594.8886746905478,3,NetBanking,Desktop,Bangalore,9,27,2849,0
2539.567963098382,18,Card,Desktop,Hyderabad,5,18,1157,0
3437.4886511694162,22,NetBanking,Android,Chennai,1,7,979,0
5504.307038212704,14,Card,Desktop,Mumbai,0,29,146,0
64.23802341811205,0,UPI,Android,Chennai,0,41,1155,0
10261.150041501145,15,Wallet,Android,Delhi,0,44,3426,0
2959.631836093573,14,Wallet,Android,Delhi,3,33,2562,0
2100.1015121764954,15,NetBanking,Desktop,Mumbai,4,2,1089,0
743.9246391498682,21,Wallet,iPhone,Mumbai,4,18,1827,0
2894.3213101633582,19,Wallet,iPhone,Mumbai,0,46,3507,0
3429.098176408933,0,Card,Desktop,Mumbai,5,23,836,0
2584.609965379974,16,UPI,Desktop,Hyderabad,2,6,3107,0
5676.279091766756,4,Wallet,Android,Chennai,3,43,328,0
2731.370552845641,4,UPI,Android,Delhi,4,25,2476,0
16274.792454283363,6,Card,iPhone,Hyderabad,3,19,2845,0
4572.430778303321,12,Card,Android,Mumbai,3,8,2382,0
8237.72255916292,11,Wallet,iPhone,Bangalore,9,37,1322,1
579.0518681615515,3,Wallet,iPhone,Bangalore,0,26,3185,0
2531.606359255136,3,Card,Desktop,Chennai,1,29,3166,0
2053.753019673825,22,Card,Desktop,Delhi,1,28,626,0
4213.835228496669,20,NetBanking,Desktop,Delhi,1,7,3591,0
9870.491853073454,20,NetBanking,iPhone,Chennai,9,36,2445,1
407.8847663440092,5,UPI,Desktop,Mumbai,0,15,534,0
376.7156627232697,23,Card,iPhone,Mumbai,9,33,57,1
9496.201427597034,14,UPI,Desktop,Delhi,7,5,3245,0
1196.6828041257072,20,Card,iPhone,Delhi,0,29,694,0
5524.458632420615,18,UPI,Android,Delhi,7,17,3074,0
3914.026274214992,5,NetBanking,Android,Mumbai,0,45,2504,0
8945.62256549711,11,Card,iPhone,Bangalore,9,27,2873,0
668.165045144493,13,Card,iPhone,Chennai,2,17,3541,0
695.0631687899746,17,UPI,Android,Chennai,8,4,118,0
4068.877855139496,11,UPI,iPhone,Hyderabad,7,49,1620,1
14629.040159748974,23,Wallet,iPhone,Hyderabad,1,12,2604,0
2680.6979995637876,23,Wallet,Android,Bangalore,3,23,565,0
1979.6196036348663,14,NetBanking,iPhone,Delhi,7,11,496,0
4665.777266000575,18,Card,Desktop,Bangalore,8,36,1886,1
13328.446196241752,7,Card,Android,Hyderabad,6,12,801,0
9067.81216436373,8,UPI,Desktop,Hyderabad,0,9,3404,0
27000.212195798442,4,NetBanking,iPhone,Chennai,7,24,1536,1
114.13575713968774,4,Card,iPhone,Bangalore,0,18,641,0
598.7519120820737,5,NetBanking,Desktop,Mumbai,8,27,163,0
4701.223804557453,22,Wallet,iPhone,Hyderabad,7,9,251,0
8590.030038114677,2,UPI,iPhone,Chennai,3,33,3609,0
1679.0726609283695,4,Card,Desktop,Delhi,9,6,644,0
1366.9967101731515,0,UPI,iPhone,Bangalore,3,33,329,0
7731.747508990527,10,Wallet,Android,Hyderabad,3,40,2166,0
290.16850435897913,20,NetBanking,Desktop,Mumbai,5,6,369,0
2305.2800746851462,19,NetBanking,Desktop,Hyderabad,1,4,2796,0
3524.1682363083637,0,Wallet,Desktop,Mumbai,3,3,1139,0
4108.866539615062,6,Wallet,Desktop,Bangalore,3,13,195,0
6521.08689917473,14,Card,Android,Mumbai,7,26,2654,0
2191.3290115388436,16,Card,Desktop,Mumbai,1,34,724,0
4742.576357879139,7,Card,Desktop,Chennai,7,13,1663,0
4401.909007051201,1,Card,iPhone,Bangalore,9,47,138,1
3966.1206239689877,12,Card,Desktop,Hyderabad,1,8,1684,0
5114.973152087164,11,NetBanking,iPhone,Delhi,8,12,1320,0
1501.8050313172662,4,Card,Desktop,Bangalore,8,8,3011,0
442.23705752155513,12,Wallet,Desktop,Bangalore,5,19,3147,0
635.0303420505165,5,Wallet,Android,Delhi,9,41,3087,1
1271.7676683527604,14,Card,iPhone,Hyderabad,4,10,3444,0
3467.715649915719,22,Wallet,Android,Chennai,6,32,156,1
9176.762452057565,21,UPI,iPhone,Hyderabad,7,21,2924,0
6041.466321906896,20,NetBanking,Desktop,Delhi,7,23,1059,0
7780.44800500484,21,NetBanking,Android,Hyderabad,2,27,519,0
2161.425017737352,10,Card,iPhone,Bangalore,2,25,182,0
2593.0604794636324,3,UPI,iPhone,Chennai,4,7,2017,0
2501.7524501819776,0,Card,Android,Mumbai,4,42,170,0
1065.1814139098733,14,Card,iPhone,Hyderabad,1,35,2545,0
315.8527962202368,11,Wallet,Desktop,Mumbai,4,2,1318,0
4469.174959842306,8,NetBanking,iPhone,Chennai,0,28,1747,0
22648.775501955228,10,UPI,Desktop,Mumbai,6,7,3129,1
912.5861093771682,4,Wallet,iPhone,Hyderabad,6,42,1388,1
239.0485293501595,23,NetBanking,Android,Delhi,0,40,3052,0
7560.006380798195,6,NetBanking,Desktop,Bangalore,2,12,3069,0
1455.6801972355083,7,Card,iPhone,Bangalore,7,17,2761,0
8849.318856517206,0,UPI,Desktop,Mumbai,8,22,2950,0
6085.909424118016,0,Card,Android,Bangalore,2,9,1361,0
14563.719118133105,2,Wallet,iPhone,Bangalore,5,3,2050,0
2629.080743038325,7,Card,iPhone,Delhi,5,22,423,0
5423.100775427591,10,Card,Desktop,Mumbai,5,36,2830,0
3126.085655932412,0,NetBanking,Android,Delhi,4,39,2801,0
4979.223071264422,13,NetBanking,Android,Delhi,5,18,2522,0
2985.5400236684363,0,Wallet,iPhone,Chennai,5,17,146,0
1045.1693535511438,5,NetBanking,Desktop,Mumbai,9,27,2374,0
3545.340400828051,20,NetBanking,iPhone,Delhi,5,35,588,0
3760.073874540689,5,NetBanking,iPhone,Hyderabad,7,32,230,1
8319.572083000225,2,Card,Desktop,Bangalore,5,3,1942,0
6649.9615676075155,9,UPI,Android,Mumbai,2,13,1870,0
5450.12072200989,11,Wallet,iPhone,Chennai,6,17,1293,0
601.7340089733548,9,Card,iPhone,Delhi,5,18,585,0
6375.845698710735,21,Wallet,Desktop,Hyderabad,8,17,2666,0
3468.7883979279386,1,Card,Desktop,Bangalore,3,48,2784,0
11226.278229474225,23,Wallet,iPhone,Bangalore,0,16,3594,0
12620.583104740756,21,NetBanking,Android,Hyderabad,5,22,2830,0
283.68034779694534,12,Wallet,Desktop,Mumbai,8,25,3337,0
8591.845096319592,15,UPI,iPhone,Bangalore,7,1,1242,0
192.1315740539597,12,Wallet,Android,Bangalore,1,27,953,0
2287.764319154055,3,UPI,Desktop,Bangalore,2,14,3296,0
3907.7063902928403,3,Wallet,Desktop,Delhi,7,28,1385,0
801.4353369979813,10,NetBanking,iPhone,Delhi,8,47,3363,1
6858.286291783985,22,Wallet,Desktop,Bangalore,7,36,3226,1
41.94900164208161,13,Card,iPhone,Chennai,9,43,2729,1
923.2155381488959,2,NetBanking,Desktop,Bangalore,0,32,1389,0
4346.997918157326,18,NetBanking,Android,Mumbai,2,29,106,0
6265.5974958770075,21,Card,Android,Chennai,7,17,1657,0
12423.119610431188,0,NetBanking,Desktop,Mumbai,0,28,1822,0
6112.324536560376,4,NetBanking,iPhone,Hyderabad,6,41,285,1
5570.344701958334,16,Card,Desktop,Hyderabad,3,21,596,0
2507.1919960039345,0,NetBanking,iPhone,Delhi,6,24,2884,0
6.4262555413801445,18,NetBanking,Desktop,Delhi,3,46,526,0
640.0718186196079,18,NetBanking,Android,Delhi,7,35,877,1
3823.801818434825,3,NetBanking,iPhone,Hyderabad,5,20,2228,0
5621.649126426531,18,Wallet,Android,Mumbai,9,22,1063,0
2701.686572364474,5,NetBanking,Android,Chennai,9,4,3349,0
6559.256725311193,14,NetBanking,Android,Delhi,7,16,2887,0
3689.282514500478,3,NetBanking,Desktop,Hyderabad,0,21,2560,0
385.3566923025588,23,Wallet,iPhone,Delhi,8,44,3078,1
1066.0666662369874,0,UPI,Android,Bangalore,8,21,1207,0
9162.851795423052,23,NetBanking,iPhone,Chennai,5,40,552,0
6453.334733188847,16,UPI,iPhone,Mumbai,8,41,1689,1
11257.653518803807,10,UPI,Android,Delhi,5,11,3460,0
625.306819020371,16,Card,Desktop,Bangalore,5,37,764,0
23138.374958097313,22,Card,Android,Bangalore,3,44,2789,1
1174.8581018831246,0,UPI,Android,Chennai,2,22,1017,0
59.24904384585421,8,Wallet,iPhone,Hyderabad,2,20,2521,0
29805.528487189844,13,NetBanking,Desktop,Hyderabad,1,2,466,0
1649.983439696683,14,NetBanking,iPhone,Delhi,3,43,1954,0
5513.394518437611,23,NetBanking,Desktop,Delhi,8,11,3161,0
972.06571640629,0,Card,Android,Hyderabad,6,21,3606,0
4340.224200388669,1,Card,Desktop,Mumbai,2,33,1336,0
11718.857980872519,17,NetBanking,iPhone,Mumbai,7,49,302,1
1929.6446949884723,17,UPI,Android,Bangalore,8,17,3192,0
5547.162726056704,5,Card,Desktop,Chennai,0,36,696,0
1040.6810643089423,19,NetBanking,Desktop,Mumbai,0,14,2766,0
4901.4189919121045,7,UPI,iPhone,Delhi,8,37,3045,1
2050.758001519964,0,NetBanking,Desktop,Mumbai,8,31,459,1
1186.264727804161,14,Card,Android,Chennai,6,4,1947,0
1878.4300781151414,9,Wallet,Desktop,Delhi,2,6,2138,0
985.1930272406105,3,Wallet,iPhone,Chennai,3,21,2164,0
11609.66062018183,9,Card,Desktop,Hyderabad,6,13,2723,0
2530.7402892492514,10,UPI,Android,Chennai,8,38,2448,1
1407.0376927066495,4,NetBanking,Android,Chennai,7,15,1524,0
2974.731741018936,8,Card,Desktop,Chennai,7,5,1684,0
1932.256362120477,4,UPI,Desktop,Delhi,0,38,1807,0
6821.084436121038,10,NetBanking,Android,Chennai,5,24,110,0
17740.35757935003,2,NetBanking,iPhone,Chennai,5,18,2248,0
2881.5665912206327,3,Card,Android,Bangalore,4,29,792,0
9867.608311476017,9,NetBanking,Desktop,Delhi,0,32,3297,0
4171.976479652152,6,Wallet,Desktop,Chennai,2,7,2640,0
855.3395766753326,0,Wallet,iPhone,Mumbai,3,30,987,0
5865.969236814392,5,NetBanking,Android,Chennai,9,38,2811,1
3601.9187268123746,7,Card,Android,Mumbai,6,26,1244,0
5257.782756625535,16,NetBanking,iPhone,Hyderabad,4,8,73,0
11022.18619651678,23,Card,Android,Hyderabad,1,25,878,0
2902.9740777011366,6,Card,iPhone,Delhi,2,30,2765,0
11572.156071090116,0,Wallet,Android,Delhi,0,24,2483,0
6944.870026441155,8,Wallet,iPhone,Hyderabad,5,30,1696,0
3353.0642415727348,10,UPI,iPhone,Delhi,7,5,592,0
4621.893452779101,18,Card,iPhone,Mumbai,3,4,115,0
1969.519479969872,1,NetBanking,Desktop,Mumbai,1,42,25,0
20551.546538152877,22,Card,Desktop,Bangalore,3,9,2225,0
5503.339445594969,10,Wallet,Desktop,Delhi,9,33,1303,1
224.18591313766896,2,Card,Android,Delhi,3,29,2341,0
1977.241514263001,16,UPI,iPhone,Bangalore,4,31,1244,0
4881.722406708588,9,NetBanking,Android,Chennai,2,44,1027,0
289.91111844539927,2,Card,Android,Mumbai,8,19,315,0
120.87021586429013,21,NetBanking,iPhone,Chennai,6,45,1431,1
2989.405367977729,2,NetBanking,Desktop,Bangalore,8,47,1569,1
2022.5042135026192,20,Wallet,Android,Delhi,6,2,2742,0
2883.9245065733044,6,Card,Android,Chennai,9,20,2599,0
1523.756701089296,1,NetBanking,Android,Delhi,3,12,3225,0
899.9279181827366,0,Wallet,Desktop,Bangalore,4,21,2111,0
5842.117139979908,6,UPI,iPhone,Hyderabad,6,31,1113,1
3613.6124122463857,19,UPI,iPhone,Delhi,5,36,103,0
1116.6816697864897,10,Card,Android,Chennai,8,20,1877,0
1925.2943905249467,22,NetBanking,iPhone,Chennai,2,44,3575,0
4480.0870041284925,5,Card,Desktop,Bangalore,7,20,1723,0
374.85359637841583,22,NetBanking,iPhone,Chennai,9,45,159,1
797.6347512409319,3,Wallet,Android,Mumbai,3,36,2609,0
380.33346810050557,18,UPI,Android,Delhi,8,46,734,1
8365.013411483333,20,UPI,iPhone,Mumbai,0,18,359,0
6979.890148535594,18,UPI,Android,Bangalore,4,6,2029,0
6998.173381372962,13,UPI,Desktop,Mumbai,3,33,2748,0
6299.636365570294,2,Card,Desktop,Mumbai,4,10,765,0
5534.010020172055,3,NetBanking,Desktop,Delhi,5,18,2925,0
3240.7917843438245,7,Card,Desktop,Delhi,0,34,2538,0
5139.997938168065,17,Wallet,Android,Hyderabad,7,15,192,0
195.58367769317235,3,UPI,Android,Mumbai,2,3,244,0
4857.226074495917,10,NetBanking,iPhone,Delhi,6,8,3042,0
7522.635864131529,15,Card,Android,Mumbai,6,11,934,0
3469.3207914792283,2,NetBanking,iPhone,Mumbai,8,46,583,1
2212.0460353088347,6,Card,Android,Bangalore,6,32,1101,1
1624.6822950847468,1,NetBanking,iPhone,Bangalore,7,48,733,1
5147.325847658848,0,NetBanking,iPhone,Mumbai,3,42,1800,0
5901.300897531497,0,UPI,Desktop,Bangalore,9,17,781,0
10238.458711502833,5,Card,iPhone,Delhi,3,47,794,0
2095.2910034859833,18,Wallet,iPhone,Mumbai,9,30,1003,0
7343.43245932616,6,NetBanking,iPhone,Bangalore,7,43,2954,1
4120.333640138615,23,Wallet,iPhone,Delhi,3,8,2781,0
10720.924021142206,4,UPI,iPhone,Mumbai,3,40,91,0
3751.891484813996,20,Wallet,Desktop,Mumbai,9,7,2616,0
3645.2173440501997,17,NetBanking,iPhone,Bangalore,2,20,2436,0
4312.293655762136,23,NetBanking,iPhone,Delhi,2,12,1642,0
6917.797623830127,12,NetBanking,iPhone,Mumbai,3,21,3359,0
16718.013149189326,0,Card,Android,Mumbai,1,28,3068,0
382.0480787604074,9,Wallet,Android,Hyderabad,2,28,1928,0
274.57608286933936,8,Card,Desktop,Mumbai,1,16,436,0
13866.972226324167,16,NetBanking,iPhone,Hyderabad,5,48,1829,0
3773.78996364228,0,NetBanking,iPhone,Hyderabad,2,10,1917,0
4771.300331013265,0,UPI,Android,Delhi,1,22,2964,0
3292.9906748508747,6,UPI,iPhone,Chennai,8,7,47,0
491.6897838327784,3,NetBanking,Desktop,Hyderabad,7,4,970,0
7307.016166744828,22,Card,iPhone,Delhi,4,24,2355,0
6876.270549725399,20,Card,Desktop,Bangalore,8,34,114,1
1867.6765761821785,11,NetBanking,Android,Hyderabad,4,41,1082,0
1828.140558340882,15,Wallet,Desktop,Chennai,4,47,44,0
9095.901462861124,13,Card,Desktop,Bangalore,3,14,2402,0
375.5429816629351,22,NetBanking,Desktop,Hyderabad,2,44,3303,0
10647.578880549405,9,UPI,Desktop,Hyderabad,9,49,1803,1
1483.0200400560254,13,NetBanking,Desktop,Chennai,8,17,3055,0
4494.523097197393,6,Card,Desktop,Mumbai,3,45,1036,0
13743.906233306123,3,NetBanking,Desktop,Chennai,6,8,394,0
5667.921226890091,1,Wallet,Desktop,Delhi,4,42,2765,0
2675.8461344921825,23,Wallet,Desktop,Delhi,6,13,1590,0
5848.407786432918,17,Card,Android,Chennai,7,7,3618,0
2107.81724159596,15,NetBanking,Desktop,Chennai,7,3,760,0
1623.5177152515853,8,Wallet,Desktop,Chennai,9,24,1438,0
28543.891567537965,4,Wallet,iPhone,Chennai,5,47,1935,1
6947.30146057002,8,UPI,iPhone,Chennai,4,24,1526,0
5174.245021676578,7,Card,iPhone,Hyderabad,1,7,1672,0
2194.770611492123,23,UPI,Desktop,Bangalore,7,30,230,0
252.05173284598231,19,UPI,Android,Delhi,4,5,356,0
157.74682206370343,15,Wallet,Android,Delhi,7,40,2472,1
4039.214059587283,19,NetBanking,iPhone,Bangalore,5,21,500,0
7178.110490598615,17,UPI,iPhone,Chennai,7,49,3350,1
3854.2377314394325,3,Card,Desktop,Bangalore,0,8,1797,0
9187.501203706232,15,Card,Android,Chennai,8,7,1504,0
169.98984934238973,3,NetBanking,Android,Delhi,8,39,20,1
2284.466345522247,5,Card,iPhone,Mumbai,2,2,215,0
1352.9475387595323,2,UPI,Android,Delhi,4,43,744,0
2964.4550631548627,17,NetBanking,iPhone,Delhi,6,12,2542,0
375.6461229332233,14,Card,iPhone,Mumbai,7,28,2166,0
15409.898792397993,7,Card,Desktop,Bangalore,6,44,2609,1
1263.218420768197,17,UPI,iPhone,Hyderabad,2,19,1655,0
12775.00048594868,23,UPI,Desktop,Chennai,6,28,3508,0
2774.6987946679474,22,UPI,Android,Chennai,0,35,1474,0
21176.361892871624,2,UPI,Android,Delhi,4,12,1683,0
4037.8362007506853,5,NetBanking,iPhone,Mumbai,8,28,3470,0
13356.147225010622,21,NetBanking,iPhone,Delhi,1,26,263,0
26.81672877151379,20,NetBanking,Desktop,Delhi,2,38,1977,0
6896.371421718794,23,Wallet,Desktop,Bangalore,8,6,336,0
11667.833169021029,14,UPI,Android,Chennai,2,19,522,0
752.4901019642396,11,UPI,Android,Hyderabad,7,27,2923,0
505.32572399673086,4,NetBanking,iPhone,Mumbai,5,9,1157,0
2763.2111121942653,6,Card,iPhone,Hyderabad,6,41,1017,1
13566.236372587615,21,Card,Desktop,Mumbai,4,10,2252,0
3908.6523456732157,14,UPI,iPhone,Chennai,9,10,984,0
3748.126980107637,6,UPI,Desktop,Bangalore,6,33,3576,1
760.6659384152908,12,NetBanking,Android,Hyderabad,9,18,1560,0
3.9491146062026776,2,UPI,Android,Mumbai,9,10,2703,0
8307.343992442353,22,Card,iPhone,Delhi,2,7,2904,0
458.24454862899586,12,Card,Desktop,Chennai,4,40,2264,0
5023.558492096974,2,UPI,iPhone,Bangalore,5,32,234,0
12303.009362869489,1,NetBanking,iPhone,Delhi,8,43,1591,1
1170.0867439698927,22,NetBanking,Desktop,Bangalore,3,6,3426,0
5472.197577593878,3,Card,iPhone,Mumbai,7,19,402,0
409.8400899718165,16,NetBanking,Desktop,Delhi,7,41,1707,1
4628.614675842824,5,Card,Desktop,Bangalore,9,43,2533,1
895.2249786579027,10,UPI,iPhone,Chennai,5,34,390,0
6658.151420830952,5,Card,Desktop,Hyderabad,7,43,173,1
1792.1774267270634,21,UPI,Android,Hyderabad,4,5,2841,0
3112.427926346777,1,NetBanking,Android,Delhi,0,19,507,0
4574.3404968244095,16,Wallet,Android,Chennai,3,49,2192,0
939.3249302272168,2,Wallet,Android,Chennai,5,14,247,0
6766.964373321207,11,Wallet,iPhone,Bangalore,8,10,3512,0
1802.2699537258602,13,Card,Android,Delhi,3,49,2589,0
5429.050831975156,1,Wallet,Android,Chennai,5,11,2368,0
861.557429909675,21,Card,Android,Bangalore,9,31,3457,1
5825.646375692251,21,NetBanking,Android,Chennai,4,2,685,0
685.9077908195384,4,UPI,iPhone,Delhi,8,10,2282,0
2770.027119866284,9,Wallet,Android,Chennai,9,21,3437,0
1419.81879470374,9,Card,Desktop,Chennai,5,1,3610,0
6899.081931460758,20,NetBanking,Desktop,Chennai,2,46,562,0
1519.294435438542,8,NetBanking,iPhone,Hyderabad,1,31,2546,0
10673.389055687083,20,Wallet,iPhone,Mumbai,2,11,2715,0
11119.803633761918,12,NetBanking,iPhone,Delhi,5,43,2660,0
1093.5253001724757,9,NetBanking,Android,Hyderabad,9,10,1443,0
4757.594414706974,5,NetBanking,iPhone,Mumbai,7,20,2640,0
459.02866723904594,10,Card,Android,Chennai,7,21,2589,0
2484.096686779653,3,NetBanking,iPhone,Chennai,4,37,3207,0
6246.973503689956,13,NetBanking,Desktop,Hyderabad,0,37,62,0
5385.5738286250835,16,NetBanking,Desktop,Bangalore,0,14,1095,0
4900.156782500573,19,NetBanking,Android,Delhi,6,5,1919,0
1660.1964290493904,1,NetBanking,iPhone,Mumbai,1,6,1826,0
2374.27649339161,9,Card,Desktop,Chennai,3,24,944,0
543.1968968627478,2,NetBanking,Android,Delhi,9,16,2693,0
6347.409122268506,6,NetBanking,Desktop,Chennai,4,23,117,0
3504.77588684342,6,UPI,iPhone,Chennai,7,47,2558,1
6168.134744162452,0,NetBanking,Android,Chennai,9,38,1544,1
1431.372150206084,7,NetBanking,Desktop,Delhi,8,16,1224,0
1961.0534018342696,22,Card,iPhone,Hyderabad,0,13,2603,0
2033.944949716506,0,NetBanking,Android,Delhi,8,45,989,1
130.39771963020974,7,Card,Desktop,Delhi,4,8,1716,0
2085.5219588895034,13,Wallet,Desktop,Bangalore,3,38,2890,0
8130.49402546496,13,NetBanking,Android,Bangalore,9,32,2598,1
11379.6425756108,1,UPI,iPhone,Hyderabad,4,22,2823,0
3651.321022712423,7,Card,Android,Bangalore,8,17,2385,0
3039.452249821176,18,Wallet,Desktop,Hyderabad,7,5,184,0
156.5484570707158,9,UPI,Desktop,Chennai,9,8,3568,0
10568.274506449317,6,Card,Desktop,Chennai,4,30,1454,0
65.47793775704173,12,Wallet,iPhone,Delhi,9,19,3065,0
14479.441951769339,21,UPI,Desktop,Chennai,4,12,2328,0
3359.044828019839,20,NetBanking,Desktop,Bangalore,0,25,2851,0
2092.253993870864,14,UPI,Android,Mumbai,8,44,1737,1
12899.501098208295,10,UPI,Desktop,Delhi,2,13,3114,0
123.46690264257761,13,UPI,Android,Hyderabad,0,4,1987,0
4354.494712378506,10,Card,Desktop,Chennai,4,10,1324,0
3980.691687934356,1,NetBanking,Android,Delhi,9,48,516,1
1237.9522907239857,1,NetBanking,Android,Delhi,2,28,3040,0
2800.8447288093803,11,Card,Android,Delhi,5,5,3436,0
5281.558624441864,14,UPI,Android,Chennai,6,28,2038,0
6493.8208698463195,16,NetBanking,iPhone,Hyderabad,3,44,119,0
3.585578863215434,13,UPI,Desktop,Delhi,3,31,3149,0
13811.483741124071,15,NetBanking,iPhone,Delhi,1,16,792,0
898.7764966129976,7,Card,Desktop,Delhi,1,23,2887,0
1330.1276159600698,23,Wallet,Android,Chennai,6,29,3195,0
1529.0499450139669,16,UPI,Desktop,Bangalore,4,47,2482,0
192.7693877584315,4,NetBanking,Android,Hyderabad,4,21,2011,0
656.5386117233288,11,NetBanking,Desktop,Delhi,1,2,1426,0
21470.05056125383,5,NetBanking,Android,Delhi,6,23,3422,1
1893.2644785842876,17,Card,Desktop,Delhi,1,16,668,0
612.5395346642848,4,Card,Desktop,Chennai,4,11,1437,0
565.7945611742246,5,Wallet,Desktop,Bangalore,4,9,2377,0
6355.194232242425,8,Card,Android,Delhi,2,2,103,0
9640.256107544628,14,UPI,Desktop,Delhi,1,18,871,0
1484.9751823554468,9,Card,Android,Chennai,2,13,1365,0
105.6560602806278,16,NetBanking,iPhone,Hyderabad,4,45,1965,0
1262.1539459054632,18,UPI,Desktop,Hyderabad,5,8,1927,0
290.8777236351807,11,Card,Android,Bangalore,3,10,1069,0
545.6989998793781,8,UPI,Android,Hyderabad,6,27,2393,0
2823.841244134781,14,UPI,Android,Delhi,1,17,2458,0
1306.2937894262943,13,Card,iPhone,Chennai,5,24,3572,0
3627.792786442844,0,UPI,Android,Delhi,8,21,1606,0
1461.7564699831587,16,NetBanking,iPhone,Delhi,9,1,49,0
14112.030361567942,0,NetBanking,iPhone,Bangalore,4,16,119,0
11819.322942049781,22,Card,Android,Hyderabad,3,43,852,0
4182.84928388275,20,Card,Desktop,Hyderabad,8,33,1426,1
2188.0616251350575,21,NetBanking,iPhone,Hyderabad,5,6,468,0
2399.4366184364567,12,Card,Android,Delhi,3,12,1554,0
2653.885717458714,7,NetBanking,iPhone,Chennai,0,32,47,0
6502.038988286688,12,UPI,Android,Chennai,8,48,1,1
3004.107208123303,15,Card,Android,Delhi,9,11,161,0
9715.119718486374,1,Wallet,iPhone,Mumbai,2,18,1319,0
14420.488141110827,12,NetBanking,Android,Delhi,5,2,624,0
2046.9601924241717,17,NetBanking,iPhone,Hyderabad,0,32,23,0
4112.800828829049,2,UPI,Android,Delhi,5,49,1294,0
499.41404435918867,12,Wallet,Desktop,Mumbai,2,49,2524,0
1118.6501648445399,18,Wallet,Desktop,Delhi,2,20,2005,0
2667.621219056836,12,Wallet,iPhone,Hyderabad,6,21,2813,0
1154.6358001602225,18,NetBanking,iPhone,Bangalore,8,36,1964,1
10460.020234322372,3,NetBanking,iPhone,Chennai,5,38,1317,0
861.5764705493478,18,Wallet,iPhone,Mumbai,0,27,1612,0
3040.913683115453,17,Card,Desktop,Bangalore,8,47,499,1
4653.206559001619,5,Wallet,iPhone,Chennai,4,11,1701,0
5886.068684889091,18,UPI,Android,Bangalore,1,18,487,0
2414.993460363014,3,Wallet,Android,Delhi,2,17,3484,0
10166.572458446053,3,Wallet,iPhone,Delhi,4,34,379,0
4200.343697052891,23,Wallet,Android,Chennai,1,45,775,0
2894.6995891431316,6,Card,iPhone,Chennai,2,26,1645,0
348.0401285563678,6,Wallet,Android,Delhi,7,6,889,0
3124.541338296626,22,Wallet,Android,Delhi,5,43,692,0
8594.47405678475,15,NetBanking,iPhone,Chennai,1,30,2560,0
4766.6024714462155,15,Wallet,iPhone,Chennai,1,39,3237,0
8923.793769473854,4,UPI,Desktop,Chennai,0,32,14,0
3406.2083719308234,14,NetBanking,iPhone,Hyderabad,6,17,3563,0
630.4341760005751,22,Card,Desktop,Hyderabad,5,13,2292,0
68.66861579329121,3,NetBanking,iPhone,Delhi,5,46,3507,0
1806.4245297964287,23,Card,Android,Hyderabad,4,41,1847,0
5986.483553865935,12,Card,Desktop,Mumbai,2,13,3641,0
7809.430762942225,18,UPI,Android,Delhi,7,6,3076,0
1753.1294862687378,6,Wallet,iPhone,Mumbai,2,22,2262,0
3422.4629082153056,11,UPI,iPhone,Bangalore,4,33,2097,0
2733.290921078203,8,NetBanking,iPhone,Mumbai,7,33,1105,1
2642.596050254687,16,Card,iPhone,Bangalore,2,4,1571,0
1315.589377605886,1,NetBanking,Desktop,Mumbai,4,14,878,0
733.0606107905774,15,Card,Desktop,Bangalore,5,48,181,0
1095.0639622354133,6,NetBanking,iPhone,Bangalore,0,35,672,0
284.6107290437292,17,Card,Android,Delhi,1,27,870,0
1104.0485206746448,6,UPI,Desktop,Chennai,6,6,3449,0
46.21743663778181,0,Card,Android,Chennai,8,1,3551,0
4934.349312543481,2,Wallet,iPhone,Delhi,9,43,217,1
1901.7317661905872,20,UPI,Desktop,Bangalore,3,28,1290,0
18086.46255041161,10,Wallet,Desktop,Chennai,4,29,2811,0
1076.6027222649705,21,NetBanking,Desktop,Chennai,3,32,625,0
2121.929184823961,14,NetBanking,Android,Mumbai,2,28,2238,0
2214.597947241836,2,Card,iPhone,Hyderabad,9,27,2050,0
42.437062316788605,23,Card,iPhone,Delhi,1,10,1599,0
9138.216913305165,12,NetBanking,Desktop,Hyderabad,2,18,3547,0
162.58734365268106,3,UPI,Desktop,Bangalore,1,4,460,0
14082.062314915524,22,Wallet,iPhone,Mumbai,7,38,632,1
11131.563624954377,21,NetBanking,Android,Chennai,0,41,757,0
3834.2045197122993,7,UPI,Desktop,Mumbai,4,42,3472,0
3921.879827021301,21,Wallet,Android,Delhi,0,32,2832,0
5303.374343245907,3,Card,Android,Bangalore,4,5,131,0
2447.359659561792,17,UPI,iPhone,Mumbai,2,22,3289,0
5209.585592014117,6,UPI,iPhone,Mumbai,8,48,530,1
229.00721486151392,10,NetBanking,Android,Mumbai,0,22,1255,0
277.8152861665736,3,Wallet,Android,Chennai,9,2,1834,0
3055.351973161324,12,NetBanking,iPhone,Bangalore,0,41,232,0
3988.343586917403,8,Card,Desktop,Chennai,7,43,2464,1
10938.147602493149,8,Card,Android,Mumbai,2,34,1148,0
552.7622629333491,22,Wallet,Desktop,Chennai,6,2,562,0
8648.092050865038,20,Wallet,Android,Chennai,9,46,177,1
1178.911279696275,18,Wallet,iPhone,Delhi,4,36,3587,0
2505.0666814265383,2,NetBanking,Desktop,Hyderabad,1,40,1096,0
1903.3925106088423,11,Wallet,iPhone,Hyderabad,6,8,3444,0
2555.42222683205,10,Wallet,Android,Delhi,6,33,2173,1
815.5101919082238,19,NetBanking,iPhone,Delhi,2,33,2431,0
3501.5647111105063,10,Card,Desktop,Chennai,5,4,3077,0
8088.423868321298,16,Card,iPhone,Chennai,4,18,2233,0
2912.8077913034044,20,UPI,Desktop,Bangalore,0,19,84,0
3372.7418377699473,13,Card,iPhone,Hyderabad,0,10,2988,0
9444.687275766888,15,Wallet,iPhone,Chennai,1,42,665,0
6121.866000096772,23,Card,Desktop,Bangalore,6,41,2758,1
3371.1797376761738,9,NetBanking,Desktop,Hyderabad,2,30,2780,0
1489.9797113599718,3,Card,Desktop,Bangalore,8,22,1047,0
10810.931847251226,9,Card,Android,Bangalore,2,39,984,0
4302.156660229775,19,UPI,iPhone,Delhi,9,38,906,1
1249.6686886476627,11,UPI,Desktop,Mumbai,3,1,2698,0
1567.5282647530253,8,Wallet,Android,Mumbai,7,30,3233,0
8126.1367845330815,14,NetBanking,Android,Mumbai,3,5,3145,0
225.74819560733195,8,Wallet,Desktop,Bangalore,6,47,1938,1
24199.52012268837,6,NetBanking,Desktop,Chennai,4,26,1731,0
698.331893067655,23,NetBanking,Desktop,Mumbai,5,46,1121,0
7949.856251882193,11,UPI,Android,Chennai,7,31,1610,1
2510.777563289325,19,Card,Android,Hyderabad,3,39,539,0
3388.4973981575217,23,Card,iPhone,Mumbai,5,41,2211,0
10628.498823109443,13,UPI,Android,Bangalore,9,12,2110,0
2662.895875896607,21,Wallet,Desktop,Delhi,1,17,402,0
3855.4760827473583,15,Card,iPhone,Bangalore,8,18,263,0
252.78184260048687,18,Wallet,iPhone,Chennai,8,2,199,0
11.751167519305772,22,Card,iPhone,Hyderabad,9,49,1238,1
1403.8624799288636,2,Wallet,iPhone,Bangalore,9,24,2826,0
5706.290553611481,10,NetBanking,Desktop,Delhi,5,28,1532,0
646.3589217349437,22,NetBanking,iPhone,Delhi,5,39,27,0
603.8484747071202,20,Card,Desktop,Hyderabad,9,10,1005,0
2646.3110908556378,19,Wallet,Android,Mumbai,6,47,972,1
5218.306260084528,18,Wallet,Desktop,Bangalore,3,33,1219,0
6225.22401588881,7,NetBanking,iPhone,Bangalore,6,24,1463,0
982.8164980241954,19,Wallet,Android,Delhi,9,11,2864,0
414.67021605790717,7,UPI,Android,Chennai,0,8,2371,0
14100.249700673803,2,Wallet,Android,Bangalore,6,27,345,0
1510.0300773436506,9,NetBanking,iPhone,Delhi,0,26,2887,0
9598.413005947028,12,UPI,Desktop,Chennai,7,12,1634,0
9956.840161732604,8,UPI,Desktop,Mumbai,9,35,1226,1
7403.5217498644515,5,Wallet,iPhone,Mumbai,5,15,3523,0
924.6263575109332,14,NetBanking,iPhone,Delhi,0,21,760,0
8624.2847641765,15,NetBanking,Android,Delhi,0,37,1372,0
7332.114145921433,4,NetBanking,Desktop,Mumbai,3,30,2059,0
4540.657918510815,20,UPI,iPhone,Delhi,6,5,435,0
2056.4253199856807,12,NetBanking,iPhone,Hyderabad,4,17,3104,0
1522.5042881915676,18,UPI,Desktop,Bangalore,4,26,840,0
649.9125558324794,1,UPI,Android,Hyderabad,7,34,2196,1
3564.2711445085824,5,Card,Android,Chennai,1,33,1918,0
4400.527860497481,0,Wallet,Android,Delhi,3,18,2317,0
2226.2740415425337,14,NetBanking,Desktop,Delhi,3,25,2763,0
3225.2059441142733,14,UPI,iPhone,Chennai,7,41,3170,1
2258.9678754925894,13,Wallet,iPhone,Bangalore,5,30,236,0
5122.248816979091,6,UPI,iPhone,Mumbai,9,37,643,1
11576.285615289271,4,Wallet,iPhone,Hyderabad,8,20,911,0
895.156450596143,19,UPI,Desktop,Bangalore,9,45,2812,1
2401.5533025619006,15,NetBanking,Android,Mumbai,8,2,2300,0
759.1670236347356,16,Card,Android,Mumbai,3,13,2616,0
4903.396593366631,10,Card,Android,Delhi,9,40,892,1
6525.79373729504,14,Card,Android,Chennai,6,42,761,1
13434.825262166065,19,UPI,iPhone,Delhi,2,20,1226,0
1634.6926199610439,15,Wallet,iPhone,Chennai,5,6,2297,0
14999.826688249272,2,NetBanking,Desktop,Delhi,0,11,814,0
326.76184415250566,5,NetBanking,Android,Hyderabad,4,46,2421,0
4619.269596092496,20,UPI,iPhone,Delhi,5,25,176,0
294.14873934559165,22,Card,iPhone,Hyderabad,4,42,3177,0
11210.94073308942,12,UPI,iPhone,Bangalore,6,10,3317,0
3773.082026134185,0,Wallet,Android,Bangalore,3,31,1249,0
5533.449385049943,20,Card,iPhone,Delhi,4,43,865,0
8906.291774492634,13,UPI,Android,Bangalore,3,4,1687,0
814.4221725151286,1,Wallet,Android,Mumbai,8,25,2487,0
196.7797335629305,1,Card,Desktop,Hyderabad,1,28,1335,0
10554.914751545612,14,NetBanking,Desktop,Chennai,0,24,3581,0
1891.1948365422836,17,Wallet,Android,Hyderabad,3,35,2102,0
690.4454324767773,8,NetBanking,Android,Delhi,5,41,3453,0
3159.895763484491,2,Wallet,Android,Bangalore,9,5,2369,0
4560.324313451276,3,Card,iPhone,Bangalore,7,33,1243,1
157.30165263127856,14,UPI,iPhone,Mumbai,3,11,2867,0
1607.1985741875233,4,UPI,iPhone,Bangalore,0,8,928,0
166.74924847447963,19,UPI,Desktop,Delhi,8,21,1493,0
2726.5279996524287,19,UPI,Android,Delhi,2,32,2796,0
11273.740203325946,4,Wallet,iPhone,Chennai,5,5,2944,0
20271.50886616613,9,UPI,iPhone,Hyderabad,9,34,404,1
5067.417273430606,15,UPI,Desktop,Hyderabad,7,9,347,0
881.5246280784559,11,Wallet,Desktop,Hyderabad,4,38,2724,0
11814.297724348775,13,Wallet,Android,Chennai,6,43,489,1
3630.912674017168,21,Card,Android,Chennai,9,32,2848,1
834.6982093953823,10,Wallet,iPhone,Chennai,8,10,2407,0
12737.741700142793,18,NetBanking,iPhone,Mumbai,0,12,1081,0
7083.12975431989,5,Card,iPhone,Chennai,7,35,3613,1
6578.345870424483,9,Card,iPhone,Bangalore,1,39,2990,0
6175.265899670637,19,UPI,iPhone,Mumbai,0,18,1111,0
1117.8420896390073,2,UPI,Desktop,Bangalore,3,23,2426,0
1184.9871971192306,21,NetBanking,Android,Hyderabad,5,12,931,0
5828.45814962123,14,UPI,Desktop,Delhi,7,31,2127,1
1240.5298693948253,10,Wallet,Android,Hyderabad,0,11,1387,0
2887.246669693436,21,Wallet,Android,Chennai,0,34,970,0
7616.342952561237,1,UPI,Android,Delhi,9,27,308,0
7661.285359172686,23,UPI,Desktop,Hyderabad,1,21,1935,0
3018.925757415311,5,Wallet,iPhone,Mumbai,8,10,3161,0
7855.653906273038,16,Card,Android,Chennai,3,13,977,0
9120.022884316284,17,NetBanking,Android,Hyderabad,6,45,691,1
5317.805384146779,3,NetBanking,Desktop,Delhi,2,47,3359,0
1296.6125165900244,22,Card,Desktop,Bangalore,0,25,2271,0
1601.1074535768241,8,NetBanking,iPhone,Hyderabad,0,13,2704,0
1890.5228884398362,9,UPI,iPhone,Mumbai,8,41,164,1
621.0412721850302,20,UPI,Android,Delhi,3,6,1319,0
1595.2419294966105,1,UPI,Desktop,Hyderabad,2,35,651,0
1175.5697090463261,10,NetBanking,iPhone,Bangalore,4,28,2010,0
3037.864384908113,10,Card,iPhone,Chennai,0,20,2360,0
11953.670013039553,10,UPI,iPhone,Chennai,2,20,3546,0
551.7553877433995,0,Card,Desktop,Chennai,3,41,2218,0
6369.615025735597,13,Wallet,Desktop,Delhi,5,4,2095,0
5812.283324510086,0,Wallet,Desktop,Bangalore,8,20,6,0
503.2702570786805,20,Wallet,Desktop,Bangalore,2,5,1571,0
12792.060180809036,22,NetBanking,Desktop,Hyderabad,3,22,904,0
4202.116745562906,8,NetBanking,Android,Chennai,4,24,3143,0
2260.6261910020944,23,UPI,Android,Delhi,7,44,3365,1
7063.984013970562,0,Wallet,Desktop,Chennai,8,17,1202,0
1487.7561195714272,20,Card,Android,Chennai,2,5,1147,0
5912.848094443427,21,NetBanking,Desktop,Hyderabad,2,26,757,0
202.60607156790613,21,Card,Android,Hyderabad,6,36,912,1
9144.442630510808,3,Card,Android,Hyderabad,8,8,2569,0
2972.583930425745,0,UPI,iPhone,Mumbai,0,9,843,0
5062.5341819436135,18,UPI,Desktop,Mumbai,0,17,1852,0
1250.2478415255555,9,Card,Android,Delhi,1,8,563,0
5651.655971843924,14,Card,Android,Delhi,5,5,1838,0
7397.320236732035,19,Card,iPhone,Hyderabad,2,10,2375,0
3204.7967073859445,3,Card,Android,Bangalore,7,14,1932,0
4808.100336441002,19,Wallet,iPhone,Delhi,4,27,3648,0
3047.02668173313,13,Card,Android,Mumbai,2,27,2931,0
11225.892653570045,4,NetBanking,iPhone,Mumbai,7,5,2792,0
3444.4729832738917,14,UPI,iPhone,Chennai,7,15,3605,0
9219.751379574996,14,NetBanking,Desktop,Hyderabad,1,28,1029,0
8081.105790325789,15,UPI,Desktop,Bangalore,4,5,3078,0
2642.4436887307056,15,UPI,Android,Hyderabad,2,22,43,0
1307.3724992009118,3,UPI,Desktop,Mumbai,6,12,3354,0
2605.0711974117826,8,NetBanking,Desktop,Bangalore,1,42,2909,0
8749.750234202316,0,UPI,Desktop,Delhi,8,8,1590,0
1291.4742616667565,4,Card,Android,Chennai,1,1,2944,0
3716.272690745704,8,Card,Android,Mumbai,1,35,2179,0
8201.979725700103,19,Wallet,Desktop,Chennai,5,16,1239,0
2180.736200608797,4,Wallet,Desktop,Hyderabad,2,30,3097,0
5139.040211595745,3,Wallet,Android,Bangalore,2,43,908,0
1409.3720086588949,15,Card,Desktop,Hyderabad,9,41,577,1
578.6226593451504,1,NetBanking,iPhone,Chennai,1,10,260,0
7908.730110711855,15,Wallet,Android,Mumbai,4,34,2484,0
521.07598897236,17,Card,Android,Chennai,4,11,2431,0
1583.0242978489664,1,UPI,iPhone,Mumbai,6,20,2758,0
9658.88227953292,15,NetBanking,Desktop,Chennai,7,43,1442,1
2126.828747189617,0,NetBanking,iPhone,Hyderabad,7,7,1499,0
18067.99718371234,15,Card,Desktop,Chennai,2,21,1133,0
19494.135965414327,2,Card,Desktop,Delhi,5,11,528,0
1561.7595662731285,14,UPI,Android,Hyderabad,4,37,2763,0
209.2074777258201,10,UPI,Android,Chennai,3,23,1678,0
6104.972341928541,9,UPI,Desktop,Chennai,9,44,870,1
2998.1612621741388,16,NetBanking,iPhone,Bangalore,5,31,2032,0
530.9867950099082,3,NetBanking,Android,Hyderabad,3,18,586,0
6146.843144767957,16,Wallet,Desktop,Bangalore,7,24,1589,0
158.35594071890102,3,Wallet,Android,Hyderabad,8,22,1142,0
10208.674890295431,18,Wallet,Android,Mumbai,0,37,3258,0
746.2864465715478,0,NetBanking,Android,Hyderabad,0,47,575,0
680.8851819741167,13,UPI,iPhone,Hyderabad,3,44,141,0
965.9356574647305,23,Wallet,iPhone,Chennai,5,1,3373,0
16127.785284884623,10,UPI,Desktop,Delhi,7,6,3298,0
5907.2967284054375,6,UPI,iPhone,Hyderabad,0,38,2273,0
8081.596058388441,16,UPI,Desktop,Bangalore,2,29,1207,0
2534.4584071430386,3,Wallet,Desktop,Delhi,3,43,2209,0
2049.721078037022,9,Wallet,Android,Hyderabad,9,11,1086,0
1336.025857960444,16,UPI,Android,Delhi,1,16,2983,0
3275.867264315258,3,Wallet,iPhone,Mumbai,8,6,397,0
4012.8991420172383,18,Card,Desktop,Delhi,2,1,1865,0
4995.303450047908,17,Wallet,Desktop,Mumbai,3,48,1421,0
1486.0937046330228,16,UPI,Android,Delhi,3,35,2064,0
14845.849090365855,5,UPI,Android,Delhi,0,24,2277,0
930.1932724919808,6,NetBanking,Android,Bangalore,4,38,438,0
16856.228443218642,5,NetBanking,iPhone,Bangalore,4,3,2462,0
74.83789978357517,11,UPI,Desktop,Chennai,1,40,2983,0
3280.468029556903,8,Card,Desktop,Delhi,0,2,2657,0
2027.5843331122867,17,NetBanking,Desktop,Mumbai,4,15,3432,0
2981.2223832073414,1,UPI,Android,Delhi,4,22,1856,0
4227.5839918769225,16,NetBanking,iPhone,Hyderabad,6,46,2886,1
2859.864247151016,20,NetBanking,iPhone,Mumbai,9,46,652,1
2679.4083582809776,0,UPI,Android,Hyderabad,9,4,2178,0
6597.356297124191,22,Wallet,iPhone,Chennai,1,24,2977,0
5789.841711478137,8,Card,iPhone,Hyderabad,7,19,655,0
8956.936153662442,5,Wallet,Desktop,Chennai,4,30,849,0
1438.1369113332191,1,UPI,Android,Chennai,4,22,2740,0
4702.001603503519,5,UPI,Android,Chennai,8,39,1187,1
4399.731156644322,8,Card,Android,Hyderabad,1,48,3423,0
2308.096864773292,2,UPI,Android,Chennai,9,40,478,1
3328.2198451038003,15,NetBanking,Desktop,Chennai,1,27,1659,0
1882.8006315827547,23,Card,iPhone,Bangalore,4,15,1062,0
764.8492058910128,14,Wallet,iPhone,Delhi,0,37,976,0
1202.7280294355396,11,Card,Desktop,Chennai,4,1,3370,0
557.5281602411379,22,Wallet,iPhone,Mumbai,4,12,3304,0
5745.365046445831,7,UPI,Android,Mumbai,7,9,2897,0
5404.756723183329,5,Wallet,Desktop,Bangalore,5,19,1788,0
15039.66921228232,2,Wallet,Desktop,Hyderabad,5,18,519,0
6540.714840839523,22,Wallet,Android,Hyderabad,4,39,3640,0
267.24565507223537,3,Card,Android,Hyderabad,4,11,2949,0
10781.404464833193,9,NetBanking,Android,Chennai,7,11,1192,0
9927.030431620804,13,Wallet,iPhone,Hyderabad,0,30,65,0
2928.826433276148,20,Card,Android,Hyderabad,8,20,3266,0
4407.792820157113,23,Card,Desktop,Delhi,5,15,2500,0
18664.853198210916,14,NetBanking,iPhone,Chennai,8,25,853,0
3799.687723683861,6,Card,iPhone,Chennai,1,49,170,0
11786.359028174376,6,UPI,Desktop,Mumbai,2,3,738,0
433.4503674848275,7,UPI,iPhone,Mumbai,0,43,2279,0
1060.1023928785767,9,UPI,Android,Delhi,4,26,962,0
2905.8375903162314,18,NetBanking,Android,Bangalore,1,45,3353,0
4394.454631891216,18,Card,Android,Chennai,0,28,6,0
8470.293070364205,1,UPI,Android,Mumbai,8,6,264,0
22224.66823166207,14,Wallet,iPhone,Hyderabad,8,46,931,1
2462.076496909344,0,Card,Desktop,Chennai,5,32,53,0
242.8830246096034,9,UPI,iPhone,Chennai,7,11,2067,0
8076.563257237442,5,Card,Desktop,Chennai,8,13,2313,0
4636.514710028536,21,UPI,Desktop,Mumbai,4,17,3233,0
1106.618908425252,12,Wallet,Android,Delhi,1,46,2854,0
3414.2860876487057,9,Card,iPhone,Mumbai,3,46,2208,0
6779.994598574825,11,UPI,Android,Hyderabad,2,36,3095,0
7357.339766307602,23,UPI,iPhone,Hyderabad,9,30,3234,0
3461.9214781409596,5,Wallet,iPhone,Bangalore,6,4,3415,0
1820.7607875606307,5,Wallet,Android,Mumbai,9,14,2990,0
18199.033704277434,0,UPI,iPhone,Mumbai,9,46,3488,1
5443.7446241678535,11,UPI,Android,Bangalore,9,28,2433,0
2623.2496985922016,22,NetBanking,Desktop,Bangalore,7,7,3079,0
1645.7382048613476,22,NetBanking,Android,Chennai,4,16,875,0
6567.134045626735,9,Card,iPhone,Chennai,1,14,2928,0
1386.5696764311988,13,Card,iPhone,Hyderabad,8,37,2584,1
941.959655295486,14,NetBanking,Desktop,Delhi,0,39,2178,0
3773.3460948931443,22,UPI,Desktop,Hyderabad,4,49,1280,0
1712.3627613259496,23,Wallet,Desktop,Mumbai,2,27,250,0
4956.487874967038,3,Card,Android,Delhi,7,30,2962,0
627.4684788568368,0,UPI,Android,Chennai,7,15,3411,0
5320.200825606211,7,Wallet,iPhone,Bangalore,0,39,618,0
1665.4654578247548,2,Wallet,Desktop,Bangalore,3,42,2404,0
1.214819739312185,13,UPI,Desktop,Hyderabad,9,18,2360,0
678.7324073264738,16,UPI,Android,Mumbai,7,11,1507,0
13561.449216118886,1,Card,iPhone,Mumbai,8,22,2080,0
10100.380858048507,14,NetBanking,Desktop,Bangalore,8,46,2886,1
1330.3141870544837,5,UPI,Android,Hyderabad,1,4,93,0
7533.772738017409,4,NetBanking,Android,Hyderabad,8,3,3594,0
4689.763245864377,13,Card,Desktop,Chennai,7,24,891,0
17685.895117032975,18,NetBanking,Desktop,Chennai,8,14,1960,0
2338.8758468120914,8,NetBanking,iPhone,Chennai,8,3,34,0
5720.045730248467,7,Wallet,Desktop,Delhi,2,31,852,0
328.2195121597226,2,Card,Android,Hyderabad,4,35,3361,0
2522.9533975901118,17,UPI,Desktop,Hyderabad,2,31,3019,0
16595.920786641,7,NetBanking,Desktop,Chennai,5,12,1368,0
3871.578748765201,15,Card,iPhone,Bangalore,9,10,609,0
1697.5407249992245,14,Wallet,Android,Chennai,4,20,508,0
640.7066578543061,20,Wallet,Desktop,Delhi,1,18,2361,0
6079.018237562055,14,NetBanking,Android,Bangalore,2,44,944,0
5176.160301193583,15,NetBanking,iPhone,Hyderabad,6,36,1228,1
2341.535055413361,0,UPI,Android,Delhi,9,19,3294,0
15073.693979444273,9,Card,Desktop,Delhi,9,17,32,0
112.26502847869675,18,UPI,Desktop,Bangalore,4,40,637,0
1810.0446622064667,4,UPI,iPhone,Chennai,2,11,620,0
12695.936934896046,17,Wallet,iPhone,Chennai,3,5,723,0
1935.1953623353222,2,Card,iPhone,Mumbai,5,37,3501,0
1453.4518566117547,3,UPI,Android,Bangalore,7,45,1000,1
3820.2136971658233,3,Wallet,Android,Chennai,6,36,2,1
8680.727484869858,10,NetBanking,Android,Delhi,2,45,3579,0
544.3152166438284,8,UPI,Android,Chennai,1,48,1011,0
14325.337021425268,0,NetBanking,iPhone,Chennai,2,44,1486,0
7925.504405060589,15,Card,Android,Delhi,4,14,1207,0
999.884020783785,8,UPI,Android,Bangalore,6,28,3131,0
6224.112211387216,10,NetBanking,Android,Mumbai,7,9,1313,0
2430.329478827,5,NetBanking,Android,Chennai,5,38,2144,0
2573.2870959337415,16,Card,iPhone,Chennai,1,29,2553,0
7645.978256567997,11,Wallet,iPhone,Chennai,1,25,1786,0
16455.191067279175,21,Wallet,Desktop,Bangalore,9,8,211,0
677.1280581810302,7,UPI,Desktop,Delhi,4,48,1988,0
2729.0719077220588,15,NetBanking,Android,Delhi,4,19,1482,0
3278.6944681838513,4,Wallet,Android,Delhi,0,2,3643,0
2360.5237108317033,20,UPI,iPhone,Delhi,0,6,783,0
2256.412825032316,0,NetBanking,Desktop,Delhi,8,30,3041,0
268.42110747314246,16,UPI,Android,Delhi,6,2,3101,0
5784.470051316598,23,Card,Desktop,Chennai,7,19,3275,0
2865.4063598325565,20,UPI,Desktop,Chennai,4,13,112,0
1083.284442896811,7,Card,Desktop,Delhi,2,49,1389,0
8465.00807839973,9,NetBanking,iPhone,Delhi,2,8,2024,0
8111.621637664847,17,NetBanking,Android,Bangalore,2,9,1147,0
3331.471131446317,14,NetBanking,Android,Bangalore,0,23,303,0
1772.3202427630595,19,UPI,iPhone,Hyderabad,2,37,697,0
5081.836242885042,12,NetBanking,iPhone,Chennai,1,8,3642,0
1699.4553212316844,9,NetBanking,iPhone,Delhi,7,9,861,0
1345.9893493717393,8,Card,Desktop,Chennai,9,16,255,0
6556.206324886139,12,NetBanking,Desktop,Hyderabad,9,16,1253,0
205.80421649504535,2,NetBanking,Android,Bangalore,5,12,1365,0
497.8226744548748,21,NetBanking,Android,Hyderabad,4,25,2975,0
34.05659237692856,22,Wallet,Desktop,Mumbai,0,11,1589,0
829.9375519972731,2,NetBanking,Desktop,Bangalore,1,18,342,0
357.42634990059827,0,UPI,iPhone,Chennai,1,13,2804,0
27366.173348935434,1,Card,Desktop,Bangalore,6,35,3410,1
1704.0780668816437,10,NetBanking,Android,Hyderabad,6,18,258,0
808.2906925953148,13,UPI,Android,Delhi,5,43,3132,0
1378.742857110021,9,Card,iPhone,Hyderabad,7,30,982,0
13754.180891445289,6,Card,iPhone,Hyderabad,3,43,2277,0
3671.5151438531675,22,UPI,Android,Delhi,8,37,1364,1
2269.219293023417,0,UPI,Desktop,Chennai,7,30,432,0
10333.276492386647,6,Wallet,Desktop,Chennai,2,3,118,0
2512.5536967173443,14,Wallet,Android,Bangalore,2,29,1981,0
2039.9056278187638,10,NetBanking,Desktop,Hyderabad,8,25,2948,0
1161.4419569062113,5,Wallet,Desktop,Bangalore,8,2,2074,0
2372.4429495900918,21,UPI,Android,Delhi,4,47,340,0
1903.991913534507,6,Wallet,Android,Mumbai,9,5,2219,0
5655.222246420455,6,Card,iPhone,Chennai,0,31,1277,0
1709.5137084892037,0,UPI,Android,Delhi,2,5,532,0
4304.277126144056,9,NetBanking,iPhone,Chennai,4,21,349,0
340.8169620991092,20,Card,iPhone,Bangalore,3,48,3376,0
1061.5692532815415,14,Card,Desktop,Mumbai,3,49,2425,0
2616.2226980759688,7,Card,Android,Hyderabad,0,26,3423,0
13819.076916568158,23,UPI,Desktop,Chennai,5,7,1597,0
2368.0665673454528,18,UPI,Android,Hyderabad,9,30,151,0
5454.323710817296,2,NetBanking,Android,Bangalore,3,34,1772,0
1472.4407226616777,22,Wallet,Desktop,Chennai,0,28,829,0
679.290921662971,14,Wallet,iPhone,Bangalore,9,14,2278,0
301.59902931295767,3,Wallet,Android,Hyderabad,5,18,2384,0
1822.1928620472218,5,Wallet,iPhone,Bangalore,4,44,275,0
857.8638237625114,9,Card,Desktop,Bangalore,4,17,715,0
955.865772355449,17,UPI,Desktop,Bangalore,1,25,1228,0
7151.425779672394,15,Wallet,Android,Delhi,0,6,1252,0
79.82416710420038,17,Card,Desktop,Delhi,6,5,3341,0
4080.0795468166657,5,UPI,Android,Chennai,4,21,2946,0
2385.837185508769,18,UPI,Android,Bangalore,2,39,3251,0
3531.6687108939373,16,UPI,Android,Bangalore,5,20,257,0
4137.168430647967,17,Card,Android,Bangalore,2,11,681,0
1879.7817379522523,12,Wallet,Android,Delhi,5,5,3587,0
1748.5594985074176,6,UPI,Desktop,Hyderabad,5,38,1032,0
6610.064040008348,19,Card,Android,Bangalore,8,39,2384,1
10250.461889429513,11,UPI,iPhone,Mumbai,7,35,1643,1
1069.5666091172404,1,NetBanking,Android,Chennai,0,35,3112,0
513.5909402728504,11,NetBanking,Android,Delhi,6,25,2983,0
11403.91284354126,11,Card,Android,Hyderabad,8,30,980,0
2153.1105193279263,23,Wallet,Desktop,Mumbai,1,2,3503,0
4007.1976231794624,3,Wallet,iPhone,Bangalore,8,20,2935,0
2227.867603005749,3,UPI,iPhone,Delhi,5,36,1724,0
672.2438455487219,17,Wallet,iPhone,Bangalore,2,37,1800,0
4449.846561183244,15,Wallet,Desktop,Chennai,7,2,2378,0
3723.6852448127365,13,NetBanking,Desktop,Delhi,6,48,243,1
1134.4625945431872,16,Card,Android,Mumbai,7,44,2213,1
3006.205254850898,16,NetBanking,Desktop,Hyderabad,7,47,959,1
7971.453662318263,2,Card,iPhone,Hyderabad,6,27,480,0
4463.189677891616,5,UPI,iPhone,Chennai,0,32,2331,0
509.70588060132667,22,NetBanking,Desktop,Hyderabad,9,4,1119,0
3970.603302611896,12,Card,Desktop,Hyderabad,9,27,3203,0
6065.711904943017,8,Wallet,iPhone,Chennai,9,30,935,0
7868.0234445599235,20,Card,iPhone,Mumbai,7,3,774,0
4959.350950740395,8,Wallet,iPhone,Delhi,4,46,209,0
828.2554098549757,7,UPI,iPhone,Delhi,1,45,1546,0
6192.360027795475,16,Wallet,iPhone,Chennai,1,27,3613,0
5655.809316028659,15,Card,Desktop,Bangalore,1,38,2626,0
123.65084154863877,15,NetBanking,Desktop,Chennai,8,36,481,1
2652.996431925321,18,Card,Android,Chennai,4,1,3596,0
2024.4532179403388,23,NetBanking,Android,Chennai,2,35,1549,0
5534.4129312817695,15,Card,Android,Chennai,5,12,1004,0
1217.5975181309798,13,Card,Desktop,Hyderabad,8,35,364,1
4468.635125986725,19,UPI,Android,Hyderabad,8,18,2471,0
12221.086720848969,13,Wallet,Android,Mumbai,8,46,1959,1
7992.548522278612,13,Card,Desktop,Chennai,9,37,1638,1
12720.592034643583,13,NetBanking,iPhone,Delhi,3,23,2261,0
19199.899570603033,11,Wallet,Desktop,Bangalore,4,33,1193,0
53.63730508415552,5,UPI,Desktop,Hyderabad,0,14,1232,0
4874.120286768171,19,Wallet,iPhone,Delhi,9,44,2018,1
2662.2844910440986,12,Card,Android,Hyderabad,5,1,1883,0
9825.370206894419,15,NetBanking,Desktop,Mumbai,1,27,1451,0
1450.5230354980322,8,NetBanking,Desktop,Bangalore,6,24,1598,0
19824.347820973486,1,Wallet,iPhone,Hyderabad,3,2,2947,0
4755.808199875369,21,NetBanking,Desktop,Bangalore,3,12,521,0
7888.180037904565,2,Card,Android,Bangalore,8,13,940,0
447.43338731344227,9,NetBanking,iPhone,Delhi,0,27,1698,0
1013.3839384611737,19,NetBanking,Desktop,Hyderabad,5,20,19,0
7102.435079965912,1,NetBanking,Android,Bangalore,1,47,1510,0
111.15913948196477,23,Card,Android,Chennai,5,48,1882,0
8488.013022828796,9,UPI,Desktop,Bangalore,6,37,3159,1
70.23610267775612,7,NetBanking,Android,Bangalore,2,34,530,0
5351.856807085196,16,UPI,iPhone,Hyderabad,3,6,2285,0
2271.3909845272897,21,Wallet,Android,Chennai,1,8,3246,0
4727.244300740866,0,Wallet,iPhone,Bangalore,6,21,2152,0
5954.154476886027,5,Card,iPhone,Hyderabad,8,39,937,1
2096.364130949795,6,Card,iPhone,Hyderabad,4,21,237,0
571.2352437889626,14,Card,Desktop,Bangalore,4,45,1662,0
360.949889742447,17,Card,Android,Mumbai,8,6,2609,0
4445.03206867631,8,UPI,Desktop,Mumbai,7,41,3174,1
3676.6771412928306,7,Card,Desktop,Delhi,0,44,1972,0
6777.875514206576,9,UPI,iPhone,Mumbai,1,30,1195,0
3564.051290008453,3,NetBanking,Desktop,Mumbai,6,10,3210,0
2744.764854576543,19,NetBanking,Android,Hyderabad,2,11,597,0
2538.213292529121,7,Wallet,Desktop,Hyderabad,5,1,2086,0
134.0145643556021,0,Wallet,Desktop,Bangalore,0,10,943,0
2044.0324342331664,7,UPI,iPhone,Bangalore,7,25,391,0
18652.7084919955,22,Card,iPhone,Hyderabad,1,16,2809,0
10339.762025576105,11,Wallet,Desktop,Bangalore,0,19,1844,0
1997.7486950220764,22,UPI,iPhone,Hyderabad,1,10,617,0
4431.177316238579,14,Wallet,Desktop,Mumbai,7,47,2465,1
9396.293770925091,12,Card,Android,Bangalore,9,14,985,0
2910.4834485387833,15,UPI,Android,Mumbai,4,3,1048,0
90.60531471742378,22,Wallet,iPhone,Delhi,8,4,3504,0
387.1622549821492,17,Card,Android,Bangalore,2,40,1311,0
3570.758406840959,0,UPI,Android,Hyderabad,7,33,3154,1
17440.214427191266,16,UPI,Desktop,Hyderabad,3,20,1279,0
5907.951561905152,15,UPI,iPhone,Delhi,6,15,1559,0
367.78165250287014,22,NetBanking,Android,Hyderabad,9,7,2375,0
1049.6615010677706,4,UPI,iPhone,Mumbai,9,44,3570,1
7377.226888628265,19,Wallet,iPhone,Hyderabad,7,3,2632,0
9208.103472515239,20,UPI,iPhone,Delhi,2,27,630,0
4807.677386100961,9,UPI,Android,Chennai,2,37,399,0
5170.069669522323,5,UPI,iPhone,Chennai,0,29,3622,0
143.73352987942013,11,UPI,iPhone,Mumbai,7,26,156,0
8816.7423432607,9,UPI,Desktop,Chennai,1,27,1883,0
7762.33999694114,21,NetBanking,Desktop,Hyderabad,6,25,1151,0
1499.0104137526512,16,Card,Desktop,Delhi,6,40,277,1
6166.608502404391,1,NetBanking,Desktop,Mumbai,6,43,3052,1
1209.4318180231828,18,Wallet,iPhone,Chennai,3,30,3099,0
205.8298571776215,19,Card,Desktop,Hyderabad,6,44,2991,1
1122.8261983616321,5,Wallet,Desktop,Hyderabad,9,20,3640,0
983.901168050161,12,UPI,Android,Bangalore,7,7,637,0
2060.54562948295,8,Wallet,Desktop,Bangalore,8,29,874,0
2710.2873078462103,11,NetBanking,Desktop,Delhi,6,46,910,1
3551.8623535004763,17,NetBanking,Android,Mumbai,5,34,21,0
3238.516621463899,7,UPI,iPhone,Chennai,4,26,1550,0
1578.1764493021722,17,UPI,iPhone,Chennai,9,27,1265,0
148.0229596058624,22,Card,Android,Hyderabad,9,44,2155,1
4645.634093337294,21,NetBanking,Android,Chennai,6,9,716,0
2518.793515606484,1,NetBanking,iPhone,Delhi,9,22,540,0
1773.8991139896798,7,Card,Desktop,Bangalore,1,12,1245,0
10084.814809972026,9,NetBanking,Android,Hyderabad,4,6,2981,0
6866.758554618743,8,Card,Android,Mumbai,7,6,1638,0
9751.392575475924,23,NetBanking,Android,Hyderabad,5,27,2115,0
3415.8139020541366,17,Wallet,iPhone,Chennai,5,19,2684,0
701.6652268461355,7,Wallet,iPhone,Delhi,0,6,1825,0
5957.281256438961,18,Card,iPhone,Mumbai,1,49,242,0
1153.823719438679,2,Card,iPhone,Hyderabad,2,17,3054,0
2910.0837365164657,8,UPI,iPhone,Chennai,6,29,3596,0
336.0479674470436,12,NetBanking,Desktop,Hyderabad,9,23,396,0
8723.665796475989,8,Wallet,Desktop,Mumbai,5,17,1227,0
673.0349460559664,19,UPI,iPhone,Chennai,4,21,220,0
11670.250166855218,11,NetBanking,iPhone,Bangalore,8,10,2739,0
9983.987186377353,22,Wallet,iPhone,Mumbai,9,43,419,1
3123.544782406798,12,NetBanking,Android,Bangalore,6,8,3298,0
6820.085839542852,7,Card,Android,Bangalore,8,14,1238,0
4830.623797260611,14,Wallet,iPhone,Chennai,2,31,2407,0
8124.677976187879,12,Wallet,iPhone,Hyderabad,7,18,501,0
2826.45393349141,20,UPI,Android,Hyderabad,8,47,3543,1
7704.423653684194,12,NetBanking,Android,Delhi,1,30,1043,0
3103.730909317605,16,Card,Android,Mumbai,3,18,3423,0
14148.190680315362,14,Card,Android,Mumbai,1,25,3387,0
3331.281036291987,21,NetBanking,Android,Chennai,6,49,2829,1
3105.2422243805213,18,NetBanking,iPhone,Chennai,3,37,787,0
7687.2577327767385,2,Card,iPhone,Delhi,5,25,676,0
8618.010102351032,13,NetBanking,Android,Delhi,7,30,2262,0
4042.667988124749,9,UPI,iPhone,Bangalore,5,30,2540,0
991.0220010425551,16,NetBanking,Android,Delhi,3,36,222,0
3153.287198928827,7,UPI,Android,Hyderabad,5,11,1924,0
17221.43831363893,17,UPI,Android,Bangalore,0,48,2317,0
6991.555226448245,11,NetBanking,iPhone,Delhi,5,39,1108,0
8334.344861052256,16,Wallet,iPhone,Hyderabad,9,27,743,0
166.88171786272133,22,Wallet,iPhone,Hyderabad,7,16,1926,0
3154.2382827290376,10,UPI,iPhone,Bangalore,3,38,2092,0
5201.072609199273,8,NetBanking,Desktop,Bangalore,8,32,1612,1
8860.745585256424,21,UPI,Android,Hyderabad,5,29,976,0
252.64505675110942,23,NetBanking,Android,Chennai,5,10,161,0
9567.564271918922,23,NetBanking,iPhone,Bangalore,3,30,748,0
3974.8026049113973,22,Card,iPhone,Mumbai,7,11,1401,0
1098.9581923801034,14,Wallet,Desktop,Chennai,4,15,308,0
1908.1707950429525,8,Wallet,Android,Mumbai,0,44,1895,0
1655.9379870472246,11,Card,Android,Delhi,6,23,117,0
3784.259945739209,10,Card,iPhone,Bangalore,7,48,1626,1
265.3463520311532,16,Card,iPhone,Bangalore,5,23,2387,0
863.0611768858823,5,UPI,Desktop,Hyderabad,6,7,1805,0
8375.032643041393,7,UPI,Android,Bangalore,6,14,888,0
711.2982420315834,9,UPI,Desktop,Mumbai,3,9,1674,0
1328.9262985009007,14,UPI,Android,Chennai,3,28,1954,0
3019.9211506982306,3,UPI,iPhone,Delhi,0,6,1631,0
3639.94471302622,17,Wallet,Desktop,Chennai,1,43,2715,0
7211.371622209645,10,Wallet,iPhone,Mumbai,2,45,954,0
2964.9929571236285,8,NetBanking,Android,Delhi,4,22,1731,0
7800.01647117127,8,Wallet,Android,Hyderabad,9,18,940,0
4816.208222492486,7,Card,Desktop,Bangalore,8,44,3397,1
600.1137439709189,2,Wallet,iPhone,Bangalore,4,38,1029,0
849.9778051520457,20,Card,Android,Hyderabad,5,22,3493,0
2872.6777787232527,17,Wallet,Android,Mumbai,6,9,2119,0
2528.2733568136105,13,UPI,Desktop,Hyderabad,3,18,2152,0
6803.996102227104,2,Wallet,Desktop,Mumbai,7,21,56,0
4346.286022218027,16,NetBanking,iPhone,Delhi,5,15,1019,0
2456.20236367057,3,UPI,Desktop,Chennai,0,9,1331,0
936.2300106838194,20,UPI,Android,Chennai,5,42,2872,0
1286.3275910884154,17,NetBanking,iPhone,Hyderabad,1,2,496,0
4284.228362270056,14,Wallet,iPhone,Bangalore,3,14,3242,0
2753.3689777829195,18,Wallet,iPhone,Hyderabad,3,21,1165,0
3617.284664734839,21,NetBanking,Android,Bangalore,9,43,34,1
935.730492823335,5,UPI,Desktop,Hyderabad,9,45,1380,1
5436.971021808341,14,NetBanking,iPhone,Hyderabad,4,34,1442,0
9570.948937858719,6,Card,Android,Chennai,9,7,53,0
1491.622559482738,11,Card,Desktop,Bangalore,1,15,3075,0
3381.590199776577,15,Wallet,iPhone,Chennai,5,39,330,0
18550.991271361556,8,UPI,Desktop,Bangalore,2,12,805,0
2026.6386418564202,19,Card,Desktop,Delhi,8,7,1670,0
4519.91325166975,4,NetBanking,Desktop,Delhi,5,5,149,0
472.6287888201146,10,Wallet,Android,Delhi,2,47,3578,0
4657.212238840785,1,Wallet,iPhone,Mumbai,2,39,1325,0
469.53058298818786,21,UPI,iPhone,Chennai,4,23,133,0
15999.71043893296,15,Card,iPhone,Chennai,5,28,2307,0
6287.969504673017,3,Wallet,Android,Delhi,3,34,1300,0
7759.615030596574,4,NetBanking,Desktop,Hyderabad,4,25,3038,0
6088.74228500001,6,Card,Android,Chennai,2,2,2764,0
4454.68724977729,5,Wallet,iPhone,Bangalore,9,9,3133,0
2988.3921674176954,23,Wallet,Desktop,Chennai,3,34,2979,0
9772.805596769318,21,Card,Android,Chennai,7,46,2720,1
15713.703811646988,9,Card,Android,Bangalore,7,47,2195,1
3456.1069095463554,13,UPI,Android,Delhi,0,32,842,0
13407.166655800524,7,NetBanking,Android,Delhi,3,12,825,0
4377.338606634291,13,UPI,Desktop,Bangalore,1,19,1690,0
3865.111536091182,13,UPI,Android,Chennai,3,47,1862,0
3030.1041029963235,19,NetBanking,Desktop,Chennai,4,38,496,0
1174.1058600285708,22,NetBanking,Android,Delhi,0,10,2671,0
18.63297979641655,2,UPI,iPhone,Mumbai,4,10,602,0
1382.1034483086926,0,Card,Android,Delhi,6,35,3633,1
3563.925457469414,8,NetBanking,Android,Bangalore,4,41,944,0
2389.856049498074,8,UPI,iPhone,Mumbai,6,37,1440,1
2975.433277603055,21,Card,Desktop,Mumbai,8,32,131,1
19724.85425772694,1,Wallet,Android,Bangalore,7,7,723,0
2156.010178548887,15,Card,Android,Hyderabad,0,10,1252,0
3009.069393585895,7,UPI,iPhone,Delhi,9,43,765,1
716.555586537885,5,NetBanking,Desktop,Chennai,9,38,1118,1
245.7292323786082,22,Card,iPhone,Delhi,1,27,2725,0
7467.382999818863,12,Card,Android,Bangalore,5,32,572,0
4227.800564899125,0,Card,Desktop,Chennai,4,7,98,0
7150.286840150107,18,NetBanking,Android,Hyderabad,0,48,3259,0
811.7876472440922,14,NetBanking,iPhone,Bangalore,1,26,1617,0
4241.160480378878,0,Card,Android,Delhi,2,22,554,0
1462.7526833512272,9,Card,iPhone,Mumbai,9,12,1687,0
1294.2540293406007,0,UPI,iPhone,Bangalore,4,24,425,0
57.96476706366621,11,NetBanking,Desktop,Bangalore,6,46,2633,1
698.2689016465818,10,Card,iPhone,Delhi,5,29,2587,0
1850.017677862956,16,NetBanking,Desktop,Hyderabad,2,32,1617,0
621.4639191474174,3,NetBanking,Desktop,Delhi,5,16,1769,0
21293.18664169854,22,NetBanking,Desktop,Delhi,3,26,2222,0
1845.4198675021441,6,UPI,Desktop,Hyderabad,2,6,785,0
698.1724460266821,11,Wallet,Desktop,Hyderabad,3,1,1649,0
1109.9854988796685,12,NetBanking,iPhone,Bangalore,7,13,2810,0
4430.059346893535,4,NetBanking,iPhone,Mumbai,0,38,763,0
330.93151720620045,5,Card,Desktop,Delhi,2,6,1551,0
9918.26211533078,1,NetBanking,iPhone,Mumbai,9,38,1910,1
16285.443531102188,20,Wallet,Desktop,Hyderabad,7,12,953,0
1416.7733835297045,6,NetBanking,iPhone,Hyderabad,9,9,2533,0
2990.0511568946135,13,UPI,Desktop,Delhi,8,20,1193,0
111.91546944112199,21,Card,Android,Bangalore,2,39,585,0
5118.130213106927,13,Wallet,Android,Delhi,8,27,782,0
2671.5465828381084,9,UPI,Desktop,Bangalore,9,3,776,0
1573.9541929859797,3,Wallet,iPhone,Chennai,9,24,2027,0
1158.6333469116996,2,Card,Desktop,Bangalore,3,15,2892,0
5306.916022922881,22,NetBanking,iPhone,Delhi,3,34,2627,0
2691.1299685243857,13,Card,Desktop,Delhi,6,32,2819,1
990.1776191875862,5,Card,Desktop,Bangalore,5,21,430,0
5841.565863293532,22,NetBanking,iPhone,Mumbai,9,1,2180,0
4162.877148006566,14,UPI,iPhone,Bangalore,2,33,953,0
9783.361188230992,7,Wallet,Desktop,Chennai,7,11,3196,0
624.8459024631621,4,UPI,Android,Chennai,4,3,1198,0
7701.112707213975,2,NetBanking,Android,Mumbai,1,22,2435,0
5596.883730176898,2,Wallet,Android,Chennai,9,10,1165,0
610.8999602420944,12,NetBanking,Android,Delhi,2,44,2696,0
5934.27952066,1,UPI,Android,Mumbai,6,38,3512,1
2912.9266764194413,23,Card,iPhone,Mumbai,9,24,614,0
14500.72752873128,0,Wallet,Android,Mumbai,8,7,372,0
763.491553734489,11,NetBanking,iPhone,Bangalore,0,49,2862,0
5147.764568383159,7,Wallet,Android,Bangalore,5,49,287,0
2406.17266575406,18,Wallet,iPhone,Mumbai,8,36,3163,1
15711.272192096276,8,UPI,Android,Chennai,6,1,1233,0
2002.2004879154615,13,Card,Android,Delhi,2,1,2595,0
16375.367405244642,17,Wallet,iPhone,Delhi,6,26,1598,0
11587.775487363186,9,UPI,iPhone,Bangalore,1,17,942,0
1576.179312837477,8,Wallet,Desktop,Hyderabad,9,11,2200,0
8136.52737495526,5,Card,Android,Mumbai,1,3,577,0
27135.530748302655,0,Wallet,Android,Hyderabad,0,10,2269,0
1456.1953030095299,4,Card,iPhone,Delhi,2,2,858,0
2870.399687684203,9,UPI,iPhone,Bangalore,0,32,1324,0
3671.728902506015,12,UPI,Android,Bangalore,7,16,1379,0
1747.2990061469498,21,Card,Android,Bangalore,7,48,1587,1
76.91273349944534,22,Card,iPhone,Bangalore,3,26,2668,0
1243.1353535850756,3,UPI,iPhone,Bangalore,0,40,856,0
1655.9890449041122,0,Card,Android,Mumbai,1,39,2734,0
2931.336410608417,20,Card,iPhone,Hyderabad,1,10,1825,0
938.2937419601211,1,NetBanking,iPhone,Delhi,1,36,1216,0
10327.865047112375,23,Wallet,Android,Delhi,8,30,3482,0
6102.393615144768,3,UPI,Desktop,Bangalore,6,9,3429,0
445.2516943544079,16,UPI,iPhone,Bangalore,8,5,1703,0
5250.431527527485,9,NetBanking,Desktop,Bangalore,9,7,1268,0
5301.620768542385,22,Card,iPhone,Chennai,9,36,767,1
15643.024975021768,11,Card,Desktop,Delhi,1,1,2106,0
15.127216990292188,1,Card,iPhone,Bangalore,4,27,1050,0
1424.645658403203,2,UPI,Desktop,Hyderabad,0,12,486,0
13140.986129270887,13,NetBanking,Desktop,Chennai,1,16,1141,0
13451.094298030923,14,Wallet,iPhone,Mumbai,3,48,2290,0
6375.311134681122,12,NetBanking,Desktop,Chennai,9,8,3302,0
7257.116131395232,8,UPI,Android,Chennai,0,25,843,0
479.70816425727577,1,Wallet,Android,Chennai,7,13,1117,0
3606.456018583588,18,Card,Android,Hyderabad,5,41,221,0
1317.1135655118323,15,NetBanking,Desktop,Delhi,0,10,713,0
999.6873104671395,10,NetBanking,iPhone,Bangalore,8,40,227,1
8311.643967296535,11,UPI,Desktop,Hyderabad,0,33,2617,0
725.3493083511123,0,NetBanking,iPhone,Hyderabad,3,35,1606,0
3161.6871099660952,1,Wallet,Desktop,Bangalore,4,37,2633,0
13949.95551239541,15,NetBanking,iPhone,Chennai,8,39,767,1
1027.9430715816636,1,UPI,Desktop,Mumbai,1,28,776,0
19082.069746512316,18,NetBanking,Desktop,Chennai,8,16,2651,0
25825.917805680834,9,Wallet,Android,Chennai,0,8,1150,0
4055.344119286653,18,Wallet,Desktop,Delhi,3,33,2338,0
932.5078454906962,9,UPI,Android,Chennai,6,35,2547,1
1899.7535903047715,15,Card,iPhone,Mumbai,3,38,1496,0
2762.5179840850647,12,UPI,iPhone,Hyderabad,7,12,752,0
1850.423878436581,15,Card,Android,Chennai,6,15,2885,0
1646.9360332680271,17,Wallet,Desktop,Hyderabad,5,17,522,0
17918.94253287601,23,NetBanking,iPhone,Delhi,4,27,1748,0
832.4270303232502,7,NetBanking,Desktop,Mumbai,9,21,3094,0
6608.677489387274,23,Wallet,Desktop,Bangalore,2,21,908,0
2.0518681545813147,17,UPI,Desktop,Bangalore,7,17,3229,0
4533.963276293004,12,NetBanking,iPhone,Delhi,3,27,1695,0
12381.300929379393,6,UPI,iPhone,Mumbai,7,12,262,0
1697.9240368908602,20,NetBanking,Desktop,Hyderabad,0,48,2158,0
1026.0637124774548,22,Card,Android,Delhi,1,44,1799,0
5273.16546303886,23,NetBanking,Android,Chennai,1,36,501,0
6234.426010016589,17,Card,Android,Hyderabad,5,28,3438,0
5824.249565554253,5,NetBanking,Desktop,Chennai,4,25,3023,0
1923.2919843458221,8,NetBanking,Android,Chennai,9,9,2061,0
1453.1146437307154,5,NetBanking,iPhone,Hyderabad,9,47,63,1
15608.609452082454,17,NetBanking,Android,Chennai,6,37,3096,1
12839.235797732099,16,NetBanking,Android,Bangalore,1,23,1377,0
3056.146022058886,11,UPI,Desktop,Hyderabad,8,11,2388,0
9360.311703723482,2,Card,iPhone,Delhi,1,1,1043,0
3010.352269881469,4,Card,iPhone,Bangalore,0,16,742,0
2761.616125276099,6,NetBanking,Android,Delhi,1,13,2136,0
852.5357978001498,9,UPI,Desktop,Mumbai,2,20,581,0
2779.1677424510963,9,UPI,Desktop,Delhi,5,16,1174,0
3854.6457296888757,18,Wallet,Android,Hyderabad,6,16,1852,0
113.80707084717488,3,Wallet,iPhone,Delhi,5,35,1814,0
2935.9512605366244,9,UPI,iPhone,Mumbai,0,32,2140,0
7601.55720739119,17,Wallet,iPhone,Chennai,8,23,2193,0
5697.891098581616,2,Card,Desktop,Hyderabad,7,25,1887,0
5041.440621992505,20,UPI,Android,Bangalore,1,43,2223,0
12015.090424156639,2,Wallet,Desktop,Bangalore,0,28,3463,0
90.98283861160681,4,UPI,iPhone,Delhi,6,45,3217,1
4071.4646637394653,15,Wallet,Desktop,Bangalore,2,2,2508,0
7740.5112093568705,19,UPI,iPhone,Mumbai,2,3,1982,0
3897.180086328164,12,NetBanking,Android,Bangalore,9,31,703,1
1957.0385342855834,10,Card,iPhone,Delhi,8,33,2183,1
732.3627906570769,12,Wallet,Android,Bangalore,1,33,541,0
10926.814264601298,18,NetBanking,Desktop,Chennai,4,47,237,0
3181.588921195653,5,UPI,Desktop,Chennai,3,35,1736,0
10523.394589548647,23,NetBanking,Desktop,Bangalore,0,36,2820,0
4407.660883721758,12,Card,iPhone,Hyderabad,5,26,1654,0
5607.236930497856,3,Wallet,Android,Bangalore,5,12,1616,0
8154.86964255525,21,Wallet,Desktop,Chennai,0,44,3414,0
5381.645241428278,4,UPI,Desktop,Chennai,6,46,1611,1
2537.9446764813065,18,Card,Android,Mumbai,5,11,1723,0
3603.962927036916,4,NetBanking,iPhone,Delhi,3,6,1065,0
8123.91333337386,20,UPI,Desktop,Mumbai,6,25,2294,0
2339.232159333827,13,Wallet,iPhone,Hyderabad,2,46,828,0
2456.1073746870647,3,NetBanking,iPhone,Delhi,9,34,2507,1
502.91592679233685,11,UPI,iPhone,Bangalore,5,35,965,0
12301.134687189415,5,NetBanking,Desktop,Bangalore,5,21,2026,0
477.25068018863755,18,NetBanking,Desktop,Hyderabad,9,18,3642,0
5223.592670691073,9,UPI,Android,Chennai,5,8,624,0
2665.309118821937,0,NetBanking,Android,Bangalore,2,34,2252,0
2601.177038354912,22,NetBanking,iPhone,Mumbai,9,48,3624,1
5690.173761392099,22,Card,Desktop,Chennai,4,14,1497,0
347.2527343961386,15,Card,iPhone,Bangalore,0,19,2106,0
4503.388546476737,3,Wallet,Android,Chennai,5,20,3261,0
7392.745359529627,8,Card,iPhone,Delhi,6,4,2733,0
8807.49266148816,17,UPI,iPhone,Bangalore,4,38,2637,0
934.8440290997128,16,NetBanking,Desktop,Bangalore,4,32,2096,0
11385.515183807156,14,Wallet,iPhone,Chennai,5,26,1114,0
5337.691987081195,18,Card,iPhone,Delhi,6,28,1547,0
10679.204547216772,6,NetBanking,Desktop,Mumbai,3,12,1592,0
3320.6680434842433,17,UPI,Desktop,Delhi,6,10,3560,0
3904.7945170375842,5,NetBanking,Android,Mumbai,4,41,791,0
12568.893959544752,18,UPI,Desktop,Hyderabad,6,35,2593,1
11508.404677072236,20,NetBanking,iPhone,Delhi,0,33,180,0
2972.493562219093,11,Wallet,Android,Mumbai,9,14,1140,0
1603.8689443572098,2,Wallet,Android,Chennai,1,40,28,0
2497.536545842251,0,Card,Android,Mumbai,1,23,1139,0
2453.189932469742,4,Card,Android,Hyderabad,6,18,2948,0
1690.4358244605708,0,NetBanking,iPhone,Mumbai,8,44,220,1
1563.8344393267334,7,NetBanking,iPhone,Delhi,6,12,1779,0
9868.671144085461,6,Card,iPhone,Mumbai,5,42,3251,0
362.1111573684224,14,Card,iPhone,Delhi,2,36,2442,0
5659.984764414545,10,NetBanking,Android,Hyderabad,4,25,2039,0
948.6650783852766,17,NetBanking,iPhone,Mumbai,9,37,2868,1
2111.8298325193437,13,NetBanking,Android,Mumbai,1,40,2760,0
317.59139086478405,8,Wallet,Desktop,Hyderabad,8,22,1801,0
1573.3731579758198,4,UPI,iPhone,Mumbai,5,6,1810,0
7314.1725903334145,22,UPI,Desktop,Delhi,8,16,706,0
10814.782082155323,3,Card,Desktop,Bangalore,8,23,594,0
1252.1058275954572,11,Wallet,iPhone,Bangalore,6,9,1704,0
3113.889450278654,0,NetBanking,Android,Delhi,4,43,2114,0
3177.4493531314824,23,NetBanking,Desktop,Mumbai,3,35,3094,0
10340.54225262955,12,Card,iPhone,Delhi,0,29,3408,0
7194.238094657427,0,Card,Desktop,Hyderabad,8,14,3173,0
3598.248638743541,2,Wallet,Desktop,Delhi,5,5,3424,0
5554.647178258048,21,UPI,iPhone,Bangalore,1,21,3248,0
9398.20334086772,7,UPI,Desktop,Chennai,6,6,272,0
47.92370627495114,23,NetBanking,Android,Hyderabad,5,1,1073,0
2578.2698997825833,17,Card,Android,Mumbai,3,31,1378,0
11888.869560181502,15,Wallet,Desktop,Delhi,5,45,2042,0
6741.391690494464,19,NetBanking,Desktop,Hyderabad,5,41,2623,0
3913.624231001564,19,UPI,iPhone,Bangalore,4,28,936,0
3771.332723454185,15,UPI,Android,Mumbai,0,3,2360,0
2136.790840860035,1,Wallet,Desktop,Delhi,2,38,1378,0
3675.27104301359,16,NetBanking,Android,Delhi,6,23,2924,0
5326.6110117164135,9,Wallet,Desktop,Mumbai,1,40,2893,0
2709.54401624902,6,NetBanking,iPhone,Chennai,9,4,1968,0
6261.495442384756,9,UPI,iPhone,Chennai,9,6,1061,0
9874.767213708052,18,Card,Android,Hyderabad,0,12,908,0
840.2288021477625,19,Card,Android,Delhi,7,12,719,0
3003.2686639110057,8,UPI,Desktop,Hyderabad,6,7,1759,0
2621.412913277968,21,Card,Desktop,Mumbai,5,28,3421,0
5815.190945533799,16,Card,Desktop,Hyderabad,9,26,2402,0
1437.5268753712728,8,NetBanking,Android,Delhi,4,48,1568,0
5111.742382590878,8,Wallet,iPhone,Chennai,5,7,364,0
10497.782151267182,4,NetBanking,iPhone,Chennai,0,3,1687,0
2707.5548665138676,23,Wallet,Android,Mumbai,8,13,586,0
12096.476645359793,6,Wallet,iPhone,Bangalore,0,41,1301,0
24927.57162252295,10,Card,Android,Hyderabad,3,11,203,0
560.7623662869602,7,Wallet,Desktop,Mumbai,2,39,1932,0
1326.6891275080231,13,Wallet,Android,Chennai,3,23,2993,0
15016.7814615444,1,UPI,iPhone,Delhi,0,47,2557,0
15889.591575419181,9,Wallet,Android,Delhi,9,1,615,0
514.0814158570412,20,UPI,Android,Bangalore,3,34,175,0
75.56057675723699,23,NetBanking,Android,Bangalore,3,31,1235,0
878.318984262044,15,Card,Android,Chennai,2,33,1277,0
27623.30940522538,15,Wallet,iPhone,Bangalore,7,47,1378,1
992.2523558800235,18,UPI,Desktop,Bangalore,6,36,3390,1
3491.27709432908,10,NetBanking,iPhone,Delhi,8,36,1890,1
9433.133707858722,5,NetBanking,iPhone,Hyderabad,1,14,3438,0
103.06299067992423,5,NetBanking,Desktop,Delhi,9,37,1178,1
4637.883172044347,6,UPI,iPhone,Delhi,2,32,1320,0
1621.9062821633493,15,UPI,Desktop,Chennai,5,28,3603,0
9914.657371587748,12,Card,Desktop,Chennai,1,1,2994,0
1666.6140512237162,2,Wallet,Android,Hyderabad,1,47,952,0
5803.85973224111,23,NetBanking,iPhone,Mumbai,9,7,1565,0
5607.659219149821,23,Card,Desktop,Bangalore,1,16,2413,0
1251.8900055691226,8,UPI,iPhone,Bangalore,1,32,934,0
177.0955812572228,23,Card,iPhone,Delhi,4,24,1700,0
2631.808207174423,2,NetBanking,Desktop,Delhi,0,14,3413,0
1706.772742425321,5,NetBanking,Android,Hyderabad,6,47,266,1
8276.826817756804,16,Card,Desktop,Bangalore,0,15,2223,0
8056.302573208063,2,NetBanking,Android,Delhi,0,1,3031,0
3053.4503543654723,1,UPI,Desktop,Delhi,4,28,508,0
4663.526398865226,11,NetBanking,Desktop,Chennai,6,19,1652,0
4634.983129801668,23,Wallet,Android,Mumbai,2,7,1388,0
8776.891276688208,5,Wallet,Android,Hyderabad,6,18,251,0
2766.9471833436314,9,NetBanking,iPhone,Mumbai,8,47,2567,1
1610.9996202856505,10,Card,Desktop,Mumbai,3,13,486,0
1539.6614428601995,15,NetBanking,iPhone,Hyderabad,4,18,197,0
3841.4260382298494,15,Wallet,iPhone,Bangalore,7,4,1299,0
2981.447382420767,23,UPI,Android,Delhi,8,4,1390,0
2900.1709049226884,17,Wallet,Android,Hyderabad,4,27,3617,0
477.80642163552403,21,NetBanking,iPhone,Delhi,4,16,1688,0
6339.95713766167,22,NetBanking,Android,Chennai,1,14,3051,0
1202.3177004310903,23,Card,Desktop,Mumbai,8,14,3070,0
1096.7141050492162,8,NetBanking,Android,Chennai,5,7,3607,0
2661.594118733971,20,NetBanking,Android,Mumbai,4,45,2303,0
1292.418239561669,18,UPI,Desktop,Bangalore,4,14,1110,0
4383.646865803298,1,UPI,Android,Hyderabad,3,42,2916,0
2321.804611192316,23,UPI,iPhone,Bangalore,0,45,2229,0
2979.301347908659,0,Card,iPhone,Mumbai,5,6,2197,0
3851.969985953516,15,Card,iPhone,Chennai,0,43,1362,0
1137.863744230151,21,Wallet,Android,Mumbai,9,38,2662,1
846.5427098768783,17,Card,Android,Bangalore,1,27,3163,0
10618.927943157227,2,UPI,Android,Bangalore,6,11,2597,0
2843.3658117371324,23,Card,iPhone,Chennai,0,31,1073,0
2655.9377190626137,0,NetBanking,Android,Chennai,7,49,1945,1
181.30865772121655,5,Card,Desktop,Bangalore,7,3,1063,0
3445.5397720168367,18,NetBanking,Android,Mumbai,6,1,3614,0
4039.0847055757527,21,Wallet,iPhone,Mumbai,6,16,555,0
4091.7481589187764,18,NetBanking,Desktop,Hyderabad,0,44,1230,0
6138.44527782701,10,UPI,Desktop,Bangalore,2,27,3070,0
976.923557345859,7,Wallet,iPhone,Hyderabad,8,46,226,1
1453.2532665261278,4,Wallet,Desktop,Bangalore,4,3,2486,0
8322.915849797204,19,Wallet,Desktop,Hyderabad,4,8,2080,0
14703.438719400106,8,UPI,Desktop,Delhi,6,16,3167,0
730.5233725606236,14,NetBanking,Desktop,Mumbai,9,47,1457,1
3442.2865212635224,20,Wallet,Desktop,Mumbai,7,2,2,0
1205.1137591260385,13,UPI,Android,Delhi,5,29,1535,0
309.76622711593814,3,Wallet,iPhone,Chennai,4,16,303,0
1968.9427619228977,23,Wallet,iPhone,Delhi,0,29,487,0
775.6002277934498,23,UPI,Android,Mumbai,9,31,2659,1
6188.218006831482,7,Card,Android,Bangalore,9,42,1559,1
3814.9028867121474,19,Wallet,iPhone,Hyderabad,9,11,390,0
776.4577326180669,16,Card,iPhone,Mumbai,8,32,2778,1
46.42278409731189,1,Wallet,Android,Delhi,5,24,2782,0
8255.391026684732,19,Card,Android,Bangalore,2,19,1321,0
969.1035335973075,15,NetBanking,Desktop,Mumbai,9,32,2560,1
4659.771871305962,9,Card,Android,Delhi,6,10,2858,0
2054.3125878339506,1,Card,Android,Mumbai,3,49,2037,0
4403.241902655743,10,Card,Desktop,Delhi,2,32,990,0
1896.4554811635455,9,Card,Desktop,Delhi,6,23,2632,0
454.7660099679579,18,NetBanking,iPhone,Mumbai,5,33,1249,0
1261.252958168237,13,UPI,iPhone,Bangalore,3,30,2698,0
1041.6353381371855,10,Card,Android,Mumbai,9,30,3282,0
2793.2506055556305,8,UPI,Desktop,Mumbai,7,7,3184,0
5368.873312370775,6,Wallet,Desktop,Bangalore,1,16,740,0
1531.3085491606957,14,UPI,iPhone,Mumbai,5,43,503,0
60.716842284251044,19,Card,iPhone,Hyderabad,2,1,1586,0
3658.7889876522545,16,UPI,Android,Hyderabad,7,30,2379,0
4653.970614118224,2,NetBanking,Desktop,Hyderabad,7,34,392,1
16466.716577679177,14,NetBanking,iPhone,Delhi,0,34,2817,0
4451.541136946638,13,Card,Android,Chennai,1,38,1736,0
3185.465497704534,7,UPI,Android,Mumbai,3,31,2757,0
4259.561421227038,3,Wallet,Android,Chennai,0,8,3585,0
13148.549853399183,9,NetBanking,iPhone,Hyderabad,2,20,2499,0
8812.308717018397,1,Card,iPhone,Bangalore,3,46,283,0
1950.2629675562969,13,NetBanking,iPhone,Hyderabad,9,29,2413,0
1354.1533817751642,7,Card,iPhone,Mumbai,2,31,189,0
1523.3518824561718,22,UPI,iPhone,Chennai,4,21,125,0
3510.1429157263997,9,UPI,Desktop,Chennai,9,26,1815,0
6813.85511011857,17,UPI,Desktop,Delhi,6,31,940,1
3498.0320545585414,14,UPI,Desktop,Bangalore,7,20,487,0
351.0201437171605,4,UPI,Desktop,Hyderabad,7,22,936,0
6429.181823897217,21,Card,Android,Bangalore,1,40,2955,0
8198.715779244832,12,NetBanking,Android,Mumbai,0,26,2925,0
1708.9166334594408,17,Wallet,Desktop,Delhi,5,17,2699,0
5455.092065579101,1,NetBanking,iPhone,Hyderabad,0,25,2662,0
2780.7880060353646,12,UPI,Desktop,Mumbai,5,37,1823,0
10996.504665092449,13,NetBanking,Desktop,Bangalore,6,27,1980,0
9328.93217927643,9,NetBanking,Android,Delhi,8,3,3383,0
3726.7517944596807,3,Card,iPhone,Hyderabad,9,24,408,0
5880.25706251804,14,Wallet,Android,Bangalore,9,25,1342,0
10742.873587420774,7,Wallet,iPhone,Hyderabad,0,10,3219,0
3423.0884027310526,14,UPI,Android,Delhi,6,36,2549,1
1878.9301612912948,13,Card,Desktop,Delhi,3,42,3424,0
7005.337500969265,20,Card,iPhone,Bangalore,8,18,808,0
1242.7315246896721,8,Card,Android,Hyderabad,3,45,358,0
2459.4563110109584,19,Card,Desktop,Chennai,1,17,273,0
10039.4100198231,2,Card,Android,Mumbai,0,14,2915,0
6444.4290180596945,14,Wallet,Android,Delhi,6,19,2558,0
2585.987784473062,23,Wallet,Android,Hyderabad,6,18,1036,0
1208.7306975803683,16,NetBanking,Desktop,Bangalore,2,23,1167,0
2200.037357618269,15,Wallet,iPhone,Bangalore,4,8,1191,0
1671.1029120832343,3,Card,Android,Delhi,9,16,269,0
968.4655704955264,10,NetBanking,Desktop,Delhi,6,25,2142,0
6799.8770867268695,7,Wallet,Android,Chennai,7,43,2154,1
1452.2286849527084,2,NetBanking,iPhone,Bangalore,8,32,1811,1
3027.21536102501,18,Wallet,Android,Hyderabad,9,49,1737,1
2437.657315420447,13,UPI,Desktop,Mumbai,9,19,1337,0
20108.45800319816,8,Wallet,Android,Mumbai,0,18,1628,0
2480.4424548419447,2,NetBanking,Android,Chennai,8,32,236,1
416.8128434100395,3,UPI,iPhone,Hyderabad,5,46,60,0
470.59608555655615,3,Card,iPhone,Mumbai,5,49,696,0
4467.190779384266,10,NetBanking,iPhone,Mumbai,6,40,1433,1
4573.504378555797,18,Card,Android,Hyderabad,8,15,1384,0
2712.9489484861733,15,Card,Desktop,Hyderabad,6,49,3305,1
2826.7935426359954,22,NetBanking,Android,Delhi,6,21,948,0
277.2072348680789,21,Card,Android,Mumbai,2,11,3173,0
3634.0008196832814,16,NetBanking,Android,Mumbai,9,29,2793,0
3513.3567125214736,9,NetBanking,Android,Chennai,8,32,2135,1
809.9442827442434,23,Wallet,iPhone,Delhi,3,6,748,0
548.1781274956039,16,UPI,iPhone,Delhi,5,19,3180,0
659.5064133056627,15,Card,iPhone,Mumbai,6,16,1478,0
532.5183245271045,19,Card,iPhone,Bangalore,8,12,2697,0
4704.303015302539,21,UPI,Desktop,Bangalore,9,15,377,0
1093.7825199885215,5,UPI,Android,Hyderabad,2,11,387,0
1447.9538121270105,6,UPI,Android,Delhi,1,39,1869,0
953.2132714020807,13,UPI,Android,Mumbai,1,10,63,0
15830.860031947966,10,UPI,Desktop,Mumbai,1,37,230,0
9641.934126518761,11,Wallet,Desktop,Mumbai,8,49,2423,1
1310.0380831543469,13,NetBanking,iPhone,Chennai,7,24,2286,0
1984.258753440845,4,UPI,Android,Bangalore,8,36,2909,1
1177.9335003390013,4,Wallet,Android,Chennai,8,1,2295,0
3385.148434598141,19,UPI,Desktop,Mumbai,0,46,386,0
99.02685211840375,21,UPI,Android,Mumbai,9,17,1062,0
5564.083611781544,22,Card,Desktop,Delhi,9,14,3316,0
3702.8519702467734,14,Card,iPhone,Delhi,8,38,519,1
11445.330849158068,0,Card,Desktop,Bangalore,0,25,2408,0
897.9824717286357,23,Card,Android,Hyderabad,4,37,3466,0
8150.9907650366085,22,NetBanking,Desktop,Mumbai,3,35,1101,0
7850.148931976145,8,NetBanking,Desktop,Delhi,7,22,1467,0
680.1364623461184,2,Card,iPhone,Bangalore,4,47,1793,0
2542.136045849868,3,Card,Android,Chennai,8,7,37,0
932.5675004874208,15,UPI,Android,Mumbai,0,11,409,0
1469.9798189455435,6,UPI,iPhone,Hyderabad,7,10,3422,0
1527.5073271370659,21,Card,Desktop,Bangalore,5,14,844,0
4062.316386560949,13,Card,Desktop,Hyderabad,0,35,3333,0
2650.1350791654518,15,Card,Android,Mumbai,1,46,2872,0
14756.931661774193,17,UPI,Desktop,Bangalore,3,49,1487,0
675.4924820067059,15,Card,iPhone,Delhi,4,36,554,0
18189.436646904836,15,Card,Android,Hyderabad,0,6,3520,0
1310.9725557747154,1,NetBanking,Desktop,Chennai,9,5,3066,0
7411.250346564971,9,NetBanking,iPhone,Chennai,6,42,2097,1
2069.7797134808634,6,UPI,iPhone,Hyderabad,3,7,1838,0
772.0617102234843,14,NetBanking,Android,Mumbai,0,15,3143,0
9755.740700667624,8,UPI,Android,Mumbai,5,21,246,0
1847.0708595406743,6,Wallet,Desktop,Mumbai,8,18,2,0
5377.244285252318,23,Card,Desktop,Chennai,8,1,1015,0
4178.667918354132,15,UPI,Desktop,Chennai,3,4,2883,0
3190.987832529752,2,NetBanking,iPhone,Delhi,6,11,1924,0
3424.1044292789757,16,Wallet,iPhone,Mumbai,9,10,2110,0
6588.2821594768275,22,NetBanking,Desktop,Chennai,0,45,880,0
459.3316111545745,7,UPI,Android,Chennai,9,19,1872,0
5515.823103498092,1,Wallet,iPhone,Mumbai,8,42,2587,1
11307.7964633498,19,NetBanking,iPhone,Mumbai,0,30,342,0
297.62592875712124,2,Wallet,Desktop,Chennai,8,41,2115,1
757.9143761687596,7,Card,Android,Hyderabad,5,41,2929,0
6305.043246659897,1,Card,iPhone,Chennai,9,20,1402,0
2874.8801966390865,18,Wallet,Android,Delhi,6,27,726,0
2583.78775465873,16,NetBanking,iPhone,Bangalore,3,12,1972,0
736.5096323626634,4,NetBanking,Android,Mumbai,8,14,2887,0
3533.8988242229684,19,NetBanking,Android,Delhi,5,34,57,0
676.495119516575,16,Card,iPhone,Hyderabad,5,42,1310,0
3237.241865812795,9,UPI,Android,Bangalore,9,38,1480,1
7211.4735598212965,8,UPI,iPhone,Chennai,5,2,1747,0
1493.8118838630835,21,Wallet,iPhone,Mumbai,3,49,3527,0
3277.197366535709,5,NetBanking,Android,Chennai,6,32,193,1
24151.559534593278,10,Wallet,iPhone,Delhi,1,18,1936,0
5802.179266852033,1,UPI,Android,Mumbai,1,21,2674,0
9205.48721320163,22,UPI,iPhone,Chennai,5,46,3577,0
2679.4148203451387,11,NetBanking,Android,Mumbai,8,11,1146,0
7302.093088203279,11,Wallet,iPhone,Delhi,2,30,1896,0
206.76261853261758,15,NetBanking,iPhone,Chennai,6,19,3551,0
655.7350877783849,21,UPI,Desktop,Bangalore,8,48,2151,1
1134.9458870736044,23,UPI,iPhone,Hyderabad,8,40,667,1
2570.4206732143252,11,NetBanking,iPhone,Chennai,2,30,586,0
9345.73706512552,20,Wallet,Android,Mumbai,0,35,354,0
2125.27407889435,17,Card,Android,Chennai,1,4,2223,0
5315.567372452303,12,NetBanking,Android,Mumbai,7,21,2062,0
6177.563231784838,14,UPI,Android,Delhi,6,5,898,0
4411.64935502062,15,Card,Desktop,Hyderabad,0,36,2727,0
2209.934684369869,3,NetBanking,Desktop,Mumbai,2,27,2615,0
4302.546056146331,11,Card,Android,Chennai,7,7,3542,0
2094.770327992616,16,NetBanking,Android,Delhi,6,31,3098,1
438.00541899173726,0,UPI,Android,Bangalore,4,20,44,0
24671.134657470546,21,NetBanking,Android,Chennai,2,25,1605,0
680.1437056394813,17,Card,iPhone,Hyderabad,6,38,2086,1
375.49515148855306,21,Wallet,Android,Delhi,4,25,2896,0
10540.470640629708,15,UPI,iPhone,Chennai,0,17,524,0
1796.4966437936373,0,UPI,Android,Mumbai,4,46,1129,0
5253.354910145948,9,Card,Desktop,Mumbai,2,37,1388,0
1994.9734051841372,18,NetBanking,Desktop,Mumbai,1,15,2538,0
2483.4160933535163,15,NetBanking,Android,Chennai,2,10,3345,0
1519.8227235646839,13,NetBanking,Desktop,Hyderabad,9,34,2841,1
2100.691213194085,1,UPI,Desktop,Mumbai,3,44,3160,0
2644.10283452623,23,UPI,Desktop,Chennai,0,43,2699,0
6372.263709960044,5,Card,Desktop,Chennai,3,7,658,0
3582.449514218305,21,NetBanking,iPhone,Hyderabad,8,39,1795,1
14373.347967475354,22,NetBanking,iPhone,Delhi,0,25,2387,0
213.91329474615324,4,Card,iPhone,Delhi,6,39,1350,1
3496.513662099751,11,UPI,iPhone,Chennai,7,46,2647,1
4388.052612676499,3,UPI,Android,Delhi,8,44,2024,1
12640.970033733887,21,Wallet,Desktop,Bangalore,6,28,1863,0
252.03960918250633,23,Wallet,Desktop,Hyderabad,8,42,3439,1
4260.709694313188,3,NetBanking,Android,Chennai,9,27,2924,0
9608.085640946627,4,UPI,Android,Delhi,2,37,777,0
1384.882761978619,6,NetBanking,iPhone,Delhi,0,39,1730,0
10449.17073197543,5,UPI,iPhone,Hyderabad,1,38,1664,0
96.13535210298751,12,Wallet,Desktop,Mumbai,9,28,3194,0
6592.330581566589,3,Card,Android,Delhi,0,34,756,0
13523.769786089357,12,UPI,Desktop,Hyderabad,1,29,559,0
5353.0063546420015,3,Wallet,Android,Mumbai,8,45,2994,1
2890.4325156278105,9,Wallet,iPhone,Chennai,4,48,320,0
229.59678090591404,19,UPI,Desktop,Mumbai,3,8,3437,0
12635.761618959941,0,NetBanking,Desktop,Delhi,1,13,303,0
3177.1866971180953,20,UPI,Android,Chennai,2,46,1099,0
147.12728899168147,7,Wallet,Desktop,Chennai,8,37,3523,1
5853.029793752701,6,UPI,iPhone,Mumbai,2,3,1405,0
3287.3295189117853,4,Card,Desktop,Chennai,7,14,1322,0
663.9173187790935,2,NetBanking,Android,Mumbai,0,32,305,0
1205.7217986599728,14,UPI,Desktop,Mumbai,4,23,2078,0
333.3208560901886,16,Wallet,iPhone,Mumbai,1,23,8,0
4270.026152863628,22,Wallet,Android,Hyderabad,3,13,1445,0
4864.695369214528,12,NetBanking,Android,Delhi,1,49,8,0
3523.491172825482,14,UPI,iPhone,Chennai,2,41,1775,0
8494.1369288903,18,Wallet,Android,Bangalore,4,39,1215,0
9866.724052564321,19,NetBanking,Android,Delhi,1,21,3200,0
4780.675354088564,13,Card,Desktop,Bangalore,8,43,2571,1
64.19271113789438,20,NetBanking,Android,Mumbai,7,48,256,1
5940.983778317364,12,UPI,Desktop,Chennai,4,31,2281,0
2706.4174287696337,11,UPI,iPhone,Delhi,0,7,2425,0
4168.458202213872,23,Wallet,iPhone,Bangalore,4,36,698,0
5235.993586339748,22,Card,iPhone,Bangalore,3,19,2681,0
2155.7350220310886,8,UPI,iPhone,Bangalore,8,22,2727,0
12450.510926500652,2,Wallet,Android,Delhi,1,24,2704,0
719.206743059743,10,NetBanking,Android,Hyderabad,6,24,839,0
5566.271923601471,9,NetBanking,Desktop,Mumbai,1,21,1924,0
21.845553176015517,0,UPI,Desktop,Chennai,2,43,3424,0
12928.130121458527,16,Card,Desktop,Bangalore,2,13,1637,0
596.757074065457,12,Wallet,Android,Delhi,9,6,430,0
498.4621048736349,13,UPI,Desktop,Bangalore,7,28,1046,0
2024.8833849421644,0,Wallet,Android,Delhi,1,32,1735,0
2338.5615698859615,1,NetBanking,iPhone,Hyderabad,0,13,1293,0
1205.9016542466954,1,Wallet,Android,Bangalore,5,34,3154,0
4398.849802957196,6,NetBanking,iPhone,Bangalore,5,32,1706,0
2925.1791420004047,8,Card,Desktop,Chennai,0,14,2559,0
173.86615242656688,23,Card,Android,Delhi,4,32,2061,0
1925.7546925904337,3,NetBanking,Desktop,Delhi,8,45,994,1
8315.061495128695,1,UPI,Desktop,Hyderabad,9,5,2973,0
5851.10326960267,18,NetBanking,iPhone,Bangalore,9,35,2991,1
6452.573341041038,4,Wallet,Desktop,Chennai,4,4,1221,0
5988.577512073968,8,Wallet,Android,Mumbai,6,14,3062,0
1862.3742627103857,23,Wallet,Desktop,Chennai,5,18,1631,0
524.9358272349859,12,UPI,iPhone,Chennai,9,11,267,0
1590.480865477655,11,Card,iPhone,Chennai,3,19,1855,0
8912.570702028157,18,Card,Desktop,Chennai,1,2,3123,0
19679.221920177406,8,Wallet,iPhone,Bangalore,9,34,1212,1
3404.581564914727,9,UPI,Desktop,Chennai,4,3,303,0
48.73854927230899,18,Wallet,iPhone,Delhi,9,29,2052,0
754.3749911251595,9,Card,Desktop,Delhi,8,23,1799,0
1943.6342037672412,11,NetBanking,Desktop,Chennai,2,48,3415,0
4320.690049043237,13,Wallet,Android,Delhi,2,1,2079,0
390.3139265157167,7,Wallet,Android,Bangalore,6,42,1654,1
14354.960692324368,15,Wallet,Desktop,Mumbai,9,6,1745,0
2271.310288617743,16,Card,Android,Chennai,1,17,2250,0
12185.397198397251,19,UPI,Android,Delhi,7,19,542,0
7582.511902947734,3,NetBanking,iPhone,Delhi,6,44,2205,1
7041.417244215452,5,NetBanking,Android,Bangalore,7,48,1745,1
4666.161920549498,11,NetBanking,iPhone,Bangalore,9,2,1067,0
4927.987241399274,17,Wallet,Android,Mumbai,5,15,3157,0
5080.600021288804,6,Card,Android,Hyderabad,4,23,2454,0
4954.012599250783,4,NetBanking,Desktop,Hyderabad,3,19,688,0
4034.1358294895426,9,Wallet,Android,Hyderabad,7,33,2791,1
21493.58394325175,5,UPI,Desktop,Mumbai,1,6,1384,0
6589.265467304805,13,Wallet,Desktop,Chennai,5,19,2480,0
7501.7156281009675,5,NetBanking,Desktop,Hyderabad,9,30,1904,0
10296.736552508228,13,NetBanking,Desktop,Hyderabad,5,22,3001,0
1214.4343892208617,11,UPI,Android,Delhi,4,3,2198,0
437.6256852271585,21,Card,Desktop,Delhi,1,5,2971,0
3297.541203938545,11,UPI,Android,Chennai,4,30,319,0
3608.5635461837314,7,UPI,Android,Bangalore,2,3,3332,0
8835.77664275363,9,NetBanking,iPhone,Mumbai,6,39,2906,1
2932.989072865028,15,NetBanking,iPhone,Hyderabad,6,39,487,1
4229.779104642703,19,Card,iPhone,Mumbai,7,28,977,0
3744.049387266215,7,NetBanking,Desktop,Delhi,9,1,2051,0
194.7582223159744,8,UPI,Android,Mumbai,8,22,1361,0
4775.351367549396,12,UPI,Android,Delhi,0,45,936,0
8802.562476594792,19,Card,Desktop,Mumbai,3,45,2387,0
856.9113364545528,16,NetBanking,iPhone,Delhi,5,47,3047,0
4511.097660040164,18,NetBanking,iPhone,Mumbai,6,39,764,1
4502.21664517409,16,UPI,Android,Hyderabad,4,17,1909,0
896.7396962391008,6,UPI,Android,Hyderabad,5,42,911,0
658.8850835299704,0,NetBanking,Android,Chennai,0,28,2355,0
19573.117663471025,19,Wallet,iPhone,Mumbai,4,30,1690,0
2502.059919214588,13,UPI,Android,Bangalore,1,40,3363,0
1290.109766511145,16,UPI,iPhone,Chennai,1,8,3454,0
939.6334479360585,12,UPI,iPhone,Mumbai,0,27,901,0
5507.106855991765,1,Card,iPhone,Bangalore,9,41,1198,1
4700.936179221285,13,NetBanking,Desktop,Hyderabad,8,45,24,1
5157.836286777442,0,NetBanking,Desktop,Hyderabad,3,25,1026,0
460.60949021540216,4,NetBanking,Android,Hyderabad,3,13,1188,0
11199.675371264811,6,UPI,iPhone,Bangalore,8,34,3572,1
2465.4720810544677,18,NetBanking,Android,Delhi,4,39,1581,0
1879.7942044150168,13,NetBanking,iPhone,Mumbai,3,7,1008,0
3102.843898178061,23,NetBanking,Android,Chennai,6,22,1375,0
2472.0231609222255,13,Card,Android,Chennai,4,33,1118,0
9959.974745486614,14,Card,Desktop,Hyderabad,7,46,204,1
13243.789404820593,4,UPI,Desktop,Delhi,2,38,3195,0
1808.1015926358593,4,NetBanking,Desktop,Mumbai,7,31,37,1
9973.142503169995,20,UPI,Desktop,Mumbai,5,45,2678,0
7605.375630181049,23,UPI,iPhone,Chennai,8,33,3001,1
13354.326472697008,1,UPI,Android,Chennai,5,22,853,0
1410.1590742272786,17,UPI,Android,Chennai,3,27,3212,0
4301.432663903003,23,UPI,iPhone,Mumbai,1,27,634,0
1604.778311790175,8,UPI,iPhone,Chennai,2,21,2792,0
8689.041529332877,9,Card,Android,Mumbai,6,35,1253,1
26.69207291858203,17,Wallet,Desktop,Hyderabad,9,47,419,1
4159.968083887477,3,Card,Desktop,Delhi,4,10,1517,0
2071.546246958159,7,UPI,Desktop,Chennai,6,47,1764,1
1948.0845867783864,17,Wallet,iPhone,Mumbai,6,28,885,0
5176.868239395655,19,Wallet,Android,Hyderabad,5,40,328,0
9535.328038988455,16,NetBanking,iPhone,Bangalore,1,37,1179,0
4697.737830665552,15,UPI,Android,Hyderabad,4,41,3428,0
9592.50055288178,17,UPI,Desktop,Delhi,9,33,1031,1
1536.6839142320284,6,Card,Desktop,Hyderabad,5,8,2563,0
3664.6595532602073,0,Wallet,Desktop,Chennai,7,37,2052,1
2994.0650123343853,0,Wallet,Android,Chennai,0,41,728,0
58.56616174704852,17,UPI,Desktop,Bangalore,9,33,776,1
4068.807713538374,3,NetBanking,Android,Mumbai,6,19,2093,0
5416.515239207629,22,UPI,iPhone,Hyderabad,4,30,2253,0
4481.391667454769,19,Wallet,Desktop,Bangalore,6,14,1225,0
6664.334804669585,20,NetBanking,iPhone,Chennai,2,14,2964,0
4235.450575124729,19,NetBanking,iPhone,Mumbai,3,36,2298,0
345.41217133122785,3,Wallet,Android,Mumbai,1,7,1236,0
619.0116495477728,5,UPI,iPhone,Delhi,5,43,3205,0
4537.5789420457695,2,UPI,Android,Chennai,4,34,686,0
1607.7746190665334,5,UPI,Android,Mumbai,0,32,3141,0
414.9797700171963,12,Card,iPhone,Delhi,0,42,2339,0
2807.1110979301034,22,Card,Android,Delhi,7,33,1985,1
4040.7995138441615,6,NetBanking,Android,Chennai,7,14,2026,0
1993.0382839449899,23,UPI,Android,Mumbai,5,25,2703,0
6372.579065879374,3,Card,iPhone,Mumbai,8,28,1553,0
5160.901981871179,0,NetBanking,Android,Hyderabad,0,42,2380,0
2023.4647396904113,5,Wallet,Desktop,Mumbai,9,39,430,1
7029.884567861351,23,Wallet,iPhone,Delhi,7,30,2808,0
5230.5030401688355,4,UPI,iPhone,Bangalore,1,31,2788,0
5072.900683197586,12,Wallet,Android,Chennai,7,24,3517,0
4030.769837224188,18,Wallet,iPhone,Bangalore,2,4,1195,0
57.275135552167,3,Wallet,Desktop,Mumbai,5,14,378,0
5961.986687749041,23,NetBanking,iPhone,Delhi,6,9,847,0
2358.359428934184,5,Wallet,iPhone,Bangalore,2,36,206,0
14289.400782469938,12,Wallet,iPhone,Chennai,1,6,1627,0
8518.324600029811,4,NetBanking,Android,Hyderabad,0,24,3094,0
4429.953128294072,12,Card,Desktop,Bangalore,4,26,1161,0
1452.9781090499864,9,NetBanking,Desktop,Hyderabad,0,34,3375,0
1139.005612882442,2,Card,Desktop,Mumbai,0,1,1749,0
2080.4935070672723,22,NetBanking,iPhone,Mumbai,4,23,2051,0
3236.740221289937,12,UPI,Desktop,Chennai,2,17,3508,0
1755.3499059324254,11,Wallet,Android,Hyderabad,9,36,2847,1
3617.305141425589,3,Card,iPhone,Hyderabad,2,37,3085,0
903.8363796516246,9,NetBanking,Android,Chennai,6,45,514,1
19018.716659041867,2,Card,iPhone,Bangalore,2,20,1391,0
571.0228517156314,16,Card,Android,Chennai,1,26,3022,0
13437.132176807503,8,Wallet,iPhone,Mumbai,2,11,2823,0
12242.565689485837,0,Card,Android,Hyderabad,3,20,797,0
3725.998360792306,17,NetBanking,Desktop,Delhi,8,1,900,0
6453.289751511346,8,UPI,iPhone,Delhi,1,44,3204,0
2863.933329270543,20,UPI,iPhone,Mumbai,5,13,2904,0
4971.72865264127,19,Wallet,Android,Hyderabad,4,36,2965,0
2081.9422869162636,8,NetBanking,Android,Hyderabad,5,44,1779,0
1791.660293730053,1,NetBanking,Android,Chennai,4,38,2733,0
4316.4731511935415,18,UPI,iPhone,Bangalore,5,13,1407,0
3447.0675388351624,15,NetBanking,Android,Chennai,3,14,2972,0
4331.986467796447,2,Card,Desktop,Delhi,7,12,2022,0
1688.989643823475,15,Wallet,Android,Hyderabad,8,34,2312,1
2286.091213269419,20,UPI,Android,Bangalore,9,27,554,0
438.13761909413614,12,Wallet,Android,Chennai,6,12,3217,0
268.46175581758297,2,Card,Desktop,Bangalore,0,38,1417,0
1461.511176082491,9,UPI,Android,Delhi,4,36,494,0
385.7383331328565,21,NetBanking,Android,Bangalore,6,1,2493,0
547.8172817869573,17,NetBanking,iPhone,Hyderabad,4,26,852,0
8381.319382716747,5,Card,iPhone,Bangalore,4,40,3397,0
198.24724972561594,5,UPI,Android,Bangalore,4,40,2042,0
5378.525280232734,17,Wallet,iPhone,Chennai,4,21,2915,0
1591.1033145110862,5,UPI,Android,Bangalore,4,32,809,0
10260.909648705594,5,NetBanking,Android,Bangalore,0,25,460,0
3317.866985138537,21,UPI,Desktop,Delhi,5,12,1590,0
1823.3660773651775,12,UPI,Android,Bangalore,5,25,672,0
3645.311746419777,13,NetBanking,iPhone,Chennai,7,26,3295,0
2405.9944674207322,20,NetBanking,iPhone,Chennai,4,36,2783,0
4154.01894723186,6,Wallet,iPhone,Hyderabad,1,16,3009,0
608.1997041456109,12,UPI,iPhone,Delhi,6,14,1579,0
29029.911307672402,14,NetBanking,Android,Mumbai,0,46,581,1
2771.7622480168075,11,Card,Desktop,Hyderabad,4,34,1124,0
2140.32260759685,20,NetBanking,Desktop,Bangalore,4,49,716,0
6192.991164104536,0,Wallet,Android,Delhi,2,24,208,0
2261.9928113053907,2,Wallet,iPhone,Hyderabad,1,8,1296,0
8957.026810519648,17,Card,Desktop,Chennai,3,27,1941,0
3028.1612918229894,21,Wallet,Desktop,Delhi,6,39,2209,1
6356.949113206933,7,UPI,Android,Delhi,9,13,666,0
568.3817407481957,1,Wallet,iPhone,Bangalore,2,29,899,0
9357.884541923378,3,Card,Desktop,Delhi,5,31,89,0
6653.692570442088,17,Wallet,Android,Delhi,6,43,340,1
1189.48917752015,12,Card,Desktop,Mumbai,1,19,3119,0
784.941901651654,14,Wallet,Desktop,Bangalore,2,10,1780,0
1901.1243157151669,1,NetBanking,iPhone,Delhi,8,43,1785,1
18663.234333926124,9,Card,iPhone,Delhi,0,48,3190,0
1484.162885008036,1,Wallet,Desktop,Mumbai,7,40,1700,1
3045.199497232266,20,UPI,iPhone,Mumbai,0,34,2219,0
152.40029478542436,11,Card,Desktop,Chennai,2,46,417,0
2531.0774137939916,4,Card,Desktop,Bangalore,5,49,2565,0
4235.2229756939705,11,Wallet,Desktop,Mumbai,7,49,2820,1
15301.312641144925,22,NetBanking,Android,Delhi,6,43,2618,1
3635.9614189698214,0,NetBanking,iPhone,Mumbai,2,1,436,0
8549.256929478273,1,Wallet,iPhone,Hyderabad,5,19,2248,0
3960.724824397387,15,Wallet,Desktop,Chennai,0,1,3531,0
208.20025683098572,21,UPI,iPhone,Chennai,7,24,1899,0
1891.742606809478,1,Wallet,Desktop,Bangalore,8,25,2482,0
4284.79953126891,15,Card,iPhone,Chennai,8,4,3483,0
15038.413575521914,19,Wallet,iPhone,Bangalore,3,24,379,0
9799.601767474598,15,UPI,Desktop,Hyderabad,3,39,830,0
1296.1573760632893,5,Wallet,iPhone,Delhi,6,20,2938,0
1243.010884648566,12,Wallet,Desktop,Hyderabad,6,33,1773,1
1123.054180713352,11,Card,Android,Bangalore,5,28,1172,0
12787.315507331088,22,NetBanking,Desktop,Bangalore,6,43,1824,1
9575.270999218481,9,Wallet,iPhone,Bangalore,0,45,816,0
7455.684660292303,4,UPI,Android,Delhi,8,35,1243,1
2493.950989889356,7,Wallet,Android,Bangalore,5,24,2225,0
3509.7359798160014,5,Wallet,Desktop,Hyderabad,7,40,1490,1
3121.20118191129,4,Card,Android,Delhi,4,44,794,0
1461.1158887992608,19,NetBanking,Desktop,Hyderabad,6,2,890,0
3516.2708845251,21,NetBanking,iPhone,Delhi,2,23,3235,0
154.85621777822843,5,NetBanking,Desktop,Bangalore,9,33,1308,1
706.725622344521,21,Wallet,Android,Delhi,0,14,1857,0
10883.710736774197,16,Card,Desktop,Mumbai,6,15,3554,0
6965.180519044271,5,Card,Desktop,Hyderabad,4,32,887,0
2748.4248895985897,16,Wallet,iPhone,Mumbai,0,23,2458,0
3640.2499143632213,4,Card,Desktop,Mumbai,8,4,2746,0
2310.1684564031298,22,NetBanking,iPhone,Bangalore,8,20,2054,0
6750.388222645875,16,Card,Android,Bangalore,5,31,3122,0
7666.719087530738,16,Wallet,Android,Mumbai,8,7,2865,0
7204.4959831273845,12,Wallet,Desktop,Delhi,6,1,2490,0
6411.685194408303,21,UPI,Desktop,Bangalore,7,5,2094,0
1143.9494263208337,6,UPI,Android,Hyderabad,1,14,217,0
2062.221877470037,21,Card,Android,Mumbai,1,30,1233,0
3172.9334142303633,20,Card,Android,Hyderabad,3,38,346,0
2008.3091843171253,5,Wallet,Desktop,Hyderabad,0,23,1429,0
7031.2650861695765,13,UPI,Android,Hyderabad,7,7,2656,0
1997.5657131214643,15,UPI,Desktop,Mumbai,4,44,2073,0
743.8464339050151,2,NetBanking,Android,Chennai,6,39,1376,1
2546.138273064401,8,NetBanking,Android,Bangalore,1,16,1149,0
19538.768853561585,14,Wallet,Desktop,Hyderabad,4,9,3574,0
1280.1510193212475,20,Wallet,iPhone,Mumbai,8,39,1087,1
4735.794688947284,17,Wallet,Desktop,Chennai,8,46,339,1
2836.742226185258,9,Wallet,iPhone,Mumbai,1,34,322,0
368.3649289049014,9,UPI,Desktop,Bangalore,1,31,163,0
3345.9483953468316,22,Wallet,iPhone,Mumbai,4,45,336,0
6056.066914959852,2,Wallet,iPhone,Delhi,2,7,2512,0
3599.7147684490405,0,UPI,iPhone,Delhi,0,2,3361,0
10282.76990790253,2,NetBanking,Desktop,Hyderabad,0,6,1267,0
1704.9713446784567,4,Wallet,Desktop,Mumbai,4,44,1330,0
450.98680500437297,6,NetBanking,Desktop,Mumbai,2,34,1176,0
13788.74580857829,2,UPI,iPhone,Hyderabad,8,17,1119,0
2375.6545528065126,3,NetBanking,iPhone,Hyderabad,2,26,2026,0
4294.893853776916,16,UPI,Desktop,Chennai,2,12,407,0
7851.161144329294,2,Wallet,Desktop,Mumbai,2,20,2385,0
1960.1315521817291,22,NetBanking,Android,Bangalore,0,41,97,0
6296.8028424749,3,Wallet,Android,Bangalore,2,46,2853,0
727.5505438246313,1,Card,Android,Bangalore,4,35,2404,0
1721.570751487098,13,Card,Android,Hyderabad,7,35,3135,1
781.5771501756118,4,NetBanking,Android,Hyderabad,6,29,2488,0
8336.14447155109,20,UPI,Desktop,Hyderabad,3,48,2367,0
1259.3179788296115,1,NetBanking,iPhone,Bangalore,3,38,2835,0
6318.676949312759,14,UPI,iPhone,Chennai,3,31,917,0
14349.764006877505,10,Card,Desktop,Delhi,7,40,3623,1
3751.4690095470023,21,UPI,Desktop,Mumbai,7,13,2131,0
3882.9612647451804,9,Card,Desktop,Delhi,1,26,1736,0
3090.5099424356476,19,NetBanking,Android,Mumbai,6,22,1434,0
1971.810946770099,0,Wallet,Android,Hyderabad,4,8,2153,0
3228.027366704496,18,Wallet,Android,Bangalore,1,40,179,0
4616.671552008506,13,Wallet,Desktop,Delhi,2,7,1596,0
21340.480713394045,22,UPI,Desktop,Hyderabad,6,5,2816,1
13884.153278113517,21,Wallet,iPhone,Mumbai,5,1,2386,0
9908.053009878126,13,UPI,Desktop,Delhi,5,45,206,0
10997.008835191717,0,Wallet,Android,Delhi,6,40,2258,1
3154.14169881827,8,UPI,iPhone,Delhi,5,11,741,0
5356.605430512253,16,UPI,Desktop,Delhi,1,32,860,0
11272.152936740325,13,Card,iPhone,Delhi,7,7,634,0
2495.72689585719,12,Card,iPhone,Hyderabad,6,29,1660,0
16319.690015943352,12,NetBanking,Desktop,Mumbai,5,30,353,0
2687.4401558190225,5,Card,Android,Mumbai,4,21,1414,0
4595.005324969715,6,UPI,Android,Chennai,5,39,647,0
6186.005900631433,1,Card,iPhone,Bangalore,2,48,1724,0
15038.215946160552,7,Card,Desktop,Delhi,1,44,1469,0
1402.6470627906103,23,Card,Desktop,Mumbai,8,43,1669,1
6854.684036600084,5,UPI,Android,Bangalore,0,41,2651,0
3678.348790261332,2,UPI,Desktop,Bangalore,1,39,1126,0
1563.6808794348585,17,NetBanking,Desktop,Hyderabad,9,20,161,0
7494.110048151904,17,Card,iPhone,Delhi,9,22,2956,0
4017.2916539906855,21,Card,Desktop,Chennai,0,29,1381,0
5408.389746806027,22,UPI,Desktop,Bangalore,7,46,1829,1
1949.6894233014848,5,NetBanking,Desktop,Hyderabad,3,4,143,0
3281.8969035049527,10,NetBanking,Android,Delhi,5,3,3621,0
4803.22827562803,2,UPI,Android,Mumbai,4,9,3050,0
2595.219963428664,15,Card,iPhone,Chennai,7,5,1437,0
1105.5564628063196,4,NetBanking,Android,Delhi,9,3,1283,0
16303.764315645662,23,NetBanking,Android,Hyderabad,6,25,2714,0
3581.746807414849,21,Card,Android,Hyderabad,0,32,1640,0
6619.798275894869,1,NetBanking,Android,Hyderabad,7,33,3193,1
2647.046117118356,14,Card,iPhone,Hyderabad,3,18,813,0
2193.5463418331956,15,NetBanking,Desktop,Hyderabad,6,45,2694,1
2614.189907779208,6,NetBanking,Desktop,Chennai,2,36,99,0
2631.360237724619,15,UPI,Desktop,Bangalore,1,41,216,0
3928.287692990296,23,NetBanking,iPhone,Bangalore,0,29,1779,0
3920.5028944687965,3,Card,Android,Mumbai,9,39,2786,1
3437.3547631583497,15,NetBanking,iPhone,Bangalore,4,47,2486,0
723.8907760777274,16,UPI,iPhone,Hyderabad,2,45,2520,0
3426.643905276909,1,NetBanking,iPhone,Bangalore,2,2,2451,0
926.2526126704986,15,Wallet,Desktop,Bangalore,7,11,2061,0
674.151386454895,3,Card,Android,Hyderabad,0,31,2361,0
13488.943950214942,6,Wallet,Desktop,Chennai,1,4,235,0
4643.714865472549,17,UPI,iPhone,Hyderabad,0,29,1865,0
5386.554779734101,5,Wallet,iPhone,Bangalore,6,3,3155,0
2569.097758271561,17,NetBanking,Desktop,Bangalore,3,2,243,0
11983.429077751232,6,Card,Desktop,Mumbai,2,44,1760,0
5079.595339268406,1,Wallet,Desktop,Hyderabad,2,36,2389,0
7330.3660243872555,18,NetBanking,Android,Mumbai,9,14,1248,0
2298.7813187187444,8,Wallet,Desktop,Mumbai,2,48,2233,0
16095.86444732828,3,NetBanking,Android,Delhi,1,4,686,0
8586.822202948004,13,NetBanking,Android,Mumbai,4,44,2828,0
9618.978632550596,4,Wallet,Desktop,Bangalore,0,30,3485,0
944.8838730995657,6,UPI,iPhone,Bangalore,4,19,1121,0
1580.1553946727786,7,Card,iPhone,Delhi,9,19,321,0
1681.7474185633369,14,UPI,Android,Delhi,7,44,1841,1
1579.7851621531752,18,Wallet,Android,Hyderabad,6,31,127,1
9669.202084691791,10,NetBanking,Android,Delhi,2,15,900,0
162.02092786403207,19,Wallet,iPhone,Chennai,8,29,3021,0
395.75713189288973,22,NetBanking,Android,Bangalore,9,3,2263,0
1600.4400647300042,3,NetBanking,Android,Bangalore,6,19,2588,0
1114.9239111524616,17,UPI,iPhone,Delhi,0,22,3563,0
1318.9138405797764,13,UPI,Desktop,Delhi,5,47,1074,0
7996.031899007809,5,Wallet,iPhone,Bangalore,3,20,2316,0
4140.559071972652,15,Card,Desktop,Delhi,5,7,83,0
28.936879463638377,17,UPI,Desktop,Hyderabad,2,4,2292,0
2804.6574653915113,0,NetBanking,Android,Delhi,4,1,225,0
2620.2714133359923,7,Wallet,Android,Delhi,2,41,3602,0
604.8827882447572,0,Wallet,Desktop,Hyderabad,6,7,3038,0
5637.247390566545,0,Card,Android,Hyderabad,4,22,3435,0
6054.939905860646,18,Wallet,Desktop,Hyderabad,3,37,2159,0
6380.804214851945,20,UPI,Android,Bangalore,9,30,3439,0
6518.430654083177,9,NetBanking,iPhone,Delhi,6,9,390,0
0.2641416384416606,17,Wallet,Desktop,Hyderabad,6,27,2372,0
15386.968536684924,11,Wallet,Desktop,Hyderabad,9,38,2636,1
8415.65819577594,16,NetBanking,Android,Bangalore,8,23,23,0
11716.082225797156,0,Wallet,iPhone,Chennai,2,12,156,0
78.83471424997519,7,Wallet,Android,Delhi,9,13,3275,0
13579.816822723178,9,Card,iPhone,Chennai,7,33,2780,1
8298.094094249576,9,UPI,Android,Chennai,6,15,3624,0
9076.752090344171,17,Wallet,Desktop,Hyderabad,8,16,98,0
489.64865514422746,8,UPI,iPhone,Bangalore,1,34,304,0
6711.9238459277285,1,Card,iPhone,Delhi,5,9,2210,0
16083.976159279999,2,UPI,Android,Delhi,4,42,2020,0
5674.524989182575,1,Card,iPhone,Delhi,2,27,604,0
4226.382577363799,5,UPI,Android,Chennai,6,48,1466,1
14559.684104208163,22,UPI,iPhone,Mumbai,4,15,674,0
2925.385790276509,11,Wallet,Android,Bangalore,5,35,1081,0
4572.631026716765,21,UPI,Android,Mumbai,3,34,2793,0
3234.547007105441,18,Wallet,Android,Chennai,6,40,541,1
13503.850429849283,14,Wallet,Desktop,Hyderabad,6,30,2906,0
395.67453589210197,18,UPI,iPhone,Mumbai,4,48,1741,0
3476.9454671014505,11,Wallet,Desktop,Mumbai,6,23,2684,0
5807.0007776445245,17,UPI,Desktop,Bangalore,6,9,2484,0
7848.8398284643135,15,NetBanking,Desktop,Chennai,9,32,2402,1
4373.568881373367,1,Wallet,Desktop,Bangalore,7,35,1491,1
11979.961349966721,10,NetBanking,iPhone,Hyderabad,0,49,1544,0
14235.82405894265,11,NetBanking,iPhone,Delhi,3,32,2909,0
332.40455547980696,4,Wallet,Desktop,Chennai,0,45,3179,0
2573.921742112165,23,Card,iPhone,Hyderabad,2,16,1628,0
118.69282551311909,5,Card,iPhone,Hyderabad,7,32,670,1
1998.0364238353923,10,NetBanking,Android,Mumbai,6,25,343,0
3848.718194904649,20,NetBanking,iPhone,Bangalore,2,30,2909,0
12084.087040814957,9,UPI,Desktop,Mumbai,3,37,84,0
9372.043334361457,3,NetBanking,iPhone,Mumbai,1,37,849,0
681.9615581783675,8,Wallet,Desktop,Delhi,1,35,2458,0
488.23159334007704,11,Card,iPhone,Bangalore,4,45,1977,0
4449.063676941362,9,Card,Desktop,Delhi,1,8,3111,0
3797.6954637242357,13,Card,iPhone,Hyderabad,6,40,2081,1
1548.8044031406434,4,Wallet,iPhone,Delhi,0,49,1870,0
11485.65420024942,0,UPI,iPhone,Hyderabad,8,47,1744,1
13111.638922808288,4,Wallet,Desktop,Mumbai,9,36,789,1
2575.937601267363,15,Wallet,Android,Delhi,0,25,2019,0
11050.146110160365,4,Card,Desktop,Bangalore,0,18,3250,0
2422.126775155586,4,Wallet,iPhone,Delhi,8,39,384,1
6674.525161483273,17,NetBanking,Desktop,Hyderabad,6,10,1926,0
3230.766644425504,5,Wallet,iPhone,Chennai,9,1,215,0
653.8654669148859,20,Card,iPhone,Bangalore,3,4,858,0
13150.878527922805,17,Card,Android,Hyderabad,2,26,1225,0
3026.566149178444,9,Wallet,iPhone,Chennai,4,11,2445,0
6630.458135732158,14,NetBanking,iPhone,Bangalore,1,15,2874,0
2287.7974145165917,23,NetBanking,iPhone,Chennai,5,32,684,0
95.30699111048096,21,Card,Android,Mumbai,5,15,2255,0
529.7498839564118,10,NetBanking,Desktop,Mumbai,0,28,1312,0
3428.07290468021,18,NetBanking,Android,Delhi,9,23,571,0
5855.340055502805,12,UPI,Desktop,Delhi,8,3,3308,0
2037.8515618268975,19,UPI,iPhone,Delhi,0,32,1617,0
5945.23145827995,2,NetBanking,Desktop,Delhi,5,20,2477,0
5997.175400798886,15,NetBanking,Desktop,Chennai,6,14,1975,0
6085.896593996465,6,UPI,Desktop,Bangalore,7,35,2013,1
3391.5081555138504,11,UPI,Desktop,Bangalore,1,40,1853,0
12318.827541832121,14,UPI,iPhone,Delhi,7,42,552,1
3358.8516902550564,7,Card,Android,Mumbai,9,9,82,0
2991.596435154196,22,Card,Desktop,Hyderabad,1,47,3234,0
1111.8493722132164,16,UPI,iPhone,Delhi,1,24,113,0
1838.35509431483,0,UPI,iPhone,Delhi,8,41,601,1
216.2835954902101,20,UPI,iPhone,Mumbai,6,4,1548,0
5019.265306908135,7,Card,iPhone,Hyderabad,7,12,3565,0
1428.6581718142816,13,Card,Desktop,Chennai,0,24,3471,0
1813.1435516013776,9,NetBanking,Android,Chennai,9,1,2046,0
7366.118270977675,18,Wallet,iPhone,Hyderabad,5,14,2520,0
1981.6932794925706,7,NetBanking,Android,Hyderabad,0,31,3337,0
1386.651797371376,18,Wallet,Android,Chennai,4,10,1940,0
925.9749004192123,3,Wallet,Android,Delhi,1,33,1113,0
7455.128755415215,9,Wallet,iPhone,Delhi,8,36,1391,1
694.6224491249249,22,NetBanking,iPhone,Mumbai,2,42,216,0
3023.4270817476895,2,Card,iPhone,Hyderabad,9,35,1585,1
3535.52181303225,3,Card,Android,Delhi,6,48,270,1
5813.992962178942,15,Card,iPhone,Delhi,1,18,2949,0
5015.830804157443,23,Card,iPhone,Mumbai,9,25,2864,0
8322.657170238828,3,NetBanking,Android,Hyderabad,3,12,825,0
228.9184687836961,19,UPI,iPhone,Mumbai,9,28,572,0
1758.0157418929143,19,Wallet,Desktop,Mumbai,2,9,1480,0
1643.451802002478,12,Card,Desktop,Chennai,0,24,2385,0
789.2194058240426,20,Card,Desktop,Mumbai,9,20,2806,0
1706.6679463520843,16,NetBanking,Desktop,Hyderabad,5,26,299,0
1853.618073947295,22,Wallet,Android,Delhi,4,5,1238,0
3689.5143212469834,15,Card,iPhone,Delhi,5,27,2642,0
5448.824892854886,16,UPI,Desktop,Chennai,0,28,2907,0
2399.062000578412,5,Card,Desktop,Hyderabad,7,37,2112,1
6355.3771621272945,2,Wallet,iPhone,Delhi,3,40,770,0
2048.610821986137,19,UPI,Android,Mumbai,6,7,2678,0
1714.4496715004939,23,NetBanking,Desktop,Bangalore,7,19,2880,0
3895.574303121259,3,UPI,iPhone,Bangalore,2,22,1513,0
120.0106017422659,7,Wallet,iPhone,Bangalore,3,18,328,0
415.76210881567215,19,Wallet,Desktop,Bangalore,8,15,2901,0
2706.1625100627793,8,UPI,Desktop,Mumbai,8,33,2584,1
14315.8690171042,21,Card,iPhone,Delhi,6,39,1410,1
6391.8975898614135,0,Wallet,iPhone,Chennai,2,5,3387,0
461.27040443034747,12,UPI,Desktop,Mumbai,3,40,614,0
9364.349148578787,1,Wallet,Desktop,Delhi,6,37,2012,1
6589.456035429883,22,Card,Desktop,Hyderabad,5,5,418,0
4720.1923937563315,9,Card,Desktop,Delhi,5,37,2360,0
8582.136564723574,22,UPI,Android,Delhi,3,43,1484,0
2588.4946859860015,18,NetBanking,iPhone,Delhi,9,7,370,0
1251.938187766894,16,NetBanking,Desktop,Mumbai,7,2,2053,0
3587.439013895766,23,Card,iPhone,Delhi,8,30,109,0
3979.685632529736,12,NetBanking,Desktop,Delhi,9,49,1916,1
3864.4853523179963,13,Card,Android,Hyderabad,6,11,183,0
4162.894489348227,10,NetBanking,iPhone,Hyderabad,7,37,1655,1
14850.802017551126,9,Card,Android,Bangalore,9,39,3364,1
11626.486523049789,6,Wallet,iPhone,Mumbai,1,33,2888,0
10425.971749333052,9,UPI,Android,Delhi,3,9,1719,0
8082.735890132374,23,UPI,Desktop,Bangalore,2,11,1109,0
14361.21505955029,0,NetBanking,Desktop,Bangalore,5,12,1198,0
518.4464628659139,13,UPI,Android,Mumbai,1,10,564,0
1540.2624824011316,2,NetBanking,Desktop,Bangalore,6,11,1982,0
3416.5381965907254,12,Card,Android,Bangalore,7,33,644,1
9371.397240539127,1,Wallet,Android,Mumbai,3,20,184,0
3517.6617160733967,16,UPI,iPhone,Chennai,7,5,1291,0
6892.3202775181835,20,Wallet,Android,Bangalore,7,47,2518,1
748.0710399174812,2,UPI,iPhone,Hyderabad,2,24,3177,0
1454.5283999903302,14,Card,Android,Bangalore,0,32,2226,0
6579.665905008122,7,UPI,iPhone,Mumbai,2,31,1687,0
900.0252631400008,5,UPI,iPhone,Mumbai,9,42,3454,1
2164.35574123794,8,Card,Desktop,Chennai,0,44,3185,0
1538.5141708199985,10,NetBanking,iPhone,Chennai,1,14,286,0
2152.850803036219,21,NetBanking,iPhone,Hyderabad,7,19,123,0
6160.55925033289,1,Card,Android,Hyderabad,3,42,2045,0
2293.12056037715,8,NetBanking,iPhone,Bangalore,8,24,88,0
4051.3645407923777,17,UPI,Desktop,Chennai,6,32,537,1
526.4241318028319,18,Wallet,Android,Hyderabad,2,12,542,0
8174.2322953578505,21,Card,iPhone,Bangalore,0,21,679,0
2309.293452678068,17,UPI,Android,Delhi,0,36,892,0
5228.213766014843,4,Card,Android,Bangalore,0,25,1931,0
6462.009595734153,17,Wallet,Android,Hyderabad,9,14,1609,0
1176.4660654478937,11,UPI,Android,Bangalore,2,8,420,0
10800.004595332754,3,UPI,Android,Delhi,4,29,1747,0
4788.4844277096,14,Wallet,iPhone,Hyderabad,7,25,692,0
2799.424110934922,10,Wallet,Android,Bangalore,7,23,517,0
1006.513931147411,18,NetBanking,Android,Hyderabad,1,36,714,0
14262.571801935694,4,UPI,Desktop,Bangalore,8,48,1280,1
7033.877457021011,5,Wallet,Desktop,Mumbai,8,12,654,0
1166.1245060036163,12,Wallet,Android,Hyderabad,6,12,916,0
2060.2646113475353,22,UPI,iPhone,Hyderabad,9,18,3604,0
8295.091218328505,9,NetBanking,Desktop,Hyderabad,4,36,1964,0
5948.339104728981,23,Card,Desktop,Hyderabad,4,48,2039,0
7257.563811219575,13,NetBanking,Android,Bangalore,7,19,100,0
2909.8281203268184,3,Wallet,iPhone,Chennai,7,48,3060,1
6302.297148311013,19,Card,iPhone,Bangalore,4,35,1305,0
2442.82391601426,22,Card,Desktop,Delhi,5,49,2217,0
1186.6112086381,11,NetBanking,Desktop,Mumbai,5,27,3438,0
5007.56901928339,14,Card,Desktop,Bangalore,5,3,3455,0
18651.40925158879,9,Wallet,Desktop,Bangalore,4,13,325,0
1859.6751697246957,10,UPI,Desktop,Hyderabad,8,38,1257,1
3089.916472371617,8,UPI,Android,Delhi,0,41,1115,0
5604.310516800104,10,UPI,Android,Hyderabad,9,19,2818,0
3899.043444230982,1,NetBanking,Android,Hyderabad,2,43,908,0
9271.19003064378,12,UPI,Desktop,Chennai,6,35,28,1
7172.0206199338145,21,UPI,Android,Mumbai,8,15,2092,0
300.32778612962176,7,UPI,Desktop,Chennai,1,16,2701,0
32255.558507343856,20,Card,iPhone,Hyderabad,3,35,1621,1
6979.753241174019,20,Card,iPhone,Mumbai,7,5,811,0
9971.948681102542,7,Card,Android,Bangalore,4,7,2359,0
5266.250138045765,0,Wallet,iPhone,Delhi,7,21,1916,0
9699.619990943032,5,Wallet,iPhone,Chennai,1,41,2880,0
596.0745354498702,12,Wallet,iPhone,Delhi,7,1,1397,0
2136.543525863272,8,UPI,Android,Hyderabad,5,25,2345,0
10454.370974772704,5,Card,iPhone,Mumbai,4,30,1068,0
1126.0735438220577,14,Wallet,Android,Bangalore,1,19,11,0
407.3633485522652,22,NetBanking,Desktop,Mumbai,6,24,787,0
7758.650996139938,15,Card,Desktop,Delhi,0,46,381,0
9023.8027604743,3,UPI,Android,Delhi,5,15,1852,0
887.5789243228647,16,Card,Android,Bangalore,2,35,923,0
9632.606073252999,8,UPI,iPhone,Bangalore,5,24,505,0
5804.052481938318,11,Wallet,Desktop,Mumbai,0,36,199,0
3670.7072330965325,21,UPI,iPhone,Chennai,0,49,1493,0
8867.148241111194,18,UPI,Desktop,Mumbai,1,14,1145,0
2717.1680736314115,19,NetBanking,iPhone,Delhi,9,22,3086,0
1078.320190107424,11,Card,iPhone,Mumbai,6,39,2525,1
1676.3335540719622,21,UPI,Desktop,Hyderabad,3,8,1432,0
3517.6446070476063,5,NetBanking,iPhone,Mumbai,3,48,2624,0
3789.2903712779357,11,NetBanking,Desktop,Mumbai,3,16,732,0
8188.693812009185,8,NetBanking,Android,Hyderabad,4,46,2712,0
7835.550628596863,19,Wallet,iPhone,Delhi,1,17,1782,0
4353.797900756705,4,Wallet,Desktop,Bangalore,6,5,1922,0
7588.522502893139,20,UPI,Desktop,Mumbai,2,41,2143,0
1064.5644317969795,2,Card,iPhone,Chennai,2,35,268,0
256.8060997526933,1,Wallet,Desktop,Bangalore,1,37,193,0
10342.85708605844,7,Wallet,iPhone,Chennai,5,18,2492,0
392.80586964917313,9,UPI,iPhone,Mumbai,3,21,1082,0
1416.3818242095797,14,UPI,Android,Chennai,3,42,989,0
5942.448930059981,8,Wallet,Android,Bangalore,7,1,94,0
2633.4874031948552,9,UPI,Android,Chennai,1,17,298,0
10450.044698985825,10,NetBanking,iPhone,Chennai,6,8,513,0
1768.9654641907773,8,UPI,iPhone,Bangalore,1,29,3478,0
59.71186894962667,13,NetBanking,Desktop,Bangalore,5,20,3434,0
1788.0600611130048,4,Wallet,Android,Bangalore,4,49,3400,0
4314.639112160237,8,Card,Android,Bangalore,7,37,909,1
2357.5307906119,3,NetBanking,Desktop,Hyderabad,5,39,2254,0
3827.2213364939203,1,Card,Android,Mumbai,6,5,2026,0
10461.54461589125,18,Wallet,Android,Bangalore,5,10,1217,0
12179.728457044708,0,UPI,Android,Delhi,7,6,224,0
1546.054583665794,20,NetBanking,Desktop,Chennai,1,7,2086,0
3100.789278228816,0,NetBanking,Android,Bangalore,6,35,448,1
3983.036573673652,11,Wallet,iPhone,Bangalore,4,27,2892,0
14890.685589780463,10,Wallet,Android,Mumbai,8,42,820,1
32918.65514891702,0,UPI,iPhone,Bangalore,8,21,1007,1
1342.0596916588174,13,Card,Android,Hyderabad,7,24,3565,0
6491.048775905945,10,NetBanking,iPhone,Delhi,7,29,111,0
2374.3256338581464,6,Card,Android,Delhi,3,27,2041,0
40.70623543757781,1,NetBanking,iPhone,Bangalore,7,38,2300,1
46.47796450554546,14,NetBanking,iPhone,Mumbai,1,2,3544,0
3086.174256411228,7,UPI,Android,Bangalore,4,25,2540,0
3350.4249746930177,21,NetBanking,Desktop,Chennai,3,2,2644,0
114.14145253519345,19,NetBanking,Android,Delhi,4,38,3563,0
5806.60110017886,14,Wallet,Desktop,Chennai,4,18,364,0
1740.7242060498947,7,UPI,Desktop,Hyderabad,4,42,3232,0
4103.68815261499,9,Wallet,Desktop,Delhi,6,7,2560,0
1789.9438414649223,18,NetBanking,Desktop,Delhi,0,49,667,0
914.4144607817135,2,UPI,Desktop,Hyderabad,1,4,2146,0
2614.269526861591,19,NetBanking,Desktop,Chennai,6,44,1725,1
1321.6077646755225,13,UPI,Android,Bangalore,0,40,1021,0
3826.449791690222,8,Card,iPhone,Mumbai,8,41,2646,1
1108.401426342196,8,Card,iPhone,Chennai,2,10,3646,0
3550.510294500086,20,UPI,Android,Hyderabad,5,41,259,0
856.1871557476011,5,NetBanking,Android,Hyderabad,3,28,2129,0
5558.103301536516,7,UPI,Android,Hyderabad,2,30,3534,0
7010.852299249542,10,NetBanking,Desktop,Delhi,7,24,859,0
584.8843711151254,7,Card,Desktop,Bangalore,1,36,2407,0
3153.7022632487833,11,NetBanking,iPhone,Delhi,2,16,2516,0
367.54222459517786,9,Wallet,Android,Delhi,7,33,2414,1
4558.785690068043,22,Card,iPhone,Delhi,2,10,1119,0
1535.3731451138606,3,Wallet,iPhone,Hyderabad,7,48,1513,1
3749.904837306216,15,Card,Desktop,Chennai,6,21,3359,0
3643.4677595088883,19,Card,Desktop,Mumbai,1,27,1757,0
12908.476458686153,5,Wallet,iPhone,Mumbai,0,21,704,0
3982.362427421189,8,UPI,Desktop,Bangalore,0,27,1594,0
4373.327057152732,22,NetBanking,Desktop,Bangalore,1,32,2091,0
2567.9231797474176,4,Card,Desktop,Hyderabad,6,5,1182,0
14887.458561849866,20,NetBanking,iPhone,Mumbai,8,35,2283,1
7507.087649195223,23,Card,iPhone,Chennai,6,22,2523,0
1680.1986829340804,5,NetBanking,iPhone,Hyderabad,2,36,1875,0
9296.218368007683,16,Card,Android,Bangalore,7,10,895,0
2831.659605380123,16,UPI,iPhone,Hyderabad,7,34,957,1
8820.735427344793,23,Card,Desktop,Bangalore,8,6,1436,0
8654.866818776449,21,UPI,iPhone,Mumbai,8,14,394,0
1046.6358601601653,12,Card,Android,Hyderabad,8,37,1168,1
6038.919141700845,16,NetBanking,Desktop,Delhi,3,19,927,0
1716.9815490711119,13,Wallet,iPhone,Bangalore,9,32,2058,1
1765.4972182726704,1,Card,iPhone,Delhi,3,20,3583,0
1757.3573624040387,18,Card,Desktop,Bangalore,1,21,2378,0
6465.263369677861,2,UPI,iPhone,Delhi,7,15,3340,0
1305.6943495023904,1,NetBanking,Android,Mumbai,1,17,2529,0
4.53122881381229,1,UPI,Desktop,Mumbai,2,44,1180,0
6280.487545453369,21,NetBanking,iPhone,Chennai,8,45,530,1
938.7900005574791,6,NetBanking,Desktop,Chennai,1,24,2996,0
551.7669930510643,3,UPI,iPhone,Chennai,0,21,2972,0
1355.8695624338118,16,Wallet,iPhone,Hyderabad,4,48,3356,0
2389.3768297338784,5,NetBanking,Desktop,Bangalore,6,15,3563,0
3230.4242313670957,6,Wallet,iPhone,Hyderabad,3,11,2791,0
227.9691033528055,19,UPI,iPhone,Chennai,3,37,960,0
17629.269811353945,5,Wallet,Desktop,Bangalore,2,30,2318,0
6295.015422768836,8,NetBanking,iPhone,Hyderabad,5,18,264,0
1951.8535099987544,19,UPI,iPhone,Mumbai,7,28,478,0
1918.74257751498,3,Wallet,Desktop,Bangalore,1,13,356,0
2975.952976691583,4,UPI,Android,Chennai,5,43,3331,0
4920.771511170693,18,UPI,Android,Mumbai,7,10,2250,0
791.3051338077267,9,Wallet,Android,Bangalore,0,47,2185,0
1047.0034289072016,17,NetBanking,Android,Hyderabad,3,39,1071,0
9810.411479797092,14,NetBanking,Android,Chennai,0,12,63,0
1480.2847124963387,0,NetBanking,Android,Hyderabad,3,38,936,0
2391.7518163786635,4,NetBanking,Desktop,Mumbai,8,41,77,1
10250.262349795577,4,Card,Desktop,Mumbai,5,48,854,0
5440.555538889898,7,UPI,Desktop,Mumbai,5,40,633,0
2090.5628507723814,21,UPI,iPhone,Bangalore,4,26,1944,0
5755.313562273741,21,Card,Android,Chennai,2,44,3527,0
99.39754970308233,21,UPI,Android,Mumbai,1,19,2061,0
6652.267652550582,19,UPI,Desktop,Hyderabad,8,23,2438,0
3337.5535118153425,14,Wallet,iPhone,Chennai,8,48,3530,1
8388.105932358558,16,Card,iPhone,Hyderabad,6,36,1715,1
15465.364286882475,18,UPI,Desktop,Hyderabad,1,27,1852,0
13004.184106173087,12,UPI,Android,Mumbai,3,16,669,0
11999.06293840578,21,Card,iPhone,Chennai,7,7,3600,0
3588.941020727605,20,Card,Android,Delhi,9,13,1782,0
2232.545903140019,9,Wallet,iPhone,Bangalore,5,12,468,0
3127.7728090000596,16,Wallet,Android,Delhi,4,27,2752,0
5854.2378228939215,4,NetBanking,iPhone,Bangalore,9,33,341,1
10770.729615779272,17,NetBanking,Android,Chennai,1,31,3127,0
1159.5739255662568,16,Wallet,Android,Mumbai,0,11,3485,0
12516.972007416767,3,UPI,Android,Chennai,0,17,3406,0
8441.870778177567,21,Card,Desktop,Delhi,0,38,2359,0
19281.999097655396,6,Wallet,Android,Hyderabad,5,2,2236,0
10611.819254992799,4,NetBanking,Android,Bangalore,3,3,681,0
1642.0851433270263,7,Card,iPhone,Bangalore,8,34,1744,1
560.0009442732811,7,NetBanking,iPhone,Delhi,8,32,1545,1
595.2752515732533,10,UPI,Desktop,Mumbai,2,24,3078,0
1721.073894519109,8,UPI,iPhone,Chennai,5,24,2662,0
4761.969958491544,18,NetBanking,Android,Delhi,5,13,1437,0
8156.381367632673,18,Card,Desktop,Chennai,9,22,280,0
11475.580625617042,8,NetBanking,Desktop,Mumbai,9,19,2099,0
4887.55228980395,22,Card,Desktop,Hyderabad,0,30,785,0
28.23614184183999,19,Wallet,Android,Chennai,8,39,1252,1
1030.920745321564,16,NetBanking,Android,Mumbai,3,21,3349,0
525.2817199100946,15,NetBanking,iPhone,Delhi,5,48,2643,0
2257.475669937599,6,Card,iPhone,Hyderabad,9,23,3390,0
3479.2641239194295,21,Wallet,iPhone,Hyderabad,7,16,3031,0
221.83499156869297,2,Card,Desktop,Hyderabad,0,42,347,0
2142.2203880486973,20,Card,Android,Bangalore,7,7,117,0
987.255209944241,18,NetBanking,iPhone,Mumbai,5,20,2123,0
5207.4300653903265,7,NetBanking,Android,Chennai,0,48,2522,0
3120.646993943461,4,Card,Desktop,Delhi,8,42,1397,1
3419.130257211009,5,UPI,Android,Hyderabad,8,14,3382,0
2790.3880030544965,1,UPI,Android,Hyderabad,9,26,1931,0
15620.068555171185,23,UPI,Desktop,Hyderabad,7,22,171,0
1208.670989429117,18,NetBanking,iPhone,Mumbai,6,41,2774,1
3635.2187630733074,12,NetBanking,Android,Delhi,0,36,1913,0
6659.359836313328,5,Wallet,Android,Mumbai,0,26,2771,0
4069.1717935579786,5,NetBanking,Desktop,Delhi,7,12,1928,0
13226.848051206034,1,Wallet,Android,Chennai,9,49,1019,1
2373.8215618113554,23,NetBanking,Android,Bangalore,7,31,2288,1
3115.082303889479,4,UPI,Android,Delhi,0,40,2869,0
463.4408351118956,10,UPI,Desktop,Mumbai,7,4,808,0
4695.227227374381,10,Card,Android,Mumbai,7,40,1801,1
1699.875601943317,23,Card,Desktop,Mumbai,9,27,1176,0
873.6067951166357,13,Wallet,iPhone,Bangalore,9,9,76,0
3932.1413238087594,12,Wallet,Android,Delhi,2,12,736,0
3799.750794284666,7,Card,Desktop,Delhi,0,29,2690,0
394.52150282127445,14,Wallet,Desktop,Delhi,2,28,1275,0
5990.20969190546,11,NetBanking,Android,Delhi,7,16,2886,0
4887.802215661889,2,UPI,Desktop,Hyderabad,7,8,2308,0
1047.5426775435533,20,Card,iPhone,Hyderabad,6,47,2365,1
3169.062713525666,22,Card,iPhone,Mumbai,1,49,2765,0
6370.598072409044,4,NetBanking,iPhone,Hyderabad,4,13,1150,0
3769.1137616225965,5,Wallet,iPhone,Delhi,9,14,704,0
2516.67769130535,1,Card,Desktop,Delhi,7,15,548,0
1945.5365819662734,7,Card,Desktop,Hyderabad,2,9,3625,0
4713.094823188021,4,NetBanking,iPhone,Chennai,5,44,1383,0
13993.32471931886,21,UPI,iPhone,Mumbai,1,32,166,0
5569.820238257885,16,Card,iPhone,Bangalore,7,22,2386,0
388.4344021048024,1,Card,iPhone,Mumbai,8,25,1679,0
3087.277070117381,10,NetBanking,iPhone,Mumbai,0,41,816,0
11073.976123107837,3,Card,Desktop,Mumbai,3,26,3425,0
496.1325349672593,10,Card,iPhone,Hyderabad,5,45,414,0
22493.122326710785,8,UPI,iPhone,Mumbai,1,29,703,0
14886.456162549737,5,Card,Android,Delhi,5,18,1049,0
407.5390059489796,23,NetBanking,Desktop,Mumbai,6,36,772,1
13546.253640949426,1,UPI,iPhone,Delhi,5,20,3602,0
2255.968965249039,14,UPI,Desktop,Hyderabad,9,33,632,1
9312.277893732811,4,UPI,Android,Hyderabad,9,20,1526,0
2709.718520622479,11,Wallet,Android,Mumbai,7,3,3425,0
2906.733246272512,12,NetBanking,iPhone,Delhi,4,43,2538,0
5028.931746233817,16,Wallet,iPhone,Delhi,2,34,2773,0
7446.674944021463,3,Card,iPhone,Delhi,1,6,449,0
171.86599173596963,9,UPI,iPhone,Delhi,1,31,1506,0
4496.627242020399,0,Wallet,Android,Bangalore,1,35,329,0
1033.479014040547,10,Card,Desktop,Hyderabad,9,32,2625,1
2122.8537034615115,15,Wallet,iPhone,Delhi,4,42,2415,0
2138.313300830442,10,UPI,Desktop,Bangalore,9,9,1563,0
3165.534496326188,8,Card,iPhone,Bangalore,3,46,1112,0
2033.3522602883295,1,UPI,iPhone,Hyderabad,1,48,3004,0
567.8658392758693,6,UPI,Android,Chennai,4,27,3003,0
786.9472362826342,18,Wallet,iPhone,Mumbai,6,24,2457,0
170.0490923079588,17,NetBanking,iPhone,Hyderabad,4,22,3308,0
3176.7417761298884,19,Card,iPhone,Chennai,7,30,50,0
15444.470247985108,6,Card,Android,Mumbai,5,36,183,0
614.6544487697519,22,NetBanking,Desktop,Mumbai,8,26,394,0
14618.406427998354,8,Card,Android,Mumbai,9,2,3038,0
6609.307629061104,11,Wallet,iPhone,Bangalore,4,42,2925,0
5073.637512211379,2,Card,iPhone,Delhi,7,44,1769,1
5182.101025554117,22,Wallet,iPhone,Mumbai,5,7,186,0
8764.45317823994,21,Card,Desktop,Delhi,6,27,89,0
565.3948229760783,15,Wallet,Desktop,Mumbai,7,16,3063,0
3513.5066175415063,6,NetBanking,iPhone,Bangalore,3,49,86,0
5971.616525285945,22,Card,iPhone,Mumbai,3,46,120,0
4419.365114048587,4,Wallet,Desktop,Hyderabad,5,29,88,0
8942.19706429703,22,UPI,Android,Chennai,1,21,3128,0
375.0818947509226,6,UPI,Android,Mumbai,8,26,1179,0
5867.234800544035,18,UPI,Desktop,Chennai,7,18,3162,0
3818.145769452307,16,Card,Desktop,Chennai,1,1,912,0
2383.416354153622,15,Wallet,iPhone,Bangalore,0,2,3366,0
2079.6608526432647,20,UPI,Desktop,Chennai,9,14,361,0
4848.887845991729,23,Card,Desktop,Bangalore,3,38,2756,0
11081.824815985117,20,Wallet,iPhone,Mumbai,3,15,2583,0
3427.6406578536485,18,UPI,Desktop,Delhi,1,36,2643,0
8706.943177074549,17,UPI,iPhone,Bangalore,4,24,696,0
2572.1303366549555,18,Card,Android,Chennai,2,25,1743,0
540.1228766515012,3,Wallet,Android,Chennai,2,9,735,0
317.39267671803975,0,Card,Android,Mumbai,9,15,3160,0
263.4944157906085,3,UPI,iPhone,Bangalore,2,37,3019,0
2391.3899735869954,3,Card,Android,Mumbai,3,6,53,0
2056.6947582693656,8,Card,Android,Bangalore,4,43,1738,0
6328.124562444947,7,UPI,iPhone,Delhi,3,45,1736,0
6789.924444051143,1,UPI,iPhone,Hyderabad,8,12,1731,0
260.96306607680935,22,Wallet,Android,Mumbai,3,27,403,0
1249.5123891905978,5,Wallet,Android,Chennai,6,7,3588,0
1602.8300218313318,22,UPI,Android,Mumbai,9,28,1965,0
3966.075126193598,10,UPI,Desktop,Bangalore,4,12,873,0
780.434905703618,3,NetBanking,iPhone,Mumbai,9,42,3605,1
719.0124837082413,13,NetBanking,iPhone,Delhi,8,35,2870,1
14393.204203483652,20,Wallet,iPhone,Bangalore,8,2,1268,0
8153.38198649619,21,Card,iPhone,Chennai,7,26,638,0
996.2495945515502,8,UPI,Android,Chennai,5,20,877,0
2609.161611766898,1,UPI,iPhone,Bangalore,5,25,713,0
2197.3488369773763,0,Card,Desktop,Delhi,1,21,52,0
7827.202601716199,3,Wallet,Desktop,Mumbai,6,1,1267,0
3568.922528674317,11,NetBanking,Android,Hyderabad,8,28,2032,0
683.967749784581,4,Wallet,Android,Chennai,8,38,402,1
6716.022313793744,8,Card,iPhone,Delhi,1,13,1747,0
2528.261627103962,21,UPI,Android,Delhi,8,30,3628,0
1525.3230365757713,3,NetBanking,Android,Delhi,6,10,619,0
2354.0087144343283,15,Card,Android,Mumbai,4,45,664,0
3443.3517188922574,1,UPI,Desktop,Delhi,4,22,3185,0
2101.235500154935,15,Wallet,iPhone,Delhi,5,29,902,0
1384.7379525036006,15,NetBanking,Android,Bangalore,7,5,2271,0
2541.6605824039484,20,UPI,iPhone,Bangalore,1,8,667,0
96.795473181149,23,UPI,iPhone,Delhi,2,11,3503,0
7402.977864637201,23,UPI,iPhone,Delhi,9,26,2018,0
937.3432633781191,21,UPI,Desktop,Bangalore,6,19,174,0
224.4879718554651,10,UPI,iPhone,Mumbai,2,19,1371,0
5302.230265612754,0,Wallet,iPhone,Bangalore,0,30,2395,0
7434.688519068607,14,Card,Android,Bangalore,5,36,2233,0
8405.45189808433,23,NetBanking,Android,Bangalore,6,42,396,1
3401.2454254683785,3,Wallet,Desktop,Bangalore,8,9,3357,0
1149.3819849985102,17,NetBanking,iPhone,Hyderabad,0,7,2361,0
6682.336573490228,16,UPI,Desktop,Chennai,8,18,1222,0
6015.084259542695,6,Card,iPhone,Mumbai,9,9,1591,0
1413.610196251667,17,UPI,Desktop,Mumbai,6,6,3143,0
11686.28414710832,12,Wallet,iPhone,Delhi,7,6,710,0
551.1476285991042,19,Wallet,Android,Hyderabad,2,45,2613,0
20281.84608011841,19,NetBanking,Desktop,Delhi,4,22,3539,0
9839.42251611599,9,UPI,Android,Mumbai,2,17,3598,0
5822.136448463167,0,UPI,iPhone,Mumbai,6,15,1522,0
13963.948027781176,1,Card,Desktop,Delhi,1,9,1557,0
6406.270513521445,16,Card,Android,Chennai,5,6,462,0
1056.4269219857706,21,UPI,Android,Delhi,9,23,872,0
2918.3808658174694,2,NetBanking,Android,Chennai,1,17,3598,0
370.9407770888367,16,Card,iPhone,Chennai,8,32,2869,1
2468.6743832412503,11,UPI,Desktop,Bangalore,5,32,115,0
6766.290967157413,23,UPI,Android,Mumbai,4,37,864,0
2442.4134078646866,11,UPI,iPhone,Bangalore,5,3,2431,0
2004.58365439265,19,Wallet,iPhone,Mumbai,5,16,1219,0
4523.734625084447,9,NetBanking,iPhone,Bangalore,5,2,1231,0
10286.620879213335,6,UPI,Desktop,Chennai,9,3,1886,0
243.76258525755847,9,UPI,iPhone,Bangalore,5,41,3504,0
2434.4911917919294,17,UPI,iPhone,Hyderabad,8,14,3577,0
861.3061113348609,21,Card,Desktop,Bangalore,6,14,2031,0
5943.028276111151,5,UPI,Desktop,Bangalore,0,30,1486,0
558.7072665464987,6,Wallet,iPhone,Bangalore,9,49,2159,1
5465.255283822663,16,Wallet,iPhone,Hyderabad,8,40,1464,1
1685.6283458942235,11,NetBanking,Android,Mumbai,5,49,2727,0
1108.9524214696235,16,UPI,Desktop,Bangalore,9,27,2661,0
13771.980702837902,17,UPI,Desktop,Mumbai,7,17,1193,0
93.49152782409062,13,UPI,Android,Delhi,2,39,2480,0
2879.2859711804404,10,Wallet,iPhone,Chennai,2,9,1692,0
109.3214168016963,1,Card,iPhone,Delhi,8,36,3330,1
3304.3007893503645,20,Card,iPhone,Hyderabad,8,10,2838,0
3476.2206660901093,0,UPI,iPhone,Hyderabad,4,29,2039,0
1940.5514255831388,10,Card,Android,Mumbai,4,4,3527,0
708.7498066487694,1,NetBanking,Desktop,Mumbai,2,21,1772,0
2361.1307880416402,15,Wallet,Desktop,Bangalore,6,37,352,1
5577.718191119772,21,UPI,iPhone,Delhi,6,2,2171,0
7625.3875122082045,2,Card,Android,Mumbai,2,15,701,0
3783.104436208697,19,UPI,iPhone,Mumbai,7,28,2896,0
4455.97142417648,0,UPI,iPhone,Mumbai,5,25,3364,0
1119.5715608994087,20,Wallet,Android,Chennai,2,26,962,0
1693.6863319209783,19,Wallet,Android,Mumbai,5,9,337,0
883.063079575236,7,Card,Desktop,Chennai,0,30,2819,0
1433.7149010488897,18,Wallet,Desktop,Hyderabad,5,9,2032,0
1273.730851336638,0,NetBanking,iPhone,Bangalore,6,1,2327,0
3664.1073612909904,4,UPI,iPhone,Delhi,3,12,1979,0
4135.550540448222,0,Wallet,Desktop,Mumbai,3,45,869,0
14497.33282674407,10,Card,Android,Chennai,2,13,3303,0
1088.1106566182248,20,Card,iPhone,Mumbai,4,14,1692,0
5131.5843253347375,8,Card,iPhone,Mumbai,0,10,109,0
8498.434505662477,4,NetBanking,Android,Chennai,5,17,1897,0
4107.647420152671,1,Wallet,iPhone,Mumbai,1,17,2888,0
1471.879816503017,12,Wallet,Android,Delhi,3,31,3617,0
1522.7865079467335,17,NetBanking,Desktop,Hyderabad,5,46,1150,0
200.22113670934277,11,Wallet,Desktop,Bangalore,5,49,2628,0
1822.4140633330107,13,Wallet,Desktop,Mumbai,9,26,2375,0
6824.693701779064,4,Wallet,Desktop,Chennai,6,35,1291,1
243.41907446091383,23,NetBanking,Desktop,Delhi,0,36,3560,0
1237.7914161315384,9,NetBanking,iPhone,Mumbai,5,11,2696,0
6124.8331791614,19,Card,Desktop,Hyderabad,8,16,3348,0
7631.267559622929,1,NetBanking,iPhone,Hyderabad,7,29,62,0
3037.769468492668,3,NetBanking,iPhone,Chennai,7,45,171,1
5987.872229054614,11,Card,Android,Mumbai,5,18,3164,0
2454.7242186557787,10,NetBanking,iPhone,Mumbai,3,11,3147,0
871.2505637229034,3,Wallet,iPhone,Mumbai,0,11,121,0
2538.7309631149365,10,UPI,Desktop,Hyderabad,4,9,2532,0
4337.119760379149,8,Card,Desktop,Mumbai,4,25,1734,0
14787.683683657784,9,UPI,Android,Mumbai,6,32,263,1
356.14265832996784,5,UPI,Android,Mumbai,0,34,2186,0
3540.229018045357,14,Card,iPhone,Mumbai,5,3,1192,0
1994.332967919811,9,UPI,Android,Chennai,6,14,2564,0
3549.5514410209457,21,UPI,Desktop,Hyderabad,0,48,2249,0
121.33768254478235,20,Card,Desktop,Bangalore,2,40,2150,0
1877.2894692390282,5,Card,Desktop,Chennai,9,25,3057,0
8570.330912551548,0,Wallet,iPhone,Mumbai,8,16,2067,0
4036.528469567055,20,Card,iPhone,Bangalore,7,36,2414,1
2994.483199111675,21,NetBanking,Android,Delhi,9,9,3553,0
1681.0368605119602,23,UPI,Desktop,Bangalore,5,4,1446,0
1769.4122528392575,19,Card,iPhone,Chennai,7,45,3606,1
2415.2533331571667,20,Wallet,iPhone,Hyderabad,1,2,3431,0
9026.373244983202,3,Card,Android,Chennai,6,25,2689,0
17088.647456347466,22,UPI,Desktop,Hyderabad,1,22,881,0
2887.101342836807,21,Card,Desktop,Hyderabad,2,5,2997,0
2499.039699391552,13,UPI,Android,Hyderabad,1,49,2197,0
9371.927768885447,19,Card,Android,Delhi,4,21,497,0
2783.5217071274787,21,Wallet,Android,Bangalore,9,10,3463,0
4015.013052748974,19,NetBanking,Android,Chennai,4,23,750,0
1312.942267871794,7,Wallet,Desktop,Chennai,5,27,7,0
6803.182502492232,10,Card,Desktop,Hyderabad,5,30,2006,0
3796.31011208071,14,UPI,Android,Delhi,6,4,2381,0
8278.313793045014,18,Wallet,iPhone,Delhi,7,6,1047,0
7587.319412167992,7,NetBanking,iPhone,Mumbai,3,26,1980,0
1210.3881772375628,12,NetBanking,Desktop,Delhi,8,10,3030,0
6287.492954138187,17,UPI,Desktop,Hyderabad,2,49,2138,0
8048.549946002421,21,Card,Android,Hyderabad,4,5,3602,0
2124.0595885104167,23,Wallet,iPhone,Bangalore,2,39,1909,0
947.390194585945,16,Wallet,Desktop,Hyderabad,1,37,2631,0
13.1781289592452,5,UPI,iPhone,Bangalore,4,40,1090,0
2997.4067879675194,14,Wallet,Android,Delhi,8,1,2101,0
2172.663006446418,12,UPI,Desktop,Mumbai,5,34,403,0
4047.391983618115,17,UPI,Desktop,Chennai,3,48,704,0
1041.527733687269,10,Card,iPhone,Hyderabad,6,8,142,0
9818.63380063279,12,UPI,iPhone,Delhi,9,21,1049,0
1490.380960719189,0,Wallet,Desktop,Hyderabad,4,31,762,0
1283.6930240998706,17,UPI,iPhone,Bangalore,6,47,33,1
3276.5029831838788,4,Wallet,iPhone,Delhi,1,23,2736,0
3454.259321517398,5,UPI,Android,Chennai,1,11,3623,0
1210.900693974088,0,Card,iPhone,Bangalore,8,16,1402,0
1586.3146982017274,6,Card,Desktop,Delhi,3,27,1392,0
929.872538442942,3,UPI,Android,Chennai,0,7,3284,0
6337.406894836772,8,UPI,Desktop,Bangalore,8,49,2924,1
7350.315687037998,14,UPI,Android,Chennai,0,24,1157,0
3102.537476897011,5,Card,Android,Delhi,1,32,2197,0
6260.338947928953,16,NetBanking,iPhone,Bangalore,8,35,827,1
6657.807391335185,19,UPI,iPhone,Mumbai,2,31,3448,0
744.0984854536335,17,NetBanking,Desktop,Hyderabad,0,47,3149,0
16933.222674632965,21,UPI,iPhone,Mumbai,2,29,526,0
8602.739822345337,3,Wallet,Android,Chennai,8,4,3007,0
1143.8182048445178,8,Card,iPhone,Delhi,1,35,566,0
1029.9884007613223,13,NetBanking,Desktop,Hyderabad,4,11,1789,0
671.4363658917861,2,NetBanking,Android,Delhi,0,34,2000,0
744.6963623142673,0,Card,Desktop,Chennai,9,39,2733,1
6894.8422865847815,10,NetBanking,iPhone,Delhi,0,15,3570,0
3171.130698732136,0,UPI,Android,Bangalore,6,14,946,0
7637.77310007118,11,NetBanking,Desktop,Bangalore,9,21,2043,0
6857.125184458923,8,UPI,iPhone,Chennai,9,7,3164,0
4639.447611455948,4,NetBanking,iPhone,Delhi,2,17,3455,0
5797.652560254038,14,Wallet,Desktop,Chennai,0,42,641,0
92.63140519719607,17,NetBanking,Android,Hyderabad,0,18,508,0
1868.2165273965857,8,NetBanking,Desktop,Delhi,4,14,130,0
5078.099851243767,12,UPI,iPhone,Bangalore,2,38,1096,0
46.944457554210125,12,Card,Desktop,Mumbai,3,29,2815,0
167.66470336012134,23,Wallet,iPhone,Bangalore,5,10,653,0
9548.932081517485,12,Card,Android,Delhi,1,17,3046,0
5760.458723655481,9,UPI,Desktop,Delhi,6,32,403,1
1541.9397229723181,9,Wallet,Android,Delhi,4,20,3583,0
5823.164980405659,21,NetBanking,Desktop,Delhi,7,17,1150,0
7862.075688433616,6,Card,iPhone,Hyderabad,3,46,1787,0
1832.1423703721769,21,Card,Android,Mumbai,7,7,1529,0
183.51379231351433,4,Card,iPhone,Bangalore,3,39,514,0
13498.857175826472,19,NetBanking,Desktop,Hyderabad,4,44,2527,0
2116.9732166470744,6,UPI,iPhone,Chennai,2,30,1034,0
562.9426708266091,19,NetBanking,Desktop,Delhi,3,38,1477,0
3384.960609307134,9,NetBanking,Android,Bangalore,8,40,471,1
7315.181517644781,9,UPI,iPhone,Chennai,4,41,3446,0
1252.877672049743,20,UPI,iPhone,Mumbai,3,10,2846,0
1570.0621362952063,23,NetBanking,Desktop,Bangalore,3,32,736,0
1390.0779641789456,12,UPI,Desktop,Hyderabad,6,26,3137,0
23941.29188185938,14,Card,Desktop,Chennai,1,48,2157,1
1099.5173660208827,5,Wallet,Android,Bangalore,3,17,2348,0
4284.454498633763,19,UPI,iPhone,Hyderabad,2,1,1066,0
12969.009804534562,11,Wallet,Desktop,Delhi,6,39,3331,1
794.3724156473631,18,Card,Desktop,Bangalore,3,26,2671,0
17677.221928697472,10,UPI,iPhone,Delhi,7,30,2462,0
14732.54286407794,5,NetBanking,Android,Chennai,4,9,2981,0
10795.541039520484,0,NetBanking,iPhone,Chennai,8,44,28,1
1207.5338986895965,1,Card,Desktop,Chennai,8,33,2611,1
5026.361915777263,22,UPI,iPhone,Delhi,2,26,3443,0
7154.188710445557,14,NetBanking,Desktop,Delhi,8,42,213,1
21353.47406473049,3,UPI,Desktop,Hyderabad,3,10,2829,0
994.8396426841888,4,Wallet,iPhone,Bangalore,8,42,3624,1
7262.7242572825135,14,NetBanking,iPhone,Hyderabad,1,32,154,0
2068.5034121829035,10,Card,Android,Delhi,4,39,2920,0
965.6576665250724,9,NetBanking,Desktop,Bangalore,5,47,158,0
2735.5201725506713,16,Card,Desktop,Chennai,2,42,2968,0
7895.414421483306,1,Card,Desktop,Hyderabad,1,48,2342,0
3126.039153731743,19,Wallet,Desktop,Hyderabad,0,48,1385,0
3855.7933483099455,23,Wallet,Desktop,Hyderabad,6,33,3438,1
26653.593530993865,9,Card,iPhone,Delhi,3,27,2501,0
2546.7111190515716,19,NetBanking,Desktop,Bangalore,7,43,2832,1
4777.767040759498,2,Card,iPhone,Chennai,7,29,622,0
2272.574617641378,18,UPI,Android,Delhi,7,19,2282,0
2494.367070320089,4,UPI,Desktop,Chennai,1,18,823,0
5947.732715920999,2,NetBanking,Android,Mumbai,4,35,2225,0
13893.997936558928,7,NetBanking,iPhone,Mumbai,7,47,639,1
3908.350684239724,4,Wallet,iPhone,Chennai,9,28,2640,0
7313.716132495732,11,UPI,Android,Mumbai,1,38,52,0
467.1957298947974,13,Card,Desktop,Bangalore,1,10,817,0
1185.946395634184,6,Card,iPhone,Bangalore,0,3,1472,0
3487.097880485479,10,UPI,iPhone,Delhi,5,42,330,0
101.07335137790118,7,UPI,iPhone,Chennai,4,29,785,0
1457.4798724448474,4,Wallet,iPhone,Delhi,0,16,3625,0
3642.8489922661174,7,UPI,iPhone,Bangalore,7,36,2870,1
75.37122976360162,11,Wallet,iPhone,Bangalore,7,1,296,0
1536.3383628373983,14,NetBanking,Android,Bangalore,4,18,2847,0
3608.050358259168,18,NetBanking,Desktop,Hyderabad,2,4,346,0
4256.60426870218,15,UPI,Desktop,Mumbai,7,5,2202,0
13001.70151825478,13,UPI,Desktop,Delhi,2,21,2280,0
5183.0577518572145,6,UPI,Desktop,Delhi,3,4,2380,0
2678.459570464366,7,UPI,Android,Bangalore,6,20,3218,0
13321.447397946371,6,Card,Android,Hyderabad,6,19,1506,0
7682.865677997236,17,Card,Desktop,Delhi,3,35,379,0
1115.7735138366074,23,NetBanking,iPhone,Delhi,8,45,3448,1
701.1538390388608,5,Card,Desktop,Hyderabad,5,24,1995,0
5632.152804780737,18,UPI,iPhone,Bangalore,7,20,568,0
4103.575272689185,3,Wallet,iPhone,Hyderabad,6,28,30,0
7795.473673900642,22,NetBanking,Android,Mumbai,3,38,3501,0
6712.441079559078,2,UPI,iPhone,Delhi,1,24,2546,0
4906.967512286074,16,Card,Android,Mumbai,1,20,2542,0
21481.877175458525,21,Wallet,Desktop,Delhi,7,24,2612,1
3813.448123497238,18,Wallet,Android,Mumbai,7,6,3268,0
600.1476660395891,14,Card,iPhone,Delhi,0,38,2788,0
8809.26280730907,5,UPI,iPhone,Bangalore,0,25,3210,0
1450.7814028807295,11,Wallet,iPhone,Chennai,3,32,694,0
7509.696753371327,18,Wallet,Desktop,Hyderabad,0,17,2043,0
15745.244373280857,5,Card,Android,Delhi,9,17,1215,0
5966.739148456275,10,Wallet,Desktop,Hyderabad,0,5,671,0
4532.075298121053,19,Wallet,Android,Delhi,9,17,2752,0
3084.5076769873463,19,Wallet,Desktop,Chennai,4,9,1504,0
2266.0068338695587,9,NetBanking,Desktop,Bangalore,0,20,178,0
2177.0816379338467,15,UPI,iPhone,Bangalore,9,2,2460,0
5058.1292634543925,17,UPI,Desktop,Hyderabad,5,19,1387,0
6956.9991983748405,13,Card,Desktop,Chennai,3,9,3621,0
5674.054149890398,3,UPI,Android,Hyderabad,9,40,2784,1
1105.7907501015413,11,Wallet,Desktop,Bangalore,4,19,2720,0
3405.9663716540726,19,UPI,iPhone,Mumbai,8,45,1745,1
7842.441362697825,22,NetBanking,Desktop,Hyderabad,1,4,994,0
3228.4950889209495,20,Wallet,Android,Delhi,2,6,803,0
3846.074525254472,7,Wallet,Android,Bangalore,2,36,3321,0
7373.137743945774,6,NetBanking,Desktop,Delhi,8,11,1721,0
5412.690461777372,8,NetBanking,Desktop,Chennai,2,21,3047,0
2632.6152721218264,23,UPI,Android,Bangalore,9,42,2493,1
11288.666283344812,16,UPI,iPhone,Bangalore,4,48,2389,0
887.0705023794604,9,UPI,Desktop,Hyderabad,5,25,800,0
27036.69910611052,2,NetBanking,iPhone,Hyderabad,5,30,1762,0
632.6516636929013,20,UPI,iPhone,Delhi,5,18,1250,0
75.31424171368567,7,Card,Desktop,Hyderabad,0,25,1032,0
11037.233782895419,13,UPI,iPhone,Mumbai,5,21,2000,0
1404.8797665287125,6,NetBanking,Android,Bangalore,0,23,1955,0
6541.107237025823,15,NetBanking,iPhone,Chennai,5,30,535,0
8330.448080392096,17,Card,Android,Bangalore,9,44,3030,1
9794.494378793828,10,Wallet,Desktop,Delhi,5,46,735,0
23894.18789012491,5,Card,iPhone,Hyderabad,2,18,1373,0
1740.9814479318447,19,NetBanking,Android,Bangalore,2,33,3238,0
6193.56909172777,20,Wallet,Android,Hyderabad,5,45,3347,0
613.0977667042807,13,Card,Desktop,Delhi,1,35,950,0
2611.1966597551173,20,Card,iPhone,Hyderabad,4,46,1837,0
9418.44273633769,12,Wallet,Android,Chennai,9,22,548,0
2291.6248239836764,3,Card,Android,Delhi,2,24,312,0
4471.366771896142,19,Wallet,Desktop,Bangalore,4,23,969,0
3503.6134492957544,19,UPI,iPhone,Bangalore,2,1,1856,0
5191.607287290797,10,Wallet,iPhone,Chennai,1,15,2275,0
18040.072694302995,17,Card,Android,Mumbai,3,48,1083,0
286.7449473520169,0,UPI,iPhone,Hyderabad,4,28,2817,0
4266.1280114473275,11,NetBanking,iPhone,Bangalore,5,42,1121,0
9939.922213708054,17,NetBanking,iPhone,Chennai,1,20,721,0
3282.945350218805,6,NetBanking,iPhone,Hyderabad,2,36,249,0
408.9100207155998,11,Card,iPhone,Delhi,2,43,2010,0
4111.035524627704,0,UPI,iPhone,Chennai,5,16,2309,0
2017.8886328475073,21,Wallet,iPhone,Delhi,0,5,1427,0
841.7488045339155,3,NetBanking,Android,Delhi,6,43,58,1
9453.520165416689,17,NetBanking,Android,Delhi,7,15,3129,0
3686.5352917554305,14,UPI,iPhone,Hyderabad,6,2,73,0
13535.98375540154,2,UPI,iPhone,Mumbai,3,24,3462,0
8199.910994057336,6,UPI,Desktop,Delhi,6,13,2901,0
5904.078293283154,5,Card,Android,Bangalore,0,23,2582,0
25.19086837481973,14,UPI,Desktop,Hyderabad,7,12,53,0
2791.538464908678,14,Wallet,Android,Hyderabad,9,46,2617,1
1100.031648047371,5,Wallet,Desktop,Delhi,9,33,894,1
12084.254104678606,7,NetBanking,Desktop,Bangalore,2,44,103,0
959.3387937297862,7,Wallet,Desktop,Chennai,8,45,1136,1
1684.7821307252177,21,UPI,Android,Hyderabad,0,25,819,0
3637.0036371122783,0,Wallet,Android,Delhi,5,35,1797,0
1528.3044287282921,12,NetBanking,iPhone,Delhi,0,35,918,0
1177.7552680346048,22,Card,Android,Mumbai,7,1,1531,0
4570.207879398742,23,Wallet,Android,Mumbai,2,43,370,0
465.6751110314836,20,NetBanking,Android,Chennai,3,4,2695,0
299.6405403971843,12,NetBanking,Android,Chennai,5,31,2880,0
2328.028931235172,10,UPI,iPhone,Chennai,3,28,3257,0
6376.707738882974,3,NetBanking,iPhone,Chennai,7,11,1050,0
4046.234200029128,6,Wallet,Android,Delhi,8,32,25,1
2748.4947130503983,11,NetBanking,Desktop,Delhi,4,2,837,0
4170.692379982791,12,NetBanking,Desktop,Delhi,0,44,928,0
2274.207662117017,21,UPI,Android,Bangalore,7,13,3336,0
13755.806523807674,11,UPI,iPhone,Chennai,1,17,3593,0
282.3485600692648,15,Wallet,Desktop,Bangalore,5,4,1846,0
5594.965044295442,5,NetBanking,iPhone,Hyderabad,5,31,3292,0
11095.020101822522,13,Card,iPhone,Hyderabad,6,38,2500,1
8145.262859735616,18,NetBanking,Desktop,Delhi,8,3,707,0
1016.9560652694161,15,Card,Android,Hyderabad,0,43,1196,0
1754.3615518522072,3,Wallet,iPhone,Delhi,9,12,1961,0
6312.38895206279,4,UPI,Desktop,Chennai,7,44,1194,1
440.1716411153974,8,Wallet,iPhone,Bangalore,4,18,1419,0
8352.889737068426,23,UPI,Desktop,Delhi,5,30,3184,0
6345.347532395129,2,UPI,Android,Mumbai,7,46,2943,1
6539.387627415336,21,NetBanking,Android,Mumbai,7,11,683,0
528.1437040659497,9,NetBanking,Android,Chennai,6,24,1928,0
6324.997182475949,16,UPI,iPhone,Bangalore,6,21,686,0
5694.330429776984,18,Card,Android,Delhi,0,49,2338,0
8886.99017504672,9,Card,Android,Chennai,7,48,2015,1
212.4291618245035,11,NetBanking,Android,Bangalore,2,35,2628,0
116.9095355984222,22,Wallet,Android,Mumbai,4,4,1682,0
2334.100309918004,6,Card,Desktop,Delhi,3,26,139,0
805.4719810726126,17,UPI,Desktop,Bangalore,9,8,1243,0
4086.5781710363112,18,NetBanking,iPhone,Hyderabad,2,24,3475,0
12465.635819494986,14,NetBanking,Desktop,Delhi,9,43,498,1
2483.6252811836907,6,UPI,Desktop,Hyderabad,4,45,2889,0
9320.050333352634,11,Wallet,Desktop,Chennai,2,12,1049,0
1.2045176639627522,21,UPI,Desktop,Bangalore,8,5,406,0
922.7079569960918,6,Wallet,Desktop,Bangalore,8,16,1276,0
154.4797082892024,9,NetBanking,Android,Bangalore,5,32,1751,0
1988.5799053534145,23,Wallet,iPhone,Bangalore,2,29,2494,0
11940.148255692005,21,UPI,Desktop,Delhi,4,33,2725,0
509.89853850199745,19,NetBanking,Desktop,Hyderabad,7,41,2954,1
4662.2247670032475,9,Card,iPhone,Hyderabad,8,14,1617,0
3002.8029784170017,22,NetBanking,Desktop,Chennai,2,25,2868,0
13941.00682800714,4,UPI,Desktop,Chennai,4,8,1101,0
653.5006936857532,17,UPI,iPhone,Bangalore,1,27,3396,0
1191.4626651289327,8,NetBanking,Android,Mumbai,1,35,480,0
149.93560813517735,15,NetBanking,Android,Mumbai,1,22,284,0
2845.234036887797,6,NetBanking,iPhone,Bangalore,5,7,3230,0
1627.4936291073643,9,Wallet,Android,Hyderabad,2,36,1710,0
10197.487523646136,4,Card,Android,Chennai,9,47,3240,1
4643.598426501121,6,Wallet,Android,Delhi,4,12,3221,0
4760.765048135412,4,UPI,Android,Mumbai,7,9,1167,0
3795.480913191768,14,NetBanking,Desktop,Chennai,4,45,2691,0
481.73043561603936,18,Wallet,iPhone,Mumbai,1,35,1361,0
2944.104150861848,9,Wallet,Android,Hyderabad,5,39,3535,0
38056.68059191408,7,UPI,Android,Hyderabad,1,19,97,0
9016.002065098695,23,Wallet,iPhone,Bangalore,7,28,453,0
11196.129499035516,8,UPI,Desktop,Bangalore,1,29,3336,0
8664.426153272349,10,Wallet,Android,Mumbai,6,8,393,0
543.7294948730496,21,Card,Android,Mumbai,3,43,1914,0
1290.281437121239,1,UPI,Desktop,Chennai,3,27,1370,0
15.63266936831929,2,Card,iPhone,Bangalore,7,5,2434,0
1808.5101133175126,12,Wallet,Android,Hyderabad,3,48,2213,0
574.8516134232788,10,Card,Android,Chennai,7,29,1534,0
3200.8133657634207,9,Card,iPhone,Chennai,8,35,3556,1
5652.48867570898,14,Card,Desktop,Delhi,7,33,3468,1
10377.458564194247,5,Wallet,iPhone,Hyderabad,3,32,531,0
6915.839569584281,0,UPI,Android,Chennai,4,21,2843,0
13950.554374505995,13,Wallet,Desktop,Delhi,5,10,1944,0
277.0260013482994,17,Wallet,Desktop,Bangalore,8,42,2498,1
61.27308727113245,23,Wallet,Desktop,Hyderabad,4,16,1552,0
5413.765276347773,10,UPI,iPhone,Bangalore,1,11,2562,0
1707.8931318856266,7,NetBanking,iPhone,Delhi,6,19,405,0
1461.805115817974,21,Wallet,iPhone,Hyderabad,5,13,522,0
2009.012276790201,2,Wallet,Android,Mumbai,2,15,954,0
1572.1570555340709,13,UPI,iPhone,Mumbai,7,42,618,1
3581.4281719959035,1,NetBanking,Desktop,Mumbai,2,36,2065,0
2900.418073614056,15,NetBanking,Android,Chennai,9,32,204,1
3591.5921900231824,5,NetBanking,Android,Mumbai,3,19,3079,0
5584.598427849748,0,NetBanking,Android,Chennai,8,15,1737,0
2448.0163389322042,13,UPI,Desktop,Chennai,3,38,1582,0
1447.1358855888489,9,UPI,iPhone,Delhi,1,22,1535,0
908.8117867280439,5,NetBanking,Desktop,Mumbai,8,49,1034,1
2149.8709816078817,8,Card,iPhone,Hyderabad,9,13,784,0
6770.229396484067,6,UPI,Android,Chennai,7,20,1793,0
7067.401053505768,1,Card,Android,Delhi,3,49,2061,0
5496.643526429265,10,Card,Desktop,Chennai,5,15,2237,0
1333.0494615149403,13,NetBanking,iPhone,Hyderabad,5,7,3504,0
4434.706430724684,4,NetBanking,Android,Hyderabad,1,22,2192,0
4227.876109968583,8,Wallet,Desktop,Mumbai,8,43,3497,1
3310.822672130099,6,Card,Desktop,Chennai,5,20,2334,0
3992.305001916465,13,Wallet,iPhone,Hyderabad,4,19,1741,0
3384.3088790281718,15,NetBanking,iPhone,Bangalore,1,27,328,0
4167.294580070368,21,Card,iPhone,Hyderabad,9,8,695,0
6285.2147788089,15,UPI,Android,Hyderabad,0,18,3595,0
580.5807219786465,6,Wallet,Desktop,Chennai,6,10,2929,0
6923.992445453135,9,NetBanking,iPhone,Hyderabad,3,49,2484,0
730.2537408671039,20,Card,Desktop,Delhi,6,41,991,1
344.7572103528152,5,NetBanking,Android,Hyderabad,4,35,1515,0
18665.136160770602,16,Wallet,Android,Bangalore,0,15,331,0
15731.81879994857,0,NetBanking,iPhone,Hyderabad,4,23,1072,0
311.6996055041094,1,NetBanking,Android,Mumbai,3,12,775,0
2928.225771143809,13,UPI,Desktop,Chennai,0,49,2998,0
1030.4793263168647,3,NetBanking,Desktop,Bangalore,9,27,1281,0
3321.2915292168504,8,Card,Android,Delhi,1,6,1111,0
8864.999958516937,22,Card,Android,Hyderabad,8,24,1056,0
15040.216191592963,5,UPI,Android,Hyderabad,0,22,2366,0
5029.062469656443,16,Card,Desktop,Delhi,9,9,3215,0
2184.048799361963,20,NetBanking,Android,Hyderabad,3,10,3026,0
4623.196996639145,10,NetBanking,iPhone,Mumbai,7,3,1116,0
1869.8416973202031,3,Card,iPhone,Bangalore,4,6,189,0
12029.939898739402,20,Wallet,Desktop,Hyderabad,9,26,1102,0
10216.530342089274,8,NetBanking,Android,Delhi,6,45,845,1
4084.8492815445916,15,Card,Android,Delhi,1,14,2488,0
1963.7236466686522,2,NetBanking,Android,Bangalore,3,36,2082,0
1736.3796638065812,3,NetBanking,iPhone,Mumbai,3,42,118,0
169.94568120234612,23,UPI,iPhone,Bangalore,0,19,2072,0
8459.231796584481,2,Card,iPhone,Hyderabad,7,48,3612,1
2992.6699728970334,12,NetBanking,iPhone,Mumbai,2,39,779,0
1966.1976923320512,18,Wallet,iPhone,Mumbai,3,23,1779,0
3184.8773973390853,20,Card,Desktop,Delhi,1,5,3036,0
8539.0586394094,0,Wallet,Desktop,Mumbai,9,44,1750,1
665.4529215883148,22,Card,Android,Hyderabad,4,15,1438,0
9747.542665868415,22,Wallet,Android,Hyderabad,4,30,3622,0
11389.893401489207,5,Wallet,iPhone,Hyderabad,2,33,2048,0
14659.837292676124,21,Card,Android,Chennai,7,38,1745,1
2533.2384211345952,2,UPI,Desktop,Mumbai,0,19,1238,0
1224.0095728588865,2,UPI,Desktop,Mumbai,1,5,2177,0
