income,credit_limit,txn_frequency,spend
29250.81024658567,17543.120644127273,24,46792.80896484126
49760.206810279364,18498.59071674476,29,44807.380291241185
56881.25097197131,23963.60819031677,15,61290.095564880554
50860.687702321375,16304.715063192298,18,39222.867022895945
43891.64034476764,14582.996442860705,17,39005.80411708238
39092.94944291082,18518.681645274046,19,46174.29678480615
67719.64486170906,19878.240096378093,26,58157.996103263766
45205.323786770525,15096.713525624858,19,32603.542861555587
55553.12372304642,27149.622391362085,17,56390.14933334381
58197.37362686632,20955.234959290716,15,49274.33244342938
31376.2951472271,15946.291299007835,22,40811.1691142685
48479.65325022793,22615.826220865256,18,57598.422074528564
69698.37019641693,24755.171170673453,21,58145.40759866469
54359.25792433659,14524.584014322507,13,39178.96478165266
56685.52602437146,22452.12614089073,26,45063.3477689766
43639.839641604085,17416.84373434202,24,41896.627125559826
66316.16091677966,22392.21311614854,19,62444.26793343021
79279.42578772639,30357.979631651266,22,75726.66022004792
38361.76743225125,16220.728001310203,24,35716.295994162625
61783.35473524103,21361.985434909984,23,56550.857518293094
29355.444644286526,9957.067763764824,20,22244.06824475974
59127.01721680019,29903.071673427825,17,62111.8098152235
56606.10443836154,9442.212353363946,21,42788.97288155639
32837.916732262114,20843.212963599264,16,44389.71819700944
63883.28001850024,25105.76414673135,16,59661.503808911104
35058.552913976244,19576.044105394907,14,45427.876947799865
78992.12215266233,18126.296468090604,23,58330.9804835726
52154.170419040835,19361.192937775293,32,52905.003490598785
47687.69824181354,18456.51840046364,26,51598.41925583435
39990.00696695467,11763.901124408845,18,22422.903058749846
59118.48073490601,7707.731414679165,26,35880.62469656755
55117.27858295411,25650.8420072798,27,65493.323757331505
52135.86355511293,15950.946640974656,17,44937.987155357536
38745.349217719675,19873.98730112482,27,40620.7784017942
45982.507925058926,13706.986836387248,13,38242.31799428227
38933.94408263685,18440.12388923497,18,45309.70585765428
24277.342138448705,24023.841415600622,18,45792.58356801693
47903.3332045437,17383.064705898425,23,49838.42824333461
33294.80933910598,26397.933088548245,19,49336.172870734954
80277.62394931864,20687.16035718024,17,57797.774096864356
78155.98935413177,20146.184639576753,23,64049.31556043365
55295.1072545036,21569.602635965173,18,50089.102093536014
22546.520439486347,21302.342181699856,16,39874.273935016776
56866.62756693034,22926.463882417997,15,49627.348343785205
46727.2806058126,19081.479984462127,10,41753.51786190608
66718.63160451321,15545.276313346296,25,46424.43835504816
65283.63412971106,26401.2750064583,22,63264.396205578225
38648.433808516274,24956.687645179867,19,55128.733874630925
44521.74355151351,21810.50708388587,17,56114.528297380006
43423.21394671854,24756.225030214693,19,54478.01463230744
43741.898245473836,13936.347951776843,25,42641.39988704173
26240.553031761974,14945.554183626653,24,33889.86304640046
55735.78700571856,22756.102747147994,20,54976.46827120561
51220.354387431435,13458.575627364778,28,38789.34889925088
45102.15941396437,28999.701164507896,27,60893.57477025986
54117.85136359154,16580.396260332323,15,44070.60537067052
54895.82993032662,12610.481810308504,17,38034.738935819594
67485.8027977326,16302.887299058879,33,49757.317609707075
63436.92416267159,15482.18518180804,22,39792.559963963526
65478.113236067926,20565.4683457812,8,53839.66681350165
36531.61572719476,21478.850812161916,28,47338.73635573686
33184.499830787114,15435.243003814674,21,36059.41687989627
64269.68131080178,20058.7089320033,14,52737.11920896133
75622.25870065155,15986.991832430318,16,53624.199258879205
62726.25924575957,25112.723255565357,19,55651.62576905566
54947.87705732265,14674.020187139822,18,41000.164524851665
50103.397350687104,27462.529314303287,19,45991.18549709944
92910.12894436094,19662.525047814568,21,63952.68945885088
62493.838904261334,23434.75979317456,19,65261.4316663589
47001.50795908284,14056.720066463202,22,44051.72831721487
79757.4588390821,18828.366669834675,11,49247.34725623226
75832.15739911662,29788.683093737334,16,68233.55850059884
28505.28653919435,17334.565853034874,17,38701.84898935693
31587.267623916294,21871.633778414398,19,32862.51139193245
46907.30593597144,17979.05247457487,19,42249.53061217056
69136.80971030984,17677.225717136298,23,51669.64554528658
41304.28627223818,26039.206969361476,18,52056.320213539286
34702.20402635906,26997.755323836413,26,61724.346364775156
62210.7898006906,10640.406686045846,23,34452.346538149475
21054.775651002397,17270.168722629533,31,34973.86447573126
44730.98443707597,14845.77280927278,26,49591.75423646343
33892.679454946454,21633.60031125993,21,54915.82224670287
49876.516428530624,22223.023707586217,21,61729.415735079754
35784.53036707296,16198.872212147908,16,34537.560535759265
47723.94807755749,17230.965235718104,32,45488.957576480636
56322.62036115995,20877.096530878705,20,43854.42596664194
51946.501391495374,18659.45249566202,18,43563.00243028604
41941.14425373495,24689.40340871941,25,57330.84536930964
44871.82640118211,16337.644123244389,14,38773.0429911514
83818.27190260513,22699.09254452733,17,68753.71867511049
63242.52883772935,18936.11218301201,23,52243.515655897005
46521.61189735467,25427.62080838613,16,55055.62830828531
52674.8492449411,21725.784779410522,20,47979.74076623623
56772.595574192266,13064.799044964886,15,43419.65507429145
38571.18527209798,14939.106142727986,20,33295.482984939044
50032.373528950426,14965.512724831247,23,44307.61872335375
33899.679784912616,18796.754562095575,19,42380.57313598253
35094.339749845785,18378.914539498932,18,43807.22539715943
63131.57074090111,20566.218274775936,18,60644.185981100214
65083.73086543864,27152.925532827725,18,70338.70761418882
67300.33512997156,22969.464775125984,26,59830.125508138255
48926.6619178317,18996.789083668307,24,50047.70651995928
42599.55421760049,16823.361484962003,22,48749.21483099631
50159.45335767765,24979.19981409357,22,52067.56912021621
23142.440026897253,23366.950732428577,14,47863.22136980068
70818.28763445982,29351.75274908593,10,72250.20640855131
9364.526656554277,24014.976170655602,20,47116.99128703044
64595.97315703693,19274.848571446448,31,59912.869135473455
35158.07690919154,24717.26435520053,23,54451.1326851472
49878.59569323031,28971.072342814947,15,59080.39932733146
37233.175069229255,17364.956992512987,17,33755.897002123995
37462.0686548181,16200.803318884646,18,47088.3321471581
13393.163930470284,14719.172968892844,24,35564.45591951164
30952.88451105979,19335.209822647295,13,43084.31588210431
63656.13146186248,17420.547000394814,14,46041.973808083996
31628.15202060032,19571.902217791077,22,47574.57565903459
30991.193134915608,18881.864012477265,14,39002.563745517466
48379.12424053543,22666.255207170307,23,51156.652718095465
15074.287637334135,24592.309825748896,18,46899.51911203911
44738.26056263654,21658.348222232533,28,63736.106630976086
53877.10138783594,21044.6988790153,18,41676.7933363011
55564.77009739205,20890.635368875257,23,52324.40420441684
34438.888120710675,15691.74213932889,25,37789.210117730174
68118.71100362517,23099.1913592914,22,57181.5498438643
65318.75965088562,21030.409782266586,13,58503.30785611921
24085.59271109607,8571.067205871368,20,31573.384451137434
60716.236188585885,21721.773093541968,18,58977.08609115931
52273.80266493237,19383.3181621117,16,44195.13401212067
57649.009994060965,22743.56263143347,20,58649.8547587583
40756.373467100966,22815.928083569088,27,55093.28778831043
30605.975449209098,26475.76880082918,20,51564.75518699556
47769.33514293816,16470.51021329467,18,42730.092622513235
55673.627864890695,12313.48415217695,25,47490.354002235414
55948.31596506183,27025.391923856892,8,49234.49688665969
55138.12992000651,25042.011380679793,26,68325.71697702083
33868.66439850328,16653.26644122219,22,36642.70213639876
70558.82327569774,17694.424101233566,15,50202.21875886791
67891.1369724084,20482.024844605367,19,54572.07487948726
53699.58572724063,20209.221471282544,17,47178.80717742162
35704.406935606654,15567.624527287819,5,31299.26041213366
53938.27971345222,23759.775317484422,19,56046.746885259134
43582.47311877391,20982.18439410973,32,42802.5322048794
44716.04174791626,13007.93720076458,24,36341.91078120374
60058.44521812341,20331.957017928326,16,55558.32782722051
43713.38754410381,23127.386314747855,21,52062.795828190174
71211.68173589629,17241.75483882051,23,50028.40556421886
59457.75365707786,18830.74097035436,21,51706.64196146488
65117.67049489364,20718.460751953207,12,59633.02615803855
36552.73679802053,10457.863300271534,15,35125.431815325814
40741.77391110045,19017.630632977725,20,37356.29926926935
31344.743958475497,21654.29043453402,16,49349.70158977939
69803.7916776666,20537.691329099554,23,56991.691837547725
93190.75475002054,26758.101310266444,18,67338.85040693109
57807.058713398466,23594.61115354294,18,55385.83513141265
53885.8403706168,17941.292414758427,19,46175.012159375976
42845.09556664307,19551.21166605999,13,41270.27487033369
74251.95515088674,21753.51574155869,13,62685.73387016254
49328.24853632034,6696.868041715981,19,36931.74622601476
40283.69511752685,12071.92343512222,24,32004.35638721374
27854.115604545867,19782.201889809112,19,37404.70988446546
34328.58077057318,29016.158652161437,15,56929.58276167747
51053.73048092527,18965.6996686729,18,52602.106935790966
22504.46248472446,25086.830342477933,17,37810.50926123824
31604.9007744933,12843.52327576655,31,35270.91651498149
74948.89404598,17623.857626660818,20,56427.33441755504
62440.8959677028,16287.673284012682,27,46431.25566885164
45121.68623197535,21443.928540023106,23,52887.98199940642
64145.58713003025,24378.092719645618,16,58615.84930928718
38524.37375155168,18912.784655751246,17,47005.89651166904
61692.31706703399,18086.8645520033,27,57167.94132273395
44556.15598166575,26833.876924346063,16,58215.7437344156
79539.53382463174,30927.859649451777,22,78807.80522923813
32935.64917900901,17844.832750053625,25,32406.366392091284
72954.65040146295,19548.664023047917,14,48674.4767508695
48080.75172951015,21325.364522490767,16,49304.3474839988
21825.97716969025,21983.852692705095,26,38996.65287642247
54639.497626208984,21169.267862198183,28,51603.53666383291
60483.59546479059,9902.78700462583,28,40311.245076153995
72488.8234851435,22124.38026487596,20,58672.89752244356
61420.81968369902,29709.372298920374,19,69562.55951610464
36047.80856892738,11884.61249808108,24,38722.72471873823
65573.77643352818,11996.053141031887,24,45222.10627641991
50810.41093795306,13575.82094045218,15,38873.45863977061
26281.70082258908,23145.829459718218,21,44070.0255370296
48733.97615534708,11037.06734956621,28,43775.85371962403
32349.22857099611,25722.96575714801,27,54046.9674663398
47904.02905983334,14693.553225438312,21,31640.072649034722
60927.33632171698,24101.603779393703,17,62335.89458208157
33101.92983139402,17090.89140608862,16,41671.28559752459
54413.540647707705,16342.622849982006,23,45954.96951986167
66249.6194690949,22474.2783692254,19,59110.511190769306
40625.84762446366,22899.186516915317,19,46185.60649360617
45736.12142578359,16165.357193508458,25,40684.19081707554
66026.11104963534,21307.659579535437,19,53002.9944745144
66709.73832277555,23309.233062211042,16,65400.6043304403
32622.043693853633,10620.9845938229,24,28167.440173349492
34390.367234174824,19653.775108003567,13,37556.24337883023
61854.56230809276,19563.6687860407,20,53958.44968663199
46533.91863485554,10801.932684197733,18,25995.089295876987
47673.074615621925,19961.272052304706,20,46406.71908462297
23638.258576350858,19716.53597690185,15,42886.13466652446
43080.174823042675,24130.448228762394,21,52057.186315092724
47548.267253361366,22334.753273384606,19,48248.623520433524
60846.141525930434,27032.316860665058,21,56212.08050527453
44411.0770553745,21861.891611986528,19,46016.94428959921
60891.00045685221,15120.512083681348,16,44307.41596064347
47415.2806212542,17740.60395103854,18,43980.38761697749
68837.01764799419,25007.677137670144,13,65716.22503767516
49784.225610146495,24098.691101320226,24,54099.33671911078
42265.77365504736,23682.996166751185,21,41314.17266574292
39033.60826928377,24189.92995716154,22,57432.244451706305
34439.1316718279,21569.643685538525,17,54002.01130743869
54705.40153238918,20760.443783272858,27,44287.85894943298
79401.31171202814,19213.511065430226,17,59479.06232363991
61785.04419737117,25180.310306025403,15,68203.76188222911
56190.43174717705,21612.825712122405,24,51135.97416276647
31517.91463837385,9937.0029815936,20,30478.05102994233
32287.046190458917,21911.413943039173,21,49174.79780133025
64256.346419015186,24550.069854360474,20,58853.33535041747
56915.08338988434,15669.613726689106,28,54528.62783391024
40470.24811000803,17282.213433179142,23,38096.60840576043
24269.067075843992,20066.76499391126,16,53986.019054184784
47022.20345586082,27009.549417158658,18,70213.68204700261
36518.73442330186,18402.872494010488,24,44513.595020231995
42074.42095957509,18466.32253422501,25,59971.8656592522
30743.683428900848,22435.89627994658,24,45859.31965527972
62096.814780204964,21029.203458946697,19,47758.77055197296
40844.886536468184,16667.747886196154,24,46461.072862846566
57667.7023934642,20241.828776810893,15,54695.10268068078
55798.97048404916,20275.180389344725,16,49614.09784410327
41273.454498680716,26323.9874268476,25,65139.26899711808
47222.419326077375,15267.786827285265,18,37555.73081640499
76396.33397796872,20411.35993243581,24,66297.8928621863
34562.159186688164,22781.80700283533,26,51581.648096199584
37398.836698650135,25367.70753244313,15,54132.11385078217
18499.6033465271,17007.007551425788,26,35347.481821403504
47795.06312439811,29308.317655342333,17,65689.17940117019
18548.32298950714,11616.111571423286,22,23939.815806492275
42682.40766094162,12594.252404375075,16,30954.82366273004
22873.365862647384,21080.042709802667,14,41187.15327465104
60893.49447370293,11813.015284516532,23,40703.86476606469
47475.56725482822,16850.375197514568,18,40462.55592947134
21.27864088257047,22490.89660736105,20,37460.94431646113
35483.32950286721,27157.91027918627,26,50265.71489279698
42848.56546830977,21399.018152284407,22,51665.321461659696
57902.62823205632,21893.519618015092,23,43265.73658502965
63032.276148960795,23364.713281231,25,60962.618112623815
55920.28560992262,12039.788291683028,29,39039.42448626693
54541.230946525706,23067.66800068983,24,55943.290049158364
56210.31993449714,20018.213573165987,19,49468.59831707642
59724.32784499733,16010.29394864506,15,39123.64605050313
50171.301901445186,15193.319310204584,23,39337.53997367273
46753.86655903394,19590.355538807118,18,44061.68250946346
52765.11643650055,24082.23710298924,16,52483.26387372122
67478.73400405241,25434.017190055187,14,65642.8558891093
14730.16350304921,19369.16264604216,21,38839.1863978638
15586.983773442793,25232.053547965515,19,40621.45781416274
58402.77386615091,14580.562200160184,7,39052.177340423994
36531.877178331226,17775.476670722215,23,45865.808769249285
51046.9937688777,28555.019108993736,16,57045.47073800073
49528.160688031356,25980.557118579934,16,68056.97647312575
82440.68812506809,15974.109414971252,21,55283.134607851935
60131.45876344325,23712.686315613715,24,61319.17356550545
65069.95716492183,17162.072024561876,16,48953.53904665934
45341.991826390964,18518.52983847815,16,46040.424156796485
37918.0387930086,19742.88190353516,19,41122.70773321784
37303.698199874656,13332.966151284407,19,34189.08245153871
68388.75251708641,21511.321959951532,25,56774.47323271855
57867.220161788486,26870.40404589322,18,66508.59040431253
51141.03599611464,19254.998430198186,21,56098.35904710889
75673.72764727849,17252.03724910735,23,60932.86068191074
47912.08431351061,17081.637493149134,11,41796.763251436445
38439.83001944699,9110.575440716646,23,28013.304943903564
44866.028589987225,7880.173598517906,27,31457.75768969144
66124.59112549043,29313.412756354483,19,61824.83757924561
29433.034447140442,17781.45675480374,10,45417.17132056579
49284.799432960615,15404.726145690413,21,52272.90166457754
74145.00933449891,15569.180088629651,24,37888.1265731139
56092.90531649387,19695.96328768241,22,47672.44113447133
47044.406503829014,18772.084931031146,20,36441.0145518263
78889.70622774269,21941.376965196152,23,57803.288857256186
55234.95590435821,13552.077028561987,22,41766.60615916605
25832.312547780126,22195.07318236773,15,34645.66849195908
47417.32815618482,22889.13602335346,26,58277.36112731645
68234.81407818318,18553.5831988092,25,45433.53256735826
52518.10324113645,24089.979663743725,29,68110.71093157292
73290.06407852127,26568.136285266053,28,66092.04712066003
33894.2725658313,18591.723101224685,14,45677.929334071705
48707.26522898307,19709.9991171583,28,46060.11889669461
55342.72656834181,21656.482354689284,20,54127.74784267594
31328.58073964111,23211.131214344765,23,57012.97177212557
49911.09872969566,23829.777442621184,21,51405.28995930691
56371.7356217645,23390.546778242355,23,56876.50579901222
31034.77701495545,23665.084677043622,17,50581.294132262716
27780.060453362068,20885.087615506593,17,37490.52015450859
67816.63520970926,23957.26170221948,23,52230.2529921454
51738.689590190894,23774.45763957415,25,55289.15132193701
14835.058270165624,19338.316255951882,27,38854.95834346295
39809.0638188737,26567.400498566618,24,61040.112640124666
51188.54722877128,12812.112682417412,18,44581.082138228885
15879.943562289096,20726.910884502446,23,33413.92530152825
36174.12554605161,22042.70651878312,9,41416.47771424979
45197.94425669257,19898.04867880339,15,43554.87177478961
45200.85205809309,29054.848920126606,21,52595.414495283614
34178.73188677141,19523.39569988377,22,49121.61878781398
47885.571786114866,26965.407070419667,16,63974.8359980844
43917.13936091934,17386.016979128384,22,52455.586744057
47088.64747747825,19061.52895849609,13,38800.01935460339
54638.469212653516,21282.6460868585,14,46827.83504115595
22093.258261833274,19334.699213551856,18,38618.87544026368
60708.94641099726,14113.508928256428,21,50833.10581208672
57904.19877206291,21841.8346459895,30,51738.98956930343
57260.17452978005,20406.711970478435,19,52456.56878567423
47317.000603890796,17093.631502336393,15,41796.13887825676
47002.04326299064,9008.845763030762,19,29038.807938308662
48146.03757852688,12320.954040371587,20,38111.51787103741
51112.57329236848,12553.690623131522,22,37080.00592885153
61877.61157672816,19688.03808295885,26,51457.582274706416
61334.621761273724,25547.562155669973,16,62419.175026539975
45768.6173078573,16281.833775753748,18,42990.91386862729
58834.061807031365,23003.37421294421,19,59210.78409934308
57327.42118201253,14848.726170112981,17,40899.72832913413
60390.699888336014,18793.534928881825,22,49945.62476214917
44222.80527202734,18555.973848009413,25,41398.050147456925
69261.91620121115,20279.284352710372,22,57274.95460874293
62120.64212847757,18979.090194980792,14,51433.28178022716
33661.30680787988,20252.551166768546,20,42377.770236047334
37980.53729636746,24048.419010783917,20,55040.390730085855
72797.45192089432,22583.433550909656,21,54301.13257307231
22169.239376913392,21094.52857103339,12,43801.28127403463
49613.732175706245,20923.372843297268,16,55486.97526278689
81499.40277854522,16078.761219345706,27,53867.50180202713
66117.20198331654,17670.53350912961,22,46145.88597162806
65384.77779965905,20376.87218235588,21,53320.862375477605
32119.012595876087,20907.053869284184,22,44350.660069483565
61930.24830497251,14043.00158618124,19,41799.803195464556
73005.94396670234,9214.437176427065,20,35801.21601639601
45353.63279704435,19839.43874498308,17,49518.408797950535
50045.96339410788,15084.523930062369,23,40838.138489823985
65187.11616890829,26953.492218832063,22,66341.61095028475
46763.65451898707,23366.364587802796,17,57170.788678311816
27273.015794039315,22926.9117440928,22,45286.00811189417
9100.58688927783,13314.28421119996,17,31065.362877258725
54733.459510919485,24373.416152728183,28,49786.43553095982
42441.72681214786,16862.36401355961,20,40800.86882572057
8736.91718973036,23825.874126767398,19,32053.171796266808
38025.96426330352,24319.924054505667,23,42293.71169864346
44165.30557303673,12178.85040798011,18,22744.29094948603
42731.20301146531,15022.651866809589,19,46107.589542370566
66950.15020329437,27310.608826231546,16,60091.25937737875
59873.33978818258,12577.64299617659,24,37198.970113293646
47822.65104242125,22691.592195468576,17,49871.405399348165
30888.808148036518,14687.677178554924,15,26504.27305506759
60592.414479682615,25833.84123099103,17,63747.51757330701
72044.60839629368,18889.06730089626,13,55102.60414840293
75975.80659765107,19642.10978866194,14,54990.31465940196
45902.898437024036,25721.973008111665,25,56209.238364829565
58881.051857287144,28406.844551383925,15,60409.96923996953
40317.9382898092,19433.069686249593,12,44211.62416066282
37625.439388418214,22633.411815789266,25,48250.09457013364
60843.412386487464,19856.707746168955,23,44361.55705983404
31229.941518519674,28892.787851500056,20,59706.30808917398
42730.56519284739,27367.521282430665,19,58015.742999147915
67220.9193621304,20558.764848517905,19,44194.25457412444
42485.82574754549,23206.786880598465,20,46525.655890748356
34503.76217932173,25400.686530595693,19,46540.59399065609
79904.40358923453,16698.43791030924,25,46453.19389782054
58464.55035245588,19194.15380318768,19,52287.76003613726
25411.664574228205,25058.316469472367,23,52368.88318073256
55033.36953280127,13365.864916225288,26,40340.697773444
48189.8875669099,23231.723048869117,17,52893.30242781732
62167.43340580792,22760.05671963754,23,66261.42729289178
57537.66567887121,16461.215509586542,23,43994.070838682186
49338.296110609095,25504.364813959488,24,66756.44077993391
53967.378505816014,22071.07799124603,28,52242.59964383328
54771.79305727926,16746.071004574824,25,43512.369497138025
56008.164835229465,12971.554470464336,20,40394.51592905943
44361.08771382707,17699.349568716993,18,49170.064333920236
28394.076027603405,15367.08239131328,23,38427.42657415479
46677.297184742005,17500.275396955254,21,42564.54333353882
43152.324162368976,17871.544476717085,17,42141.903250329415
49095.69586585702,25964.10906706158,19,55490.12461639611
66548.03899800508,13419.146615158697,23,50599.62389081496
71829.23414336545,14668.61756396435,27,46438.95176912301
60780.08910815129,17866.014990729767,20,52074.44702860633
62185.72183473999,32927.96195406047,14,76459.49235073105
48617.57145885746,12153.419762462025,22,38330.42208251164
44208.2466479975,9827.867866275305,18,37630.26552133835
61038.53707832571,26391.325040383213,20,67990.59916836565
64591.37438227693,17447.97340972255,28,44959.44903555639
64391.250785731914,15924.06377533197,18,51195.92108486744
47870.96726129506,21877.454797836308,27,61605.191324599604
51250.300270712425,23471.039917033042,21,59958.64713688639
79068.7740043757,24145.251211082843,31,75511.99208508733
13603.657964661128,22824.702018137632,18,41459.10176211713
64708.74754059288,16506.78972530618,20,47862.06648821966
44893.26855567849,23296.575581553294,20,44096.33163832853
44896.89150954695,22012.775935547605,29,51270.64214148612
45717.733870775504,26701.894905076057,21,57693.849963604705
22228.584392222347,27340.674086133055,17,58861.6036172051
46852.104489707664,15475.476847285794,19,42566.57033870178
69190.39032145657,28471.54064852701,19,71666.04610802495
45592.70545734875,17718.560179662734,17,36882.61226083682
47657.9292905914,12856.429199078257,22,40349.520801239574
36647.057218347814,28319.544310665642,23,60352.45635791682
50326.539890138665,24089.169600949477,24,57227.44039994084
11614.854206651144,10079.91174243321,16,26166.899615063077
38102.02052286365,17471.864243273933,28,40869.27709951258
55804.641568259365,16424.07034797485,21,48271.82261405547
30099.52412388834,17143.002150858567,22,38613.005297270814
31431.425101234156,29311.070387454878,12,62697.8217160862
42997.48653764113,18933.958093559715,17,42128.4928480324
57464.30638903635,17611.001162616667,31,52879.9595893468
65168.84359219489,25094.16907929018,19,65424.81710501284
50017.98435726354,17604.906018288842,21,40268.96247876737
45294.84684698377,31943.707898191446,21,63878.0810442873
56079.31266923833,21009.20725935869,26,50602.57697162135
46650.79021758,24871.058457785988,19,61757.7448385849
61022.699868779295,29735.844320210213,18,60340.35951345141
72277.62180299885,15950.218963238041,22,47532.56284384852
47634.17782127026,23891.981828270054,22,51859.44306240241
32909.66149230448,17276.352380131524,28,34991.89508210212
49126.8723552173,21032.22606107054,18,52730.43409043542
80218.4612001729,10554.18920046763,27,39191.29493412105
54752.48810619745,17336.03241738353,18,48240.48155619481
35268.913221883806,26825.97270079037,30,61170.68693184406
50538.450572071335,24104.489964166205,12,48555.994002076186
48906.88550184334,18497.386320943282,13,39111.1935655446
37533.98667702818,20554.244766923766,29,55390.64816226535
68920.08030379434,23757.491407873382,15,66677.94781521357
59267.71578120893,23888.337198099238,27,55316.71597758605
67393.76171089895,22108.18754644207,22,52948.91465064316
3617.9129401788305,25059.02953265873,18,39149.96642510692
54200.58028027482,19138.920848809936,21,50983.63137545212
51173.38738536572,12684.266790650929,29,36278.395212379655
35254.95415411802,15171.245954863312,20,33594.43108767616
56566.66463376529,17768.429561753917,21,51250.935115316286
35526.69622938447,10285.563273967484,13,23876.02339870066
25904.113233075197,14399.778496857754,12,33562.37917007688
60895.24356642856,15138.156384334856,16,42648.21248859048
47675.33766318865,13475.743907358217,18,42261.13712926477
25430.120008760416,11723.363535496654,23,43503.4021733878
71549.54482683382,28639.055648716476,17,60970.73852691389
50903.27625471412,24631.198431173238,19,53126.1422212718
37938.90545708241,18655.196439342875,18,40928.25397998728
25517.233228304554,20849.129140728983,25,41648.781275967856
33439.126068686564,17910.116458489127,19,41535.65173140004
25490.292925302376,17840.43391958908,16,40640.06622201296
75693.92189943978,24572.131877801967,24,62085.05316057304
79997.34276880694,21098.568554075428,16,58777.22238256255
68394.84061694157,14872.67041153189,17,44459.12187344114
25100.516665733354,25712.15293491878,14,42617.46104812294
58113.24639607222,22139.099903918126,16,48303.96452084241
85002.78792831034,24449.195248336287,18,68013.25196298063
37959.9035854522,20957.88740505595,19,55891.28672141696
48641.03436101134,20394.68032918072,26,49822.81498417413
76931.77419833894,19333.729363042123,25,54844.68682413966
55225.30224419275,22624.6111850443,22,51769.08325507501
60020.699592421486,14080.766338264748,26,53960.22424127944
39732.685009895446,22698.30151177587,25,50602.44475689974
28057.70226534097,12085.262243670082,21,23630.152778616015
57225.258991846014,16923.07435716806,15,47073.496717070484
42574.068987539824,27229.06167073205,22,58440.07981138824
40169.22676277986,14533.682056533391,20,44420.38469761205
38057.058813848016,17154.796501035264,7,37246.867848515205
62402.39399476286,17421.06296251679,14,45802.69190304636
57180.850138316135,15989.520024965259,16,38478.15130245205
78716.7587523498,18795.82832459247,13,50585.039968036624
67353.92242357966,20733.7560213665,9,46958.08566604492
52305.60341396949,27039.837707315797,17,59013.25777951147
51565.96201588186,25153.22260502483,27,62393.47769940602
65898.81122492967,22936.611070717478,12,51410.46250707742
52247.557553661034,19330.72225275675,24,57692.73652109144
68653.35311458645,16470.57598216201,24,58181.99812311288
52706.10564858337,22847.65162090466,18,60122.39238374255
60042.32117191945,22059.55063463047,17,51847.77195270194
72595.22298409269,22470.358164839567,15,52676.828503097284
26639.435860980346,18067.89249955742,13,37688.34173265571
71140.00389567058,20719.977344721272,19,62720.364625857525
72113.05255380075,21123.72940829037,21,65864.22071239719
46599.371007839545,17039.032571379095,17,49484.38941342665
51833.7180866261,25578.521372830226,17,66959.03197569985
45477.428740533614,12047.225821631306,23,41916.66845097485
41724.63741880638,16678.28405160978,21,37999.35376706114
69208.96335589165,15605.506004882838,14,54346.764608706086
29082.46669756519,18086.308229007736,25,34943.68046454041
52393.43491213425,17195.6835107523,19,51791.07642383089
30858.885790788972,17107.79724850007,14,35407.630726720316
42410.54360465836,24043.28579243264,16,53603.34921635206
33474.90946855467,21152.020842975944,23,41383.4869794213
51662.76779077014,15837.725472585986,20,44952.34861412052
58241.206141802904,22618.463483774376,16,59376.797967301725
67994.20699737329,22186.17618235702,26,60655.81543754204
50067.05448429522,10535.927704386691,22,38455.47503563853
79670.01975294498,17639.797491567562,20,57172.392771593804
43649.0347533442,23056.49483737586,22,51709.422125552075
61836.14878067276,21877.20245131808,18,56331.74249975727
70988.87862983353,22989.48537181963,25,54931.633955199126
45134.08430612178,15886.156060164209,20,45460.56124942063
58993.29685474376,21952.87597268382,14,54643.14835790626
12748.920769863536,11155.35099500511,20,22699.313554928252
67268.3841746959,18986.25112238639,19,47188.06388499578
37901.16758656378,28659.46765990426,27,58774.19401303449
73546.97527708799,24396.7368109852,17,54564.20293395076
49641.457781318844,20933.538860858513,19,49339.090982738126
64718.8065357529,17185.970603325524,23,55040.36006748541
41246.2064437994,26240.917166955824,18,57166.774555583135
97710.05193509204,19965.27103419013,19,57571.871573205324
53001.82939238496,18005.828868206863,16,48121.063081166285
85392.24073901883,26719.89033041351,25,70679.20127415552
50217.29163813508,20323.057017272484,15,47717.15770646768
45147.04109544586,21770.15622165284,21,46768.130011159
60363.76013460737,12847.030642571335,17,38961.84612282309
68506.39941399268,17516.0345339477,31,51690.6711993207
63985.12915933331,23645.303856988823,18,57018.009919702425
58588.62730888073,19710.82215593567,13,50381.29431240127
50906.36091988063,19419.471090787152,27,59030.857096072716
63080.89523296861,14590.539407535052,20,51034.885680379346
56440.588468540074,24410.86231610572,19,58100.019920317485
48063.78873954811,18161.080667091752,32,52322.53105527296
47816.550099530585,21174.453379596758,18,46836.85614763895
71827.79433408685,26849.13182949175,39,63698.346050197615
30440.02659222756,28625.9432936532,15,64456.42584259606
63353.63760062256,16022.279797858933,21,46745.20613181373
61740.48576442782,18492.681163256246,26,54734.82616948667
83682.4716437516,22921.52187513489,21,63434.90782463336
2451.592430421071,16629.309529087575,21,34790.45709674293
26985.977205347426,24979.43810292598,15,60032.62092596838
36775.43031768719,23297.762728829915,26,47792.946836918156
40566.765774796964,23081.19515715978,17,53365.733738615876
64288.12265601142,18934.197647268422,20,49827.17146683742
30124.716530814898,20404.975530723346,24,44475.12876608218
45729.56859965691,22560.718167637322,21,45915.210356349286
39719.65823849846,20991.45708485401,25,47418.934338507155
45695.74332882203,12490.14892557715,29,35736.658722327535
70998.16061168247,26789.696567293933,20,71602.91538300266
58633.83873556426,20741.248454786615,22,50580.9236990961
40832.654285193195,20095.419141592272,26,47420.720332635436
29287.78071023892,26127.647956414337,19,56964.311082312626
58072.81731636104,19508.105177291687,33,57347.58507839902
40211.65166717814,14951.24023367859,16,44459.32948112037
45987.67603293896,18468.870197840657,20,50411.75424675856
46326.1998745886,26093.622083825467,18,58836.33377780872
66671.85606125554,15206.277501086843,16,45541.642360468155
44783.144792117295,10511.699004593314,22,32643.98342835719
43850.42510586549,17107.00266745412,11,41249.34136077449
36318.2047357853,22265.878720968976,17,43097.22210778667
38629.42973385556,25867.545482698784,31,54645.76648819333
63752.1517013174,21054.2165485023,18,56191.26416738367
50112.22279434021,18171.480059590765,28,40329.97405135796
47074.602776386804,12892.166162228428,24,29644.536519692912
30137.40801373963,17344.009675271423,17,27879.053251191057
34488.51109235746,10506.920054460485,20,23323.34765929917
58041.56719819272,25401.80441169237,25,58959.7152873167
46750.842164437985,14643.746170539744,26,40401.898327926705
46737.92030698655,16095.24254643804,22,37877.33062013398
55350.319788480214,13677.666626595568,23,37158.39518125724
59673.78473171323,19192.806198850583,18,44786.95730724507
60410.06533127728,21423.003780088053,20,55370.44810531016
45768.56478970828,25458.99131750011,23,54935.78696075276
48226.421505476676,19647.919855402663,19,48527.93889296846
57907.48926171561,16417.282616436005,16,43491.83421063128
16460.31174526589,24833.458112557735,18,43543.638143343946
52469.13424577425,21732.16627152779,19,52791.180391989015
60680.038618152175,19808.537769610175,18,52906.92815867765
39608.5300417576,17913.401014292725,16,48071.32843012993
30864.528822125176,15396.441256605143,22,39919.63648496818
71428.83903229923,23118.418587609343,12,66576.3134886986
38144.026464809074,19717.0128590377,17,40408.747298383736
49371.575283273276,12363.575274473313,23,32708.054184475146
54665.34675374692,18776.412686539094,15,45065.89863488201
36354.13897625812,24624.67995704817,28,56950.03554474695
26372.09281203021,31316.022735769806,21,55870.34978771243
54218.284785439195,18706.878232419822,19,53907.5815081984
29125.858642786145,23886.718169275715,14,41274.63408602069
60118.03076260199,17996.580495765415,21,43645.70332934896
47757.50407141857,20527.112574183044,14,48250.44609546519
82212.07225290267,21619.694183220647,20,70843.31959199125
52143.26167199382,27042.89184796866,22,63404.4129528166
39282.49582544298,25619.524165914812,18,56870.58067897467
61846.19322774473,23101.73054293154,17,52228.388520227636
66130.05553859001,15914.107047381094,23,46435.42895101031
29826.667456656345,22506.520358728674,19,48324.55061427553
56479.89477197283,27545.53487880969,24,54351.569243491875
55169.86731793034,22819.821445691465,13,52139.97624104751
64516.57497277551,23495.41263044555,20,65500.95120474928
34621.55315237096,20734.733770678224,12,50014.68715809448
60813.93289267152,18433.129991846323,14,59446.44607162407
56191.50663905789,22689.721858128545,15,52355.857883602104
46376.56329630735,18972.410170904863,19,38983.73483183655
90090.0866563984,12161.023983343082,20,47311.57543833122
32184.830694673303,26773.345363403023,14,53327.37753976491
46363.09365370078,23347.135567323876,14,55995.75605735637
36572.48485822904,10170.556447136105,19,31106.622949629204
55075.53664367911,7712.107365194177,23,35101.75045946882
75596.14242351687,19042.635332482532,17,52760.87479685973
71487.19477695465,23061.67518836912,19,58193.94859301981
10581.488367457066,16989.196074289874,17,28450.57508530115
73688.28717235268,15513.950722171301,15,41884.187198720945
42502.04661957042,19255.25122924731,17,42759.914537661105
39511.67660253093,19255.664907092352,22,47008.4048254872
52240.66140983957,18821.619312380008,18,50466.984221334606
45714.88340924188,14231.952080764726,17,40354.00748445496
44938.790483339384,20855.80572118496,13,48313.58421241177
38985.89401259684,20044.809877324806,17,43076.41691539632
54814.25583357359,12502.395298640216,14,45544.00724079643
68267.28568682825,22385.66666996183,16,58088.180283887006
52187.76226424171,18119.528992721673,15,44908.0206181307
48511.35530127831,16027.631093956014,20,46410.42261765017
59282.571416505016,20863.278828475057,20,60797.3303461733
69015.18899361952,18443.493159526166,22,57011.168983362884
51917.3934932288,18161.179456335125,29,52694.18662755567
47599.79639290593,15905.180305743635,20,40576.38462434944
59495.93730747528,21348.787714997747,13,60723.559566943804
39698.53301505827,25972.96900284376,21,62050.94561477484
19205.956656774226,19625.42638661812,9,37792.84157101783
59172.85217593525,16646.357912629308,23,47465.43287442463
43721.0535820567,24336.307738372365,16,56722.76027021607
42067.73616858602,20368.168465667444,24,48338.64411889515
21467.610011070912,13053.111646918664,25,40765.1595336592
38787.52599967645,21074.6224080158,26,55462.43744750113
44702.78482440562,16603.76672077977,13,38840.49806676943
71605.49022103264,23858.160208237598,16,59566.64674859317
76300.1370079403,10287.499035469562,21,36777.40929563053
47280.29271828325,19417.80488432452,19,55311.57275211584
58222.916907418185,25581.31939604158,16,62528.503889392974
32787.377666011416,18229.62278936099,18,33647.41363903315
51872.472723563864,19330.023643182656,24,47116.26372189772
43839.08285043782,16357.913745690628,14,33421.31816096088
26322.802274113208,19083.861750657026,20,41677.33375646093
66974.56375551346,12951.065080961655,18,40721.11636344831
52984.54510552158,13847.587064690466,14,37818.89462564702
60398.413302261186,13539.993403661807,18,48835.24761187058
44138.025107593654,27099.499643042018,16,58560.13690900695
15336.957689377246,12533.043804463585,17,28168.672625196054
28603.761570402487,15951.812414024509,14,33562.444329397804
63700.66437197174,12246.397448912216,26,42553.169622379246
46325.050667548,27566.616926606126,17,61310.11958342305
59144.14376741382,17389.586658544893,23,56340.200390569495
43629.0902238553,12848.36343439404,19,37214.4589125066
51398.670107945974,16259.71522077314,13,40158.30941686084
50008.45460723864,15257.216386521693,29,45131.00751618406
36158.935590995,24547.00426516206,26,53442.56843499721
53906.71733846747,18860.03743357524,14,61461.37156661564
73148.92204489512,14125.992179563058,23,46665.86740503338
42615.720902940295,27127.325756993567,15,57435.03876716575
25076.772483854165,22776.940521798446,21,49791.129932796524
60798.34824651026,15565.287635668417,16,46219.20494200684
29434.299979533916,21969.542486968716,26,52424.60326913074
35233.35235806956,12286.848630700344,16,32977.961997250946
45893.19509420915,11228.042196055405,14,31769.413323753895
59467.986879716635,14232.872195272343,20,45735.1139250854
57273.390586911446,23815.33441344384,24,59494.53111490636
45190.14711338603,27439.706859012535,22,62845.558229269576
30228.38987613444,14570.06808219194,19,32610.328236816655
90239.14469313531,20202.091253280927,17,64008.23625821674
52752.76769654079,28490.162422067177,17,68878.17533321961
62300.490829791524,23772.218287607593,29,51982.36796517468
57259.556881430195,17094.717841732177,22,47582.9053588054
72563.15533502484,24559.34323898133,20,58851.41990092097
34078.26472768231,24461.892633356863,25,56373.640909387905
55474.3743062886,15772.772177888575,20,44828.96788801156
45197.307833702595,7995.417082780876,12,24908.30558199319
33732.90139669755,15849.950104043997,23,36135.51327981634
69539.92352274687,18842.98359098002,19,61792.67830519072
35845.81648807146,14036.549463563148,26,36319.65833081012
57243.134024194514,18125.275253251697,22,49084.53192492298
75292.86225703293,28573.273261773502,16,70775.30398925442
74970.52277125024,22094.36108824955,27,56287.3997100874
36160.92321615721,14152.104178464939,21,41105.15280833702
64614.61691139126,14006.44529917965,20,38730.63952176802
58857.86541284535,24595.582215925213,18,62032.68855459139
32302.67008730288,19160.566831494092,26,40505.98454908944
22162.70545894459,22190.276309803787,21,44103.73880961094
50094.50660361785,21739.58426541217,18,56651.03217656828
68136.37924653744,19675.694499512076,13,49163.95369438977
93648.65858939219,31930.219359933733,20,79005.92453727931
40913.2728974329,17800.389357605058,21,40831.27574878854
52731.48247331329,13486.670201814413,22,42578.44419168522
34405.6473617884,20811.471194330992,22,40438.93042888179
73804.97615057419,19882.99841107182,15,52516.943203526745
54822.948884650046,21767.567591669464,21,54828.71784763021
56597.71115613849,17760.664184179906,17,56968.83055978359
51945.155167293,17913.11992885961,13,46313.237594235856
37467.91152283216,26468.207686674512,22,54654.794607903474
63664.77739526001,24773.65810863291,22,59448.25682014847
65425.96756232533,18827.49342434016,19,61753.760277784
69224.2407707715,21774.215707915195,22,62428.44269498733
65889.58496642552,22200.539531969916,22,52043.55172995466
35707.192417129976,19688.0869529179,23,34884.41214963427
47067.94955601441,13430.494583185467,16,31498.613212513454
56482.63648319506,8297.796670954158,23,34821.48173126003
40570.33227385258,23451.439578465357,24,52556.56298686073
32856.69848709184,18032.426832208876,16,41194.568040012164
45787.64622574833,26969.02943705886,22,67291.74958058955
52294.802877846574,13090.752157249299,22,40520.386274317614
100145.80680323439,22145.010076988736,13,66556.97290198161
69437.84891201615,14117.748297247004,19,44834.671547815255
39262.16224518053,20934.261803877314,18,48522.70401533192
39052.25315397437,16985.090514393603,25,45502.94025478099
33969.74145737464,10284.891425271675,17,29286.774654819146
61321.70099979011,23531.1445353479,18,51421.616141742445
44274.39664670984,22102.99194391037,17,44873.856219038425
47979.13296325933,22470.626025138146,16,54095.75586510621
42820.1919015688,26387.69686528475,15,51068.59020123062
84417.54579322404,23887.475813476005,20,63900.661258949025
69541.23146289839,18051.98227976798,18,42460.03750656812
35067.61475024638,30170.996549847303,17,63857.01209894379
32873.8791499637,22967.413399184363,19,45253.822507006334
68124.1798023132,15017.192512818387,22,36852.66670158004
35704.995138010774,18563.648146522522,17,45279.66108384394
69721.2043696893,16786.41393468351,17,42470.085411483975
60916.03517496315,29433.003175508056,31,62785.70105499428
36195.38847645382,24763.895039845393,15,55030.41471947076
59808.635571112645,21359.43290915316,24,51719.615945481964
56114.881095629695,18031.55125292819,22,57279.862294967534
26282.496522078516,29939.78491105074,18,49517.57297483422
50083.682830846636,26152.207065911807,15,65462.18959537181
44669.94439875223,17771.114511069947,22,39423.45882808926
55519.513298658865,20497.712172694617,20,49675.195759417984
47514.0925918804,22709.461379335367,27,48697.113057726405
55639.37253675584,16103.214978235987,22,50592.76236149835
40732.08386436537,16202.904547694585,17,47561.159672037305
48224.633299912944,30113.450421976147,16,60776.714591137934
30197.02935243788,19720.094177669558,27,42650.09532541716
43969.55444536076,18385.640639295107,25,38150.86245356349
43676.41485111613,24116.485564227256,14,57888.25748468599
28430.576239456033,14740.472476664325,26,30959.40623391194
50917.09354179741,20077.02803645956,19,42768.61208278079
74299.53095961196,26570.00340219719,10,64087.54616470143
39350.004866506795,12262.889393373553,18,31333.974165468724
67480.28532214572,16711.13419616439,17,44996.39244691413
54268.45447984115,18807.942178077545,19,47452.879017172556
20574.694407153795,16213.44901294808,25,32084.558663886834
87005.06012900779,25786.53339240519,13,68164.40431086595
36288.609759678104,26203.052307040907,19,60134.9054368615
50339.471051414876,22268.209915122516,18,40204.08501507961
55756.08253579065,19575.433303130227,13,50361.38458349587
49490.177793952316,27946.577673125757,15,66419.59416736604
62272.62212628051,17930.55541351596,23,51881.473837520796
68395.7141059662,20673.95517887427,21,61978.613914176756
36454.46436756943,21216.67365625413,14,49096.532205324576
46659.95134297828,17697.781449306956,23,46630.03690248355
39900.61761401204,19018.131579224926,13,36109.9504367605
39807.37456232363,14543.220940179544,24,31211.041962499086
51674.522206950416,25722.575789577244,17,51761.46630438224
64929.439648031504,10127.9322468343,20,43830.91480477247
25742.359876170336,20337.693815291223,20,41181.696592952605
47728.83982236683,16394.998297805712,14,42889.23098745375
37306.217008105166,19207.856961617177,22,45976.74358467689
59440.96099788136,10019.406161529152,21,35796.33230875751
58030.773804228185,25410.02850340998,22,59594.12990565091
64715.226075586914,18283.341054809505,21,56532.24446287486
31187.313847783178,22941.109440223223,24,46325.56646977917
55184.64851338158,20095.630524732973,11,50332.013155717155
48822.75774523489,18975.295499819025,20,43691.67933267736
25070.168757603133,22054.377284516395,25,45092.60586536125
27239.2805382873,14072.96068267195,21,39182.21828046356
43136.23970919682,20044.099045874387,26,48226.962859404666
50022.67603710023,12902.400403660435,17,34788.56829542416
68158.35940566039,14865.32643975606,23,52624.37844892677
45466.22617345371,17332.239470225984,25,51134.7379477048
55489.06246787469,16269.83288013747,15,56516.73127903114
51310.60408204242,20950.730898198322,21,52464.72325780668
36079.553545325994,13093.854592867265,16,29215.849373328216
42828.4153139698,23152.577268541507,20,48124.88804855957
50379.492021219216,30929.331482558868,19,63599.67024599963
31409.952386025703,25085.749984424485,11,52373.37650166385
58636.84979453656,22183.264807297288,25,51180.569252813686
71687.38913034386,17171.184257718924,18,53714.905496482475
74028.91138377882,20902.195193141142,25,53056.335003598375
60352.20758119923,22809.44474107789,29,57044.84780595983
55079.17076516263,25602.556825982898,28,56134.035858354815
22131.29637356703,28499.02535442683,34,53373.313368447205
34778.59425844278,16940.10942085722,18,45643.36646504379
29349.161883548197,12260.008274402457,13,22497.214349863854
42851.2605076815,22408.149035370163,25,55167.47024538086
61499.46446260526,19292.32708336354,16,51550.62463097086
53955.79309206115,15068.693534060227,29,44856.24096485903
55600.83136396881,17016.63636397013,17,48839.06703276729
57084.747926538796,14861.199650660463,24,44241.76982018147
38792.724436928416,20898.698638038288,14,40651.79978053263
46611.18743868118,29905.4088963751,22,77598.67456301325
53185.570348164794,20416.99210656086,16,44998.83880232261
66705.21196988304,18278.663185900292,19,57975.817743102736
48035.18500426341,25534.37170873286,9,48612.7339232417
46493.70118268254,21570.45316988174,21,62664.5180735775
29245.622358666595,22855.988695432734,19,40849.383381435786
37792.66392382856,29776.266513403833,21,57493.39052828837
53418.080496815914,11078.94282866167,23,28253.284007726073
47457.48697503318,13231.577806817248,23,35740.38356968238
27994.88432844302,18573.84208040281,20,41859.01940861639
27705.44575342753,26802.91401366403,22,51210.49033241626
33927.89962171232,18930.852358109718,20,49255.442983974346
45775.02293012191,24016.288613236975,16,53101.97992010689
64613.943091004345,13320.176504430669,16,44769.812418722715
53900.39685658491,24043.377388467972,17,55722.53902152045
35594.19076062892,20512.732984656446,25,42980.13835054061
39340.50587091317,16292.898222902711,15,49502.47840958201
57257.27145213953,26583.833439412712,18,62451.649766769544
55084.302607102916,24246.121313228487,16,55657.40142598789
39696.97487160808,20637.37873404738,24,41379.51299816544
15413.846380889583,19281.15948986424,27,42621.62134191073
54593.649201581,12294.576730895187,24,38625.79361216686
44880.06665325275,17924.268505748823,20,47130.80974413674
75988.29948327957,12918.023120867556,23,46757.21843277014
44869.21312413645,20260.866384623387,21,53979.449877598134
49630.45897837753,21839.863049948523,23,60623.433985194824
46809.85633670606,22903.937575399585,17,50303.58615674732
56561.81624068138,20344.491659002328,15,51926.131959497936
55944.624256408366,27975.558213043667,23,57506.92374547935
33227.058599449796,12968.440837234073,26,31692.080717591234
30041.09683398053,20106.83807935849,12,38729.43826225808
66541.82367144072,26272.88998815243,18,62230.23856578727
42960.763634375195,23144.847934826732,20,46128.5681145432
58202.96056554847,17199.098628258944,15,44865.83335313436
44840.368048169,23639.669269515463,18,50604.216186995945
21982.970796995287,17576.935333145717,18,48271.454122666495
70944.79299296245,20344.881198180217,15,51450.540594970145
61846.905685853795,23329.853341266666,21,67359.59160913323
58169.75697263198,12690.500799077945,21,36694.442023322226
35727.63395823532,25129.183160462253,26,54871.2363547407
60699.33034488728,24234.45498548772,15,58600.591538395915
54115.58979544602,11053.642386156074,23,43411.02657054498
39294.18754856734,3063.270442650726,21,25904.119654108286
45948.230354643936,9558.281532116129,23,41804.84978061059
48925.788989781526,20268.48483205731,22,50598.64813712024
41179.86441692597,29214.42783056928,21,65374.24089363253
54709.41391925773,24247.39942918517,21,53587.234392442726
62944.9214574628,25723.990592473616,18,57737.92681819894
43088.700866203275,24444.22779260639,21,57488.63614901823
48390.25609039625,22078.13467648887,27,55620.15821539995
48328.81958761244,9065.862064792911,32,41480.01775049235
62458.709427127695,26025.315016490138,20,61458.77900474549
52756.25143499595,17140.225899741345,16,45300.1383582161
65457.43999520874,14473.671662642424,16,38484.38531650033
40160.996059674246,18143.370933052774,16,48894.199945323744
49837.68885652408,24225.884311259382,18,54458.9375217494
58641.21715378242,20160.07752735495,17,42664.73186496403
60551.184322156194,20719.57345511687,15,60678.6232202632
44348.2649723234,19854.625436032093,17,52801.01941288075
49497.64176555808,26794.833164290303,16,57805.81287048095
37689.33474149935,11350.936123245807,22,33219.32040705185
21032.527200112057,20009.86504064626,24,51469.89810704523
45309.63324170224,23197.052380144058,19,57839.466522957264
45370.63303506402,21141.937938531075,18,49908.62129419087
43700.045181321475,27006.20861499448,20,55316.32805759901
33789.53388818636,21042.314662689434,22,51021.14507934843
58453.96427473418,18211.356249694334,20,49423.1829600124
60350.60202615998,16724.831986119683,26,48174.98995229137
49036.46558184825,11960.733914559296,22,36579.51350533251
37823.88477413033,16781.897056808626,27,56263.87570498959
41330.059111641654,13872.904525709313,20,41239.935280338796
49561.94358038254,19433.335892539624,22,42747.96280747385
62762.12240724923,10482.586766816485,21,34826.90772836258
30099.040202883836,20417.778287079364,18,47253.25208964411
41674.30513572344,17901.459440536648,19,35935.69762487258
52220.612634367506,25998.967614291938,16,59857.8035217996
61336.70143095983,22858.227717623206,17,51507.13070373767
30199.877019195006,25902.179602602788,17,47917.89925891547
38940.4243340389,20298.080595440748,25,47984.398005728806
15131.248849085488,24662.867586519824,15,43100.96221981346
69640.08839850707,20267.366543070686,20,46475.77317771321
33385.26471922333,15730.241569477936,15,35742.73868788159
57442.70770493337,17528.57334421655,13,49394.1381492128
71438.48295100234,22799.634923069923,15,60688.48991481485
71065.87453177953,22420.041586004325,22,66063.38581193089
22938.065356766943,21216.664761245353,30,39269.020431246514
65221.71469120293,20401.28877924962,15,55984.83080471316
62223.36163267431,21156.938430199363,19,53564.75474673306
64411.65951138274,15775.105254945085,10,43932.7451449468
16902.97781674441,20766.294837994323,26,43377.87099130016
41099.53719151059,18385.75894273386,18,40848.305921999236
24511.118082312893,19148.527511959936,19,36644.5887120701
42827.498433888766,10398.766432534105,17,28081.089562513815
62118.73837495788,21971.416608913598,19,55704.98073224978
79312.59367117863,13218.860585605018,18,47571.34728321588
62791.00316720607,13396.47747301167,25,42017.04456549962
56036.6308530584,22013.663107418008,22,58786.338221091246
42316.848173353064,11713.081876539363,12,31941.210842739867
41692.63278767729,23883.98646667378,19,62424.505460133434
56305.5963671818,16123.201381416813,18,52064.45396605395
48297.49847152294,22837.37988504052,20,41293.01662311895
58611.66118928129,13293.984213961647,21,36831.68031394709
47996.69959916508,17402.4219601544,17,41897.25669866096
71896.35683009219,23798.63792137237,20,68314.94565015081
64997.45758458637,18790.251805462212,30,39322.21623797562
37264.19499687488,15332.219028931466,12,28450.643317424794
61464.1059423867,22250.344263267896,17,58391.5045814037
53850.78483148765,7291.182897616247,11,34658.48474850636
39151.12490611574,25655.993089879114,16,49740.60158877352
81051.78017114667,14386.69901789742,17,48665.4041996081
54567.66815174557,27508.784097884945,20,59436.241335949395
55287.92342759786,23623.61220021598,20,63984.24754603627
61851.413459782794,18498.243281533592,25,58837.77910034992
58530.41433127938,22154.568024681863,18,46182.43011677256
64716.4498398544,10897.01678979286,18,36791.44719925677
31629.024302143956,16060.298232699606,15,34437.279718110316
71064.44780319999,17518.847506967104,16,54209.211227565844
55901.164021399905,21771.929032854117,24,64059.60486818537
53687.421838988004,19807.977156940295,19,47904.72974070906
38814.10256185658,18489.024392690746,25,48210.26625713511
36468.573749478775,17654.333934760376,23,36277.52517674622
36111.24121451861,19039.158687344298,13,42149.594936095404
42765.01250738545,19856.1436091241,18,50457.45371664805
50889.32423486866,23571.530083749112,22,56156.5601191804
29726.510146672383,21891.326366451438,23,48665.94757652937
76485.34342520284,22195.054197604848,15,67051.78887907103
57532.00270392137,27640.64810988141,19,74810.28604193046
34220.07879064978,22417.471124259973,22,50767.56301020497
64661.39599936809,20565.11673038502,20,61065.122108974705
42374.66219128413,23669.479747385383,18,59614.549631560294
38407.19971198713,19173.409213588515,11,53703.076729726476
69447.71684052286,20019.429016049464,13,50514.21563985585
40154.30055994456,26615.771529522473,34,45719.06969492155
50761.68792852027,20878.118674296154,24,54851.194555931936
63640.071010116335,23475.1835864814,13,63545.43729389862
67715.17050937496,26247.460517156946,22,64539.29126178428
53836.30369246484,28990.96342633797,20,64885.41575982484
24079.430280264223,11089.590150630589,23,32126.044018749686
33998.255503818786,11685.195220024116,24,30341.31210957952
71719.95437055195,14372.927872399432,23,41213.86699447387
62942.36378365195,11342.708013022928,16,29098.06398689068
59840.84230125109,37300.61742956216,30,71294.0002536533
39145.417927742645,25698.805127668184,19,52646.40780416768
34900.85242504311,17307.045724456686,20,40678.82834626712
28728.111041272638,20631.361123944807,14,40284.49666060293
42078.057223818105,15944.65997243144,16,32840.61652341671
55676.74475612963,13897.380559242778,23,40505.50594958522
71777.48137464715,8867.311336080806,18,36859.85044487162
48441.270456064696,11032.914133016984,23,40479.92643420579
49613.81995490299,23909.533723280023,20,56363.649021094774
64032.4298508067,17158.02734155726,21,48559.0533638771
42738.6725374359,15338.01272545167,19,39551.59378022317
47792.004603707814,29223.674699131938,24,57045.17115912099
51242.82565649229,21974.33918103396,10,51816.54880816368
42203.430222954375,26167.673011029496,25,61568.66555399465
57322.86762775412,16565.805495595418,26,48152.079756604784
51896.897109203055,25533.332943501384,17,53076.50038536915
52909.30231337646,22869.679016777176,15,57514.508777173854
35150.34352551067,12992.283647954613,12,35461.40501668567
62247.340441988315,20000.54895609153,18,56708.599539223695
75256.5046329886,10230.396381272763,12,41176.36979735631
61109.19483788356,18737.81523110826,21,53708.534016032674
38723.73034653203,16114.134932526073,24,40699.818212027596
26501.63391966638,22077.028124963963,25,47998.01419786246
48173.22414255719,18164.505402373332,21,43969.89096983792
58872.64807067131,26202.44505396078,18,60666.26036305362
39785.65230244045,18718.394151805445,19,43264.29759999354
45199.01202783642,20879.627775227273,24,53149.74228121127
66835.1769071764,22016.880131114074,22,55965.96430567232
26181.788487158774,18237.851818240437,16,43279.602206098694
54763.403075088965,26233.786585213296,25,54769.39058943114
34062.58873436058,24410.37385826646,26,40893.07320382708
62746.1565991013,21848.611346087437,24,50346.11042529903
61460.89726735855,17456.032205544907,26,49275.507837956655
49407.13678481591,14241.23258034482,18,44299.319401567336
54392.30368853304,20077.132226634953,23,46899.97944773881
36341.85921300291,19380.55788545047,15,36574.05115492164
62629.04511049902,15745.722383748014,23,42995.48734122236
55981.69403744882,18520.10307708419,27,53657.93483303292
49252.31375850501,13944.549696495416,15,37181.9064577451
38302.19175703623,28064.977840271345,20,56830.22367435711
51422.71114101564,24921.16667629035,17,60977.023564514435
44385.04362570067,13632.288118423117,22,36359.7357217649
61881.6208448992,21283.993724318767,16,58552.00630834115
74634.72199182403,10007.631131220962,22,41358.829156464446
59928.86733096512,18411.616681592885,23,46170.844155538995
44693.829754944934,18940.735912175565,17,48735.830026675874
71813.797767905,16132.899994409294,22,53079.26609517567
43973.19242163972,15771.011649090873,18,42337.394747967744
54296.063401496576,21156.565843279684,22,63079.44663874955
43765.038336645106,17620.6534123758,15,46806.11039914607
50334.74037461711,22998.236323751546,21,48048.89615203978
24005.454910384396,26663.36579394158,27,53778.90153609582
31983.476389289743,21715.164267143657,24,50487.86084231635
49061.835779012334,26776.071009863866,17,59811.30945083762
54391.19746335367,16216.901392667649,13,39425.32112275274
47930.79552309052,19979.84303037242,17,43679.57801541538
63019.385445499676,25520.208474461313,22,55510.95403643927
18138.737067113947,18935.938987143258,25,40442.07047887614
57125.871011794065,21423.65942668498,18,50127.212012315285
69889.31022427174,14914.59909393197,20,43399.5799393761
61646.073019180665,28375.59361064228,17,62047.91195777439
59944.57409502116,16212.276406578989,18,41198.06668185235
64924.589384672756,20951.285896793663,14,55279.79470765976
31862.63899321761,16517.02055702327,24,38866.95613259458
31793.226017315083,13828.205274620752,21,37395.164148157164
45294.48013971266,22105.34561565814,25,48829.59248228571
48451.48983764889,28690.84040908616,23,62867.02529326527
52777.170801941575,16140.271071388848,18,44430.508315243715
31922.544952708366,14725.394567236379,30,39811.06473099528
46076.66414353594,17055.360452408255,13,42426.48551050437
64443.281285171775,18193.92754171575,23,45498.990423134295
44649.094637923685,22018.058780062413,30,54975.84502487017
26033.149780638578,10412.068116398203,19,30653.783240921508
26348.396740605134,25627.83032235479,18,50395.58474594083
64908.76991604675,26905.156192151288,18,61921.20844659637
72165.02278065021,21871.852809543743,27,66280.24228324844
38374.94728959825,14486.569186975288,24,40552.81280493284
62864.059891700774,25430.121570667994,26,64418.58623936158
59449.38598595756,17609.607094509367,27,50510.50030062691
28613.602703958033,20857.519971995767,24,42423.871584824636
57520.15782156027,19752.428182390864,26,55724.55175130852
60413.76937306907,13980.93326271444,20,41236.93207172539
45662.76187451017,29731.190640081786,19,65268.432028391704
43929.34092600563,13414.912662265122,16,30446.264474506857
53444.13375789866,20063.244974927293,25,54913.499877158785
38285.95675365281,20738.350607271997,28,48958.093032880075
67543.59658260261,20287.225697655947,31,58525.7516463923
49778.24214085308,21222.29774303866,21,58019.15719892882
43500.92100705753,20037.13505194532,19,46430.888270996315
47823.37792413746,21959.558353904977,18,51237.33545826676
64995.499898215334,15025.273503995217,25,45814.84074171372
47807.22241324111,14105.873123829242,13,43581.22639265461
43232.06328621086,25569.708599506583,22,51624.198143781185
26194.39179370134,22378.13233780207,21,44542.61308395541
52570.48988617555,19207.583061647878,23,52636.499505987544
45736.09171620303,26577.23926056786,15,63132.25511571107
32071.78665874418,22615.217357608886,17,49729.53168343643
56501.23934542931,23651.333808062176,24,55107.01221805742
33643.456397256945,27434.9472528746,22,54526.562905047904
40345.64362376387,20675.15320373737,15,45520.37373728412
57026.89902727523,18123.7079555221,13,49168.14800204089
56942.40294482761,17898.58383616202,25,44650.72292475592
51182.13298263781,9479.059283845982,13,30685.492074420454
45934.469690930564,14800.495498256681,23,39632.26419683862
42840.92706224116,23769.016347031455,15,57903.46064746736
36874.55564276688,15905.631203205092,27,44756.3118305366
45700.891808958666,17937.35347691393,11,40140.227869354894
65899.72662342175,23593.755336688857,12,59816.17431110173
33403.45593496721,20674.60835808061,15,47763.69708687322
11260.775293314568,20948.01927937585,17,29568.852685895927
38828.10498382652,26754.877961441438,20,52560.312263212305
72887.62041231159,23726.247925163705,11,73761.72008757974
44000.63593233179,9600.810902291822,15,34218.8017032475
50211.23877044612,28057.827800435385,18,68642.169524183
51170.69782505593,18427.433108415793,24,49924.73644839049
39739.45277916038,23180.224757173804,16,50759.57076759464
70252.98294717881,20999.700037694296,30,56004.363637622126
46438.21997635346,15899.638320156235,28,52692.57238382771
66122.17082268404,22123.363746758918,19,59485.6534544278
50768.90791580149,16999.66497533566,17,47056.65946766379
51373.97609166728,18132.637455605807,24,55422.02099703542
34506.22245766403,23623.69707062301,19,47515.54204026504
65314.9786993277,16264.239169026834,27,48659.93168614828
47245.89289897057,10155.310102396375,17,37708.39246555564
52066.26440420508,15716.483875282021,17,40030.44377559057
75485.9284236945,26318.697413749203,23,60389.630863523766
54117.14754048417,24781.518727266888,18,60147.62585016429
52673.52306966194,22496.50887630402,18,55958.80602092792
64723.44728085596,21882.889002383414,26,54329.73486404279
59984.95874049212,29984.058585829625,16,66743.50909536413
43082.826343833425,26329.80458169161,16,56130.635330729034
41364.924434462846,16175.417425210908,19,38868.56196007097
56679.551092222,22299.867137159905,22,55769.54262145906
41729.78626097503,23126.765652955924,18,58869.76446109678
50676.011030040616,16451.621142374992,17,43270.24434816451
31187.674009958206,22033.419041463676,13,56258.84639558361
75272.57994950018,16061.560664412693,18,50615.0999084518
40530.845723322425,19671.06921888233,23,42948.94956363492
58958.44738355804,19053.240001135768,27,61987.92740655526
59467.022800369195,26309.25348970516,20,56980.86918684966
76138.24129357406,24951.96803591834,19,54271.63322503515
54783.3140096106,15410.2362448113,24,48567.94383831256
44080.88636533564,30215.574668833713,18,74750.54223725066
49420.80199611029,23288.91878079798,22,52016.50551759574
36975.561761551915,12878.361113214818,17,34480.41323333239
69837.76174444292,15226.720269474039,22,44364.334611243554
45242.22957023837,13517.458714487992,23,38092.59561016366
76371.34866409475,17607.495895644304,24,50024.93608689176
40169.645264616345,28702.845049798903,26,64810.65015946479
88620.47245170175,19738.400060789398,20,66635.62463549995
39763.802447437236,21435.223240439424,23,42240.4825228151
38980.76271420425,29814.733651037925,28,68422.93188676686
40409.80677090568,15472.75479993094,21,35254.4616493438
39981.173379208936,21710.794394287903,20,50352.11586148704
55568.58383206233,25475.288105826985,19,63420.43950865211
37653.232749902,15573.616477164705,22,38180.23119694652
32764.485135829127,24173.595831676732,17,43519.0362999124
36394.01111796734,21233.39087227058,16,41384.56000918726
80383.40683244247,13194.83186693689,11,50791.437990016486
33057.026828114234,24513.961471798735,14,55038.98769873351
52812.66798664134,21674.859918877177,16,43684.58835521759
36243.18336411768,20484.19472516691,22,53417.62050757834
56906.423445752356,21828.242723498803,14,48948.5866298473
52378.316413797016,28070.027164382744,22,59626.49755628936
74946.54370332952,20107.473873008756,25,59923.57452292833
43381.38013690691,16001.340005139333,23,30896.01675314783
56393.68491645421,13536.345622397395,19,42453.66331300482
65674.56843611073,16160.463761598958,33,49988.64024211464
44465.59287336958,15459.608601771755,20,43595.45944463466
53167.931407112366,16702.36424643566,28,46094.190976320795
27431.34485540409,19102.670905436007,19,46017.175358702945
56686.40565830878,23811.942553337838,19,52414.122204654384
52729.56825166534,15253.794835167912,17,45218.8374357228
38605.45292558862,15562.328005636591,28,39203.54176485478
31471.880953938995,19146.794716399872,20,33686.46633171883
45875.81784717419,19944.155731848663,13,43002.97099245854
32156.344310494303,23938.13340944683,27,51596.12290247606
51478.28831981934,21114.19093157325,19,50641.14465059215
59296.00643402057,22239.742306018034,13,50815.63067776025
23686.124654027553,20759.15055013245,16,37300.72553963727
37397.95478170836,13038.366081290704,18,34609.02774055741
74111.64157396578,12109.672803589594,19,51745.791224488785
59155.855874120025,9174.196466689395,11,33048.09217289364
28732.401010515197,13910.633012147753,23,27926.091297227773
42633.3068139491,18374.717805026736,16,57146.20544520549
22863.32101428782,21332.507198665608,19,31593.598530854862
67158.42596706978,7790.373318577806,16,44047.98922119659
49765.56802805952,15798.225099898766,17,42798.32098956794
51965.64695769296,17213.213157028804,11,42220.182723045684
67892.21541267795,17240.90236270338,15,47270.860759660834
46547.11600939706,17288.216779026396,18,42449.73081724648
54109.899913964335,12872.170862553143,28,40352.01313578644
66331.47046279933,18695.332699390812,25,61946.30171894058
37736.8957354813,15300.164575656594,31,34799.60751087816
31294.8643859694,26213.95111125365,16,51071.30633813266
76906.30811510475,25499.98009881529,22,65139.69623651034
38910.34810630163,15614.62287600798,23,39495.7260716084
14581.211908012723,16233.649711277842,21,41974.86651044379
39182.6884006178,28768.783345040938,13,56521.96900075207
39855.94307111492,12849.660991666424,9,28619.249373745166
80294.51509855696,20217.146362158604,21,68751.2762340874
58252.15207590164,27328.287735412552,16,58768.141743238164
46812.695384144055,15359.344070868243,16,40579.26323048869
39651.50691666253,11948.242623874168,17,29690.181960832502
60244.84232909593,17211.216382904237,12,44696.56075904733
65776.519386059,18564.68333513,24,55920.738946796606
57457.150115265125,20728.545214829555,9,51222.72970146439
63814.617064834856,20481.442648519842,31,53770.688375321624
73252.50286867032,21859.971410949012,15,58748.08333791951
51407.46578190316,6797.473187767937,22,37316.56282328403
42388.22612815608,20191.085775942254,22,43376.924163056676
43556.81851797592,16281.996859084196,17,44411.52092604733
68793.72889088065,26443.671051627454,27,59346.27988226652
60945.33062492775,23645.194761447467,16,52655.599325249364
52232.22261852427,24791.48053132548,25,58753.53666708594
41883.10062795296,24889.242973965072,25,52749.903667885206
37873.47474177097,20645.93597291473,24,55289.37465612357
50009.40186704714,17579.44847412574,21,49881.84337631225
35021.749068568824,19156.848421350645,17,47372.93490446978
46586.47167859588,24605.228856463047,18,64685.45776575891
67896.71647176155,18481.03122032078,20,48328.897607176455
48038.01728993982,20342.29221554814,33,46862.01759878717
46430.861004290186,19450.199777067613,19,48711.881477544666
52139.143136977684,18621.93518342597,25,49219.9762396812
64491.97562951409,26221.30131640686,16,62652.114864453244
77047.92107362427,17323.789283342863,14,49868.75640180541
32640.675086638283,14341.737468269006,26,32347.028921197685
68044.68500777037,23354.48454070894,15,57442.84605055713
62022.00392565603,19212.103481120495,25,49634.93537040317
31486.75816423147,17070.387274070574,24,45404.39134327262
35345.13370893359,17560.297665458584,18,40646.54142961931
64351.38710200129,18206.8849034372,15,55207.20636616415
58310.80702615938,16292.592585313652,15,40224.395450114025
23991.564807797287,27772.834764417614,21,53474.516096638145
37535.4118811104,25447.087463329044,25,51178.03933607203
57998.45730146759,13543.256607453972,18,40118.81515510376
63927.699517974084,16881.36754805331,16,52592.016423109715
55978.43221981155,18172.481223018436,18,55069.350637894764
18471.48981740663,8305.948795485214,23,29391.295039302764
39191.76277347321,16618.209597911627,22,36673.72828002093
35323.073611160966,22328.900048089774,23,52457.269155813614
60381.885288750665,18903.41303534375,21,46521.11863666376
43002.8435365858,26352.862467372663,19,60149.22307178836
58011.591590137374,21996.227981601034,21,48944.60146284493
52574.999618686044,27001.57387947972,15,60903.36247147272
32464.754245787273,23303.167685280474,21,44391.5740809957
63239.327027436695,19275.519953995812,25,57887.55439361849
67470.20906260896,14852.742896118709,23,42226.873013598764
64007.085755944616,14126.918256559073,16,45747.02287566212
53249.33522278903,21538.017262409812,17,54956.255322540885
48596.529563397555,24571.531570089053,18,52260.6970254374
40832.29840873106,20712.441435078596,24,45965.096281697064
68988.61191453548,22215.278100390326,27,60985.77057711827
74274.80905899654,23410.701165937102,12,64283.23758349911
40117.71720518179,17973.686108534206,27,52660.48287630056
33670.43170370804,22354.515232936243,18,51880.6712131638
34361.64643831598,22683.195618646903,16,52963.599303588664
35558.65382043704,14450.479560657732,20,38886.24435914572
54939.30349946928,20822.92288265217,13,49550.11885593569
30246.134101793235,22076.41151306426,18,48190.85033874153
41597.57402569731,21858.247100684483,14,48109.15076163753
42019.89522254711,21362.96171656996,16,50500.696498177174
52605.42383339162,23920.28331300255,14,42886.76207779249
46922.5167414961,30994.478327887424,22,72471.18212431161
56716.713026686964,20971.00117702161,22,62848.70487907191
48265.599688086724,27908.94464229601,22,54445.718822460534
53007.53621841364,11509.120720408486,18,41532.17485467181
78986.5807909658,20713.21496450825,23,64952.70634320481
52047.796125127505,12118.62195899916,25,39733.01760590078
54029.51664439633,17469.55172137206,18,36018.3678008147
86328.16056486755,28442.177797781464,19,70966.95368768388
47747.75848876476,24009.233458563172,18,50541.62201694472
72024.20529059619,20542.985179498566,27,65321.58290156737
68440.64008254095,25714.116977097503,18,62642.74056237082
35926.4885076777,21260.602433339678,16,47466.22710270598
52225.50789997612,18008.96234290506,17,50253.43950369844
59598.53706444327,11502.026711246628,9,36142.02489819738
64118.64209471046,22122.373090053803,19,52905.19171900724
38165.52152493628,15176.351480114106,18,42104.569637550434
38118.976221410885,19942.241993418764,20,46800.04033940846
63348.15841510652,19435.080400213377,15,50071.745127822505
34832.50042632289,18106.413235687207,24,39722.79460988349
45126.45845016661,21602.979080620902,21,38853.97316160818
28612.420882034367,29020.480588466642,21,63080.261706739526
37538.02243941747,20833.96997410127,18,51238.16589270977
46336.05635336757,19567.315317270448,19,56879.80107252972
47898.21392446445,18875.201459186446,27,54869.869704286175
52142.3596438167,20105.063689917246,22,55065.74474294142
48024.6668367376,25302.845075241792,15,57301.79327496527
63617.09291430346,3192.3742698121096,20,24447.410187447815
68682.99356494128,18699.234640146133,19,55937.37050099313
39531.630755792525,8344.127495003131,19,28279.66303247794
24889.947718735537,17613.453927753533,21,45261.03309031649
56284.30882150782,20274.667152467646,12,50274.672489906785
65321.94771189586,25054.63308317159,20,61267.12138523073
38357.51570918854,23859.263896867036,20,46940.10571258331
45400.8188331636,26731.244645269828,18,63800.12926584216
64546.143124584254,18244.069858317245,15,45491.43827354821
66628.83208874222,15408.470508807492,28,51969.19276789576
57043.695457302645,17062.138611541617,28,55067.98157898475
50563.334347511875,23219.895695295458,17,53686.2227089539
42727.43160353809,26979.004297078758,24,59560.467858499804
53335.90146914505,22145.03680301189,26,47348.71431310222
51298.738052865745,17554.165083504406,23,39634.265638528865
59954.106368606204,13109.189654333994,15,34844.0018827278
56055.3210067248,18821.822202696465,27,54793.198784415676
29271.256442776277,23396.445026262805,22,43441.90579790488
47863.3468260935,13690.972618136897,19,43273.91665047295
69593.3011528231,29986.84203052595,20,63627.849137953905
13998.504883487818,18989.62297004652,26,37396.68457016827
29812.956724733212,25022.208693933462,12,45867.982403320406
34938.82953977841,14642.257677323742,20,34870.08219379145
59945.07339316907,17691.586053947663,17,54526.13221289986
42513.54635339256,26642.988406029945,20,46089.743446576496
51751.48665860608,14093.445710986169,16,47550.796828962804
57413.06188362721,22752.645692374514,16,56868.52815411287
57316.84793921598,15654.868343246322,15,37717.30562561519
40073.235560695495,15434.217750312513,17,42539.94661258062
45267.32051576189,19614.899782249955,20,44212.87085977485
47014.63737165967,16693.874850503205,24,42875.87236097765
74831.48781007351,21532.182832424605,26,67079.61921242085
46809.85300147526,18816.5800038717,15,38994.370678856285
59253.00347048391,16325.745487081062,15,44829.528149088816
60737.20989961043,19063.755677312904,23,55208.169045502764
66432.23822536043,27601.640746245543,21,61796.57823464584
63233.09015744623,15328.042129958645,20,36301.18548902871
50846.93158176186,14650.105529600041,16,35749.342307910105
57410.47859750667,15046.76015416134,18,45763.42812317531
87365.93409698087,15166.880096973968,17,41342.87999055226
38923.68760434828,15415.63674583094,20,28873.759024483636
42427.6019030635,13350.322710187724,21,38933.74195408632
32749.481172537122,24402.64359192259,16,44143.32363464783
52801.99361289548,20872.19356252808,14,54939.11219793651
43052.31656603301,19754.05454909288,16,48392.61455220259
34098.25330459283,32004.978376591665,20,60362.368131774165
50113.16901993662,22960.988528768103,18,56837.055659483696
29486.325224382388,37770.248748742364,17,69480.11513291008
68863.6417498399,26466.837196011355,17,63507.51145561355
65608.4013995457,13928.940480246278,17,45429.12812408387
76485.87827470739,13331.042337481127,19,45171.87010524792
89825.34621316605,17423.656907691617,14,57603.856344774045
25571.875551021025,18233.721412755716,25,33383.34626857621
47584.48034704658,26385.132233123004,13,67699.3376212928
69386.15504724464,17942.836192181734,22,57564.340599651245
69042.16321932156,19445.605256939114,12,54298.18129875641
62898.1287759668,14161.690133079155,21,50023.4869876943
34296.386365481594,23306.121193820156,15,54097.252414820665
54204.05672910017,25489.94440648743,25,59302.13119587169
65891.50314146027,23872.49140013377,18,55043.62018578755
44831.85220731183,20651.178510055244,17,41628.75572121557
38557.254417348624,25125.699321558164,21,57516.61559726458
45868.882995318156,22670.647145575847,21,59250.585978470364
41502.500574442936,23948.529477365722,13,48359.41715368732
54083.92834249476,16092.023436584761,20,46131.59885380784
28465.61467434128,18540.17215317395,23,46706.078862946815
74624.12045120874,23100.832516867333,14,63598.15896465241
41545.64760142389,17679.804991696652,15,44964.611427016105
34797.646311381235,30194.022856457243,17,70818.365047554
43969.87079344963,22119.41873534262,15,47554.615994463646
54049.47186036061,22876.045455291816,25,55275.86880082624
26651.699148500902,25269.805201045663,15,44657.73661077333
41403.657741408424,21349.973484849957,19,42751.25537618763
49057.55769564148,22356.641074315834,18,53081.95277868968
39890.625871999895,17115.56959805698,25,36711.61584727054
35574.049156929104,18314.656195084874,20,30947.726756826578
64212.17932177421,19983.799367369284,11,49113.08293148745
63899.6337352536,14521.673905141488,24,44490.68862356743
63665.890777591194,28055.529506176597,23,71642.6764856584
58496.089461241325,14303.075948348862,22,35437.01164793197
32166.466594775407,14629.009153366611,20,29046.543725996882
49647.29785995849,20046.98456433657,22,46188.24471345091
70322.18686418963,22264.709152835738,24,57301.475340641395
31826.77163876819,16362.136618114444,16,30805.23526280613
35214.27577999555,17433.733779006212,22,41568.107413078214
54046.673181140046,18644.005663972872,20,49803.79485371899
61406.36862419928,20164.923172121365,18,44913.00183174196
60216.71133418319,23212.227584576496,15,58670.33551021721
54822.57398882913,16254.299783830296,18,47720.611095151624
34955.24245625181,17886.198500733248,29,36671.83252824165
57355.047991208325,21908.324368312056,19,60296.91873688744
40709.58527794925,25900.496209068177,12,58179.26921680111
55113.323547612854,24565.806469517745,13,52761.06876741714
48169.658415508246,21914.227123705285,21,47524.32121304262
45278.12100782263,9712.083889773508,24,24973.908557419112
84954.669964802,15627.489201372784,22,46136.241370208205
32226.513411855736,16079.736857815016,23,35710.2777196958
38939.980920973765,25071.034728940074,20,52392.25212625303
66029.26540048016,14692.817826234832,14,46611.39334644998
76130.07033241438,12319.919173985894,16,48876.761526727096
60039.04567650305,21944.824198572358,18,48971.936150359834
46585.68914252184,22483.035994988222,19,51340.430831692334
38143.66209731438,16225.117919317276,23,42970.82125033078
62937.11295411252,17790.683989752433,17,52523.16002262202
49881.24658409859,27994.729824303602,21,58163.35063735614
42168.83498213619,13118.606679359968,19,38496.74810347325
66051.40214836497,14802.529463710624,15,47692.73887747963
47749.5666565541,23057.845426942724,22,60668.78893691876
30303.319494906114,20576.175699654297,25,44540.71522713032
51786.67482349734,19664.291734169597,19,47936.18199694489
44808.478913323,12262.34040069945,25,33249.49674176133
35047.026396434696,15214.781892932784,11,30733.36112981292
54602.5022136429,18442.512011167066,16,45070.965479372506
56781.99259799081,29489.063683186847,29,60679.85077971482
12203.164097348359,17344.40142017506,28,32826.0405937741
66370.11095239507,12586.865398738548,16,35313.93973521832
65071.72304751677,17779.288866718794,16,42862.00029641599
48268.05211743749,16415.565346706244,12,36804.11425503797
38147.08378999117,22882.972569989997,21,52064.95417094377
58117.79134881418,6936.1018465554425,18,34464.95164997305
50038.66007779712,16601.713406685092,21,43626.17036526502
42020.674111114036,27137.550684571375,16,56765.84079282162
42348.84285849638,23114.831850149712,23,54846.63483129947
52662.70671123693,20315.654840378993,19,48084.26287251738
69915.9824289271,17213.522661114795,19,51593.89026868559
30267.0102652072,23372.66500962994,11,41464.38302145527
54657.93734535993,23188.92159233668,17,56612.079130081125
36688.89852639358,14384.149635991318,22,36149.530451527906
54771.43366499353,25491.609503501775,23,60716.3423110754
58639.99822933707,31168.80131011957,31,68812.07844979272
31485.427485475586,17993.433438041942,20,47187.63694988874
58583.72257359043,14948.91927154612,15,49384.08665025246
53876.8613501007,24017.035843519305,22,62911.70928350328
69560.52099570427,24659.911972488128,19,53332.62948954546
50330.554869717525,18688.45894305762,22,49382.68673698809
54285.35648255613,13995.931210761828,18,49164.83104814593
56413.41955849121,22175.088756686342,22,54853.18217314286
71283.38541034679,5480.577219012064,15,34087.290614501806
22743.781528058447,20705.232470070765,17,42488.38768777917
26671.455900683784,4033.8799589265236,20,28844.44314281965
48460.023163095335,17870.72019384077,15,47871.37740424978
55449.38779862021,26032.372072060643,27,66257.31227781436
25162.94631835447,30777.852120028718,17,56858.15443837432
49057.3312904814,25251.820114479448,16,59021.86640337907
38694.85420678896,20841.104782545906,30,47119.64166337984
30600.083497424166,22404.251618297305,19,55613.67947009156
47398.97544394764,21150.22314083201,18,44830.41232638432
60678.8736842238,14848.305091028622,15,37679.16828981168
77752.74032988967,22115.481302908527,22,54761.665050393
81717.3160074715,18251.347150249443,23,58259.66158236693
68671.08535829591,23976.20543161164,30,72305.92024170446
54850.979791881065,25716.291851132955,18,58901.22430795386
48376.11036539122,17780.400867477343,18,56794.202340340045
52236.90918540161,19629.463235225332,16,55316.919831262516
52221.77703675188,21220.94823235209,26,55821.56801994386
66786.45391682006,21105.023049039955,18,49597.65308582414
73996.52337573316,31007.746427345282,22,77191.45148925754
32530.461199624744,18616.706357482795,22,53972.6493713387
45541.54657043563,10615.382891226534,22,39422.500976558236
64362.939510686425,18971.22988413376,32,59470.18143714551
48097.40086586883,29545.034329018108,16,57957.17941893073
43809.08683210386,22039.363782700446,11,50533.22517830126
67386.57033938932,20535.69417152428,25,64340.038146873456
42371.00715475959,13975.28582705664,18,40999.26921810971
59864.825971973194,19322.96712792901,19,44568.94249176301
45233.22600723782,27654.232839908993,26,62430.28897249957
83251.61626556897,25514.068015133373,17,66987.52898068323
68773.43264095264,27233.721198768526,17,63386.353405284885
45045.76535919128,13790.383745524861,27,42538.395092997955
54162.24502679401,23694.28745389369,12,51682.33350087465
58802.64005203113,9741.089164494993,24,39104.65030846903
43719.113423193405,19546.846680388473,19,44112.66911409546
45269.84747419612,21565.798709036822,25,48138.67745011689
62584.38703596845,25883.444436478043,21,57355.113021480036
49917.93954537017,24659.707249915074,29,56411.82423602988
28920.675023773623,26316.385967686776,25,54402.76726587516
58467.78806834875,27013.873939014065,22,64448.885530292915
64463.57185528858,19625.451834621927,18,50579.164341194555
45099.12851947382,13342.094354385259,22,41799.40950905024
38404.439082166085,22811.348860034654,28,62492.86499790643
69927.1764659361,24237.46491571204,21,67434.50453195209
52314.21018367131,17288.113986206674,12,43181.33019241104
48802.815426552464,20373.344197687515,27,50673.046189603076
48769.44698191398,23431.639297067606,17,58198.26996243368
71827.74361533581,27671.1571007523,25,68549.01953356883
53929.66299666988,12976.382894720446,20,43044.994719461654
56642.35469823756,26153.41172678399,23,59086.73251831957
47658.27516357909,19702.97970500473,15,54606.879338388026
50227.39605593866,19176.53715578216,17,47620.64457995436
45246.559152602626,26253.84907926048,17,57123.09939728981
57341.91257307353,17296.1112266926,20,52427.07240887723
33337.182095676,22682.212821840076,21,46890.719498441504
53505.905674725705,16541.935088200207,28,46152.99232051393
44507.285499559526,18962.856052857016,21,49656.878883513615
42294.42470896903,27377.23469101075,14,54398.504231844185
56693.49447451568,22125.014165818564,28,53581.03975283805
50009.426709537955,26408.58214169312,22,57327.137733331896
35101.06383980636,9754.483038570956,13,27176.002449393683
36727.49324890539,26596.37608054222,20,52067.630055753114
53012.73320734222,14884.873808621505,21,41077.65895317052
38261.306439326174,16858.442033064082,18,44093.66307910383
25142.408395865255,17701.028232198707,25,48020.276893588285
62356.33922603369,21884.41884910554,21,56439.547593122355
31433.001413158203,21963.05280266265,18,44928.917321615685
44655.23997899856,23063.895362487132,14,46492.34346802397
36255.13661943022,21876.346811698026,21,50230.86198440859
35858.95810512672,21949.309801684583,25,49998.84008293889
55102.132288353714,18474.95158725414,30,45670.097063451394
40166.93229437322,21135.967142950234,29,48922.96660245271
46649.2668153361,22197.17243645044,19,49592.51877678275
22823.427782099516,12917.696469637536,16,25968.061927568364
76246.1993922507,22666.001679826448,17,59096.963061874914
55372.112520242496,21105.819317358328,28,57911.5284737657
70945.15400038185,25270.35314201157,31,55825.35717640621
69163.06816096604,27534.681697988788,18,68105.95983334539
67813.8540628133,27825.14584285896,25,66068.29691633391
46285.584334346415,3961.43508418855,22,28861.964288269875
50687.82410387135,15678.751445203972,17,35553.53539934108
35054.265004215966,14911.76521493485,14,24620.222653971978
51319.47101541146,20158.729911296392,23,53664.56872067032
31335.270564922608,16703.244066454507,22,37545.916339776595
71189.3190564795,24879.795877774122,23,59606.01586057896
63451.79576494608,16640.31570073763,15,44390.530597192344
59342.816654079485,21025.083114314886,22,52948.328074347555
41578.92520425379,16081.725039981493,20,36382.28339820085
67521.61265772034,20668.860630734118,22,61377.091583113
26286.671604683357,7037.023687513241,23,19537.647122178867
48416.385297816276,16690.631571924838,16,44493.082137316494
52297.16458740718,11224.730783503783,24,44803.85189651577
74436.43095741943,25548.975441124698,19,64905.501093359155
30560.884376414622,20569.246476244807,20,43323.79665350733
70337.71996648374,19401.075017391737,17,57584.33260263572
67362.95660459172,18024.163562809757,20,46491.01872315237
68172.03935973643,19083.20288435615,26,55164.41436203009
41398.56636925305,25296.90578466053,28,60186.774103475705
56744.06331677153,20008.34242680373,25,61871.93537152857
63540.35449855751,18040.487937601207,24,64491.31331577144
54412.69563572631,11274.984961522825,16,29321.90881460399
55352.89324174788,17251.867349042946,17,41093.769357407386
57291.109555696814,19407.10964296922,20,53479.91906550661
40438.16231211339,21862.083476919484,22,48420.61402295743
40201.99066593558,22649.448812014016,12,44870.11054281171
61644.62693987625,23556.753919018032,21,55143.23190251428
40971.985602545516,19307.310695109263,24,53151.625737428556
54976.34043322984,15478.13813398283,18,47869.2599281179
30774.993736982236,19088.588014050554,17,44937.219823327156
46794.576894801976,15281.654184384082,21,40564.961915362495
72595.8774251042,10959.209621780154,16,38830.98496761718
53259.25375296806,22073.085716001562,37,59175.09366068609
67882.83867770643,10319.630713948814,27,41904.75092072876
75236.52901348934,14524.39480027314,21,42539.04047969391
63579.53234610144,19724.904703651406,17,54313.315260235446
56578.32147831016,28249.156376036757,22,69050.17654723306
48473.39337577201,16564.24247188039,21,34567.38861300294
46802.338500274855,9622.34070284466,24,34987.928703591926
45185.50105108902,19209.738157361437,25,53799.22848304246
66520.00656197958,19505.909732464243,22,54918.403773808335
53274.23360377053,15190.335831178149,15,44573.84539386079
62867.38323911255,18749.50069607991,16,43120.056034110086
74732.07758898861,16100.704094901244,24,52642.43453854207
78998.51754085248,21714.719383804426,20,56829.91697727479
60496.44785691862,16264.381391151805,15,50525.86064822582
60429.939384086276,16312.738217062433,12,41539.19891569173
47001.11545156027,23918.528624368344,19,52205.57096260573
64125.788325989386,18924.261260066713,19,51107.05947100754
37285.96210174983,17009.24436545747,21,37715.780662825586
51503.10936043659,27549.06683419494,19,58826.17102924259
34751.37129022958,21705.345625261976,22,43296.70561572711
30637.45180303968,11485.014807519454,20,28039.82653389981
54833.054426339986,13832.18855505949,20,45910.67133908094
35337.61111465435,19460.001594195623,11,47156.09163936657
41958.1967532287,24382.53261563482,10,52935.032124851656
56542.33070003715,9201.994756965401,21,43190.69676454371
64360.25353818202,13667.39989541172,20,45910.650402781226
79597.87286735445,26810.211590494517,19,69802.87460495786
21678.638464705222,15923.091559827564,15,35837.534622054765
37101.93520921511,15952.612419451623,20,35071.65847684219
21771.777119358176,12714.24115032606,16,24656.145297910112
30978.54665173936,22717.700463313995,23,45578.24065715391
57869.86735103273,11585.906462542574,13,34815.987844421325
49563.930523024115,19456.794311576148,18,48997.03713276726
25971.424667220996,22279.630901465767,19,51781.85588333392
54975.46525057132,20356.5796142284,27,50485.98258987131
73201.0895924997,21065.477745439443,22,54183.84535702027
34214.12179255202,16936.889814598602,18,33732.09665721968
56325.97653222287,25419.16207083741,21,61130.49397599195
73970.94254906257,22006.196631654362,34,61891.50071540496
36760.37402814785,12802.216342627282,15,42660.646416661344
48750.15455055433,17382.46549243737,19,41649.67930251594
27941.286364197174,29527.692647885044,21,63522.35995178064
70302.79375355475,21822.57992620914,17,46668.3952698797
56262.75106488302,23511.44361469178,24,49055.17514518373
40872.88545191826,14022.321392928776,20,42375.475573084295
47211.72036251969,25038.84083789281,24,56476.19752472547
64054.21575813874,9503.027824931125,16,35449.15666263487
26009.84003875792,21549.710869987957,14,40519.579347017614
37719.12194020652,18424.333506789455,18,46726.576277275235
53310.83575290233,18586.731172752858,24,53070.0187895343
63382.352988665654,25126.624162111875,18,69422.206700212
56843.76089830131,14381.528578625643,19,45092.53629928382
28298.113825356544,21183.33790213998,19,48602.13647876703
64978.98695169662,21305.38016533863,21,49022.582001355506
67704.92413756794,21262.60069461113,12,49133.9297777795
65076.08069893471,27074.086623722862,25,67527.82351203346
50304.86666259718,19803.114844554413,28,54684.40654527313
41459.9867283975,22239.341015510574,18,56210.06532841691
71664.90232675178,25180.145520726073,17,55277.98136528719
42984.79386787775,16231.820816402113,26,40155.5660709734
52026.52740239417,19215.240825283938,14,45289.33985363764
63887.42395547924,13638.181770427895,20,39855.73962133297
69041.93568217655,22802.74137635421,24,50934.139645851945
39191.57700444692,20539.84605047827,15,48109.75430702153
69534.14367297989,23678.156601438644,13,49839.33929083269
41859.682338938466,19603.52865486085,16,48154.1157639489
62033.34008252721,17268.383204413778,19,52297.6104406082
59925.27967149188,21817.79549919617,19,58793.22240615354
51050.79834926058,27203.388953564638,20,62089.97326922089
29504.579355727452,22909.843690756814,17,48567.161129025
34878.26714053045,12854.102740279115,17,25545.118083784422
64902.18459837061,20943.660624923697,22,50499.661957627126
56923.351001101844,30631.010695498448,26,66730.11216499211
58378.71566493048,16698.955046018596,18,38787.03178868417
45817.46699235032,17569.163061483727,22,38070.57080131722
44364.36987712423,10209.523142144424,14,28570.583097083305
57054.70333535367,19557.71797103071,19,50255.58188261553
45104.70925113066,17731.615109997765,17,47117.15187652157
56862.67273902965,22375.787567057596,29,48179.41376567424
32391.84079356732,20055.18819288075,28,47212.51472718497
51305.01936101292,20931.06613944585,17,46180.04065692329
39185.90010969097,22768.282281028998,19,50446.59851037377
53441.52140416737,10911.000251152398,17,41065.917765350605
33646.245262436256,25724.972209107647,22,51017.46886378533
69495.90301437624,22074.292881795882,19,60071.072787596895
25611.514294778775,24864.657929286765,26,54583.08456251561
65798.85902509639,22086.773050933,18,57714.29814982771
45292.974343051115,21947.145571873003,27,53871.78736433505
59344.31612625295,19090.426317966158,16,39597.376831410846
56966.24820216002,17554.88242244654,25,49140.42362581522
42194.12039983569,24356.57652672206,19,45425.0422285168
43821.965544446786,22171.418422371073,20,54334.09044297354
65740.14795331513,18278.722173730876,17,50326.58622135719
52420.535868237595,26664.409206441473,22,54347.86805896846
45908.4044863364,19068.039784834218,20,48706.912720873624
44013.15851975086,22020.75867330926,18,54193.33759851721
46501.55378648807,14257.006270380258,23,37015.257863204744
74845.14516532185,17760.632023149534,20,55684.901105205216
72566.36190326115,14458.55761098906,24,36632.721699951944
75446.0793061146,14513.577882070334,17,48749.204956071495
74758.9425173146,19016.833538191775,12,56518.60794742491
39450.78198804119,17333.030424520333,19,42297.36157969546
51059.11865916473,24794.59659273008,15,61442.04237798262
41038.264454983924,16815.674735658675,29,36397.430136531715
63424.11356952604,22426.98267839874,16,58941.359609801264
47629.25444626823,16293.432852205327,17,45169.89417923655
43634.894624494664,19944.158911153074,20,42772.7468011272
44112.08923997623,14513.78899838915,17,46945.58156106195
38950.48234874796,23327.92777239491,23,60868.33711366315
60604.91311689741,27389.635083744226,9,67210.89143121758
57999.49425865653,14182.300623246862,10,35148.59358497855
39420.11024873499,22890.27395314874,18,53476.15616579451
63640.62560507754,27976.51462671241,18,65212.74400988264
54940.948078142894,15895.775206776583,12,42743.37607678832
35642.00092321701,27298.87758305845,18,56256.270274648654
34340.80987147249,20167.22140261627,23,42534.3226683422
36208.50126683428,19429.520201534666,16,40350.74758954379
63762.37042211299,18528.714292537872,24,55143.34963472508
72212.90988990435,18606.877980611815,7,46718.581728241326
8509.322703250633,13908.40333568181,24,32669.021167433075
32096.679923959324,17090.94888832981,14,39651.22120215241
69464.2908407058,30687.984893080946,15,58713.01260653458
45698.36713674478,12865.675572165437,15,35520.74145574045
65781.90610489083,20880.811698231853,25,56717.86252981156
51214.73719443004,19579.31902734283,16,49075.14696990753
54693.744642264086,19249.2418731473,26,45335.90928409863
66472.32399764835,16010.72057928822,22,43152.473804568035
49595.76921026095,11335.700252985187,17,43400.49912106096
37348.167248123515,21395.319154137982,13,41557.56060903907
58612.43275047655,16745.733459767853,28,44695.624106137475
43938.69886592319,20428.795931308072,23,50444.3100295895
84163.19306457287,16265.089566684193,16,43194.06965241158
47668.99358669035,22554.34688259183,18,49255.93923047967
57924.74750144528,19685.661364925,27,54546.5780047162
63867.44964392332,20923.453012750928,18,52171.39469302302
68142.14113101206,22517.854977274095,20,48993.1306805249
67645.04768377563,20029.348374708283,18,56381.42559132612
67633.96580138967,16061.23331258625,19,44993.34406782456
48572.137979025545,24282.187524533892,16,53872.46105392202
61923.24875396542,29270.7902390272,29,66154.84256564375
21755.20148805622,21854.446412230303,19,37874.28445465942
59746.152722898405,6240.577972686378,19,31736.10870626284
60491.42016325776,15747.007519809364,21,42853.64747814962
62640.72108899007,18940.906467099463,20,52655.28629260144
63333.95149437239,18061.744700687846,16,53943.681978714805
63537.04418201065,12179.705902710457,24,42789.04630870182
44961.363572226735,16195.653691588765,27,44456.93914595897
46340.02994996801,19822.250991742818,20,41616.30333727842
60519.42050103449,21033.36128852656,17,50575.70124942718
23590.140676004237,19898.334920096462,21,44006.893913154345
28149.230122023506,15570.752861840621,20,39903.40639376515
41244.44560986571,13809.06631560659,25,33244.514434021934
43907.08076794942,17460.568838690655,20,42011.4250084247
54503.29055559558,17495.753089060712,23,36669.12352709079
81504.17473080562,22155.651779228876,27,69865.60028128825
43313.30160365219,13941.29242512488,19,35586.071878749324
57028.54997259028,20770.71418869554,19,43496.96506761787
25703.686094013847,19648.762962965448,18,40834.91075626722
43418.864649078605,17996.96726145586,28,45216.13528403114
60672.313582961026,21872.559974985073,20,64162.315415135694
44378.42446869637,17676.618326845426,19,51145.518946169555
41005.88713376755,25027.55656292051,14,55882.06030364421
18980.60389539698,23549.28017324003,20,46346.8612927688
38718.747401432374,16574.5295805943,23,38197.36496178921
67072.34766802713,27766.61320534011,12,67805.99890548096
43583.76809298864,10023.942615142125,17,30897.828133967316
51386.236261524944,27683.052478942413,17,62042.72194848089
38864.62300112036,26913.754958451456,19,58380.8804127075
45587.096011436704,14509.810345480228,21,42419.12005131371
67987.64855579045,18454.819058779554,14,52561.57839480524
43372.60037989698,14403.245116133174,23,37223.74140278208
39055.12821870695,17660.972348073818,19,46253.433164436115
68369.7813146566,26845.30007844163,18,68150.91259040778
49567.23097198918,19185.015290988882,16,48887.879291761106
45502.02401514756,9783.411139130518,21,34865.80351297107
52685.20383407312,23655.272066794507,19,61005.193453258275
65953.71611711038,21074.96604036222,15,50126.94698184435
51977.654382007735,14055.232318473967,12,39113.30085526397
39612.58254397812,27787.8598467966,15,61298.707147187786
51841.0603997579,23471.049731017298,20,46680.61034614652
26512.746499325905,18385.419330248387,16,46416.88245281182
36291.981581762644,21228.300357217006,20,49131.06853108625
55030.88480508688,26311.866703253505,21,61021.97765977883
50450.52141359188,22869.597054155714,22,58980.31840290287
55950.88128763475,12545.38660576674,13,33294.489778584575
56456.107811374844,16313.285286656623,14,53656.870800115976
62363.10850540469,10245.942368752114,19,37034.86477478179
51659.14747241671,18955.09386841095,18,45379.14193172147
65191.2363447816,10223.340259895287,17,35515.1385015019
56896.76631344043,20503.10037921269,24,68260.9633251128
57730.287586799794,24040.960144613407,10,65443.95594103448
37480.32117044001,19247.576812672807,27,50586.69288766885
39258.577889152846,13612.479742413465,12,35669.36827130743
42124.812543671156,19732.98967575547,17,37973.22610089433
78531.8048753716,21135.349332679427,17,63267.35268577982
70545.32309884601,24560.78211385729,22,53389.128076506335
36726.85240884223,16601.612630995143,14,33295.43551867401
49696.97423010758,22495.06318010998,17,54353.921506266655
38026.69692346369,14209.148667921043,22,36596.895255330004
38447.52388634802,15355.049767030121,23,40820.7314881449
65141.033027911435,26245.579971742132,27,60242.87767550773
27974.19764430464,29630.06968541025,14,59527.57759393382
57077.27617687636,16195.318116608914,24,42403.25837047127
49062.99068955436,25758.26198097723,22,48456.79561098526
64954.61630137245,23405.54029407141,25,67364.037662751
52893.92330878611,17513.588251291578,27,40155.08263325998
72444.66340948509,19561.889515770763,18,57266.35046793753
50571.83875962123,22567.320029428334,17,53871.4533254755
64303.10775260648,23076.69138579348,17,55022.073249487104
53277.26506526207,26729.504508257556,20,54573.25853675503
51110.11079488347,15328.86069142684,28,48087.01851065219
68237.3078409882,24351.111539063175,25,67296.78671677303
51203.793130175,23729.265802143647,27,57861.512044837276
52595.87378050363,27394.560916773473,17,63138.777956647515
39554.52628705396,18339.62432154185,18,44701.61508188382
50569.74995620023,25610.572424515354,19,54366.857030559746
9793.997075467254,27268.122893315453,22,48540.13586933825
43464.98291157199,21424.14776061056,19,46696.23728319255
54981.26736429571,21156.225314901687,18,56761.06662391618
47809.65105142938,19992.15023389652,20,50907.372034702836
46738.9805231682,24245.052930375765,28,64355.01870171413
58531.54733610183,25624.81982708787,13,64824.7009013653
73515.00351862577,23022.61599209665,17,58884.8649645413
44001.500763351294,23288.052806024207,15,49506.03893714471
62979.47476016873,16663.892703422334,15,36168.73931797358
49711.757700334594,16771.150267680227,15,37764.59162389937
57868.37474342472,13900.77945245675,19,45303.93886256174
80140.79699920269,30116.531523783488,26,72733.70987986536
63957.81512456099,18042.63291994723,20,44994.69051209008
68852.7122538221,23465.077788993174,22,59330.900143863124
43931.191441984745,15196.084851502299,22,35520.087673903814
48674.3499015076,17564.967500791274,15,43878.92991372742
33827.808946034915,14121.871129084582,16,27074.165148568412
40892.31279139847,15756.023074807134,19,35707.98063422322
53038.1879259071,20385.210006090598,29,57934.65483513527
39580.61486361605,21607.997291889278,38,57223.230578158444
53495.29843267273,20237.818114027596,21,52906.783002974465
43171.241540902374,16015.77238367792,19,40062.45341932538
52193.766537859694,19056.992345556293,17,39357.058670016195
60068.11142676615,24468.074392630726,25,52833.808322714205
58895.15066699832,25713.138736834848,15,62359.261331903734
56275.494168933496,23474.204593834023,25,59838.50513400653
69884.78625594734,21696.543219144485,20,62496.18622224389
22164.693820707864,18496.875504097647,22,33184.120801851794
49549.543729811914,16650.07432634436,21,42465.532497148844
61666.87783707696,19613.262126952668,22,52790.07707916694
19232.39299917706,20858.882228292045,16,37573.83916812115
75922.6393478736,25056.987552066,12,67380.15233888195
45487.55535886671,16940.498674487935,18,38888.18017903102
39850.19639395781,14943.932518714488,22,40628.596496121885
61513.94075536961,10220.915366814763,31,43642.01819994767
38392.632534023505,25391.606526656153,18,53356.25514969129
70247.3487894153,19387.969182503213,20,51597.695486232544
50306.396912186145,12113.02550810175,24,37594.832718133955
71273.45535046465,17114.110952356095,22,57381.60886824491
68478.05516527026,16430.2877394201,24,51696.73819133546
51831.45936337591,17419.82911305878,23,41354.9607541156
39791.76547021966,23105.553208454643,23,45429.08805128546
76074.45694458342,14683.121351267706,17,53460.75267372445
27256.224653072528,24162.80307924421,18,50958.56312341696
44913.859631053914,16577.4141093414,14,36914.11679798905
63013.53670293866,16044.350935813953,15,45292.699407177875
28006.94094687028,14174.407773268407,27,32736.168146835793
31681.15830376172,19477.883791176424,19,50332.61810517529
47266.729647847125,21365.234057845904,24,49952.443561051674
54159.50567932147,17908.138253571662,25,49896.982178859704
21693.515586854424,19672.38884671845,16,48355.30669080616
66987.39710450092,18636.243531254648,19,50238.46602532309
47721.19357327233,24397.160941966988,14,49763.8438611007
60613.221580242,18836.88212581612,20,46755.80004778004
38801.177417790015,20300.795262143423,19,41905.49601683244
44254.53916837262,27733.23078190743,23,62323.49281979013
54538.73139174115,33468.48794355105,16,68041.61997506379
52358.4439116185,15855.439701628486,12,39168.86735413147
60108.1807100893,26872.83058248453,18,63262.73672437151
60848.124464608925,15133.285435861755,37,49517.45840951073
32620.56025461269,23559.62163016427,22,55496.91487101841
52849.53088204511,28872.091988516993,25,63824.344005787025
47509.90888772949,23048.21816497412,17,50757.56457540693
55939.299706909514,19849.92552110269,17,54060.25998325506
45204.32390818252,10662.825772455099,17,46882.80012153059
50787.066901321676,17104.473994604527,18,45394.30234886337
79215.9982578206,16871.99832566645,16,51147.940129088194
32290.79687588267,16503.419124836735,20,46024.374669147976
43255.65671125325,20082.053188000114,15,42085.4527954071
14931.459195998461,21325.661301620738,15,39537.6447779967
41928.52948130568,8670.815921072352,20,25154.723326704006
33403.39792741094,11734.609117517768,19,31231.414122019196
79210.30826833777,26027.26150715252,17,70055.84384078735
45099.351610720805,18240.988110990987,34,42062.58745773944
43932.56935596472,16882.386514476882,22,50181.27368475767
59717.091825007556,21613.315169652284,19,54253.02016877776
33926.66722808207,26013.01121637058,24,49429.47988283745
61531.49947220966,11459.31020781671,20,38383.80725529955
61023.68497397199,13683.710553598412,17,39565.344262633946
73524.7651260683,17455.44114436616,24,51451.127244814925
58211.68236841996,26590.413984294883,19,47953.40083388082
22404.67333917193,28253.582930680583,19,42920.91403021356
67085.102075799,20267.414580068984,16,49136.71334562288
97662.6051642941,22078.218720801022,24,65183.51023825724
49568.39538616189,16850.7882532976,23,53848.400497035764
50015.00312777132,19540.648221927793,18,46651.6560311611
42672.51713396902,20064.75944952659,20,45500.09699004159
25477.18746054078,14184.897251159207,26,28361.370768552268
55504.76847955404,21502.691987579936,22,54382.5547380878
41764.94045547967,23831.096575199237,13,47205.90442997794
55002.87104290586,23202.927585533776,13,60702.7784938943
55461.24265207393,15244.171518002393,23,42531.36181371815
78485.70366789651,16923.418587271073,17,50720.25790146761
43970.82063079699,17718.524520777122,22,46564.98805787933
31366.076313550708,21473.25317499432,21,45476.6299525194
54263.869531660086,21069.169353747686,13,37766.09853786856
48529.68577078943,25842.25813182391,28,58736.784018381404
78070.21861688378,20915.385270648905,25,62219.44788054751
62485.19477990424,26370.691679749,13,60716.488080772986
48014.75396287653,26380.35228576978,13,58538.49219800824
65317.59433199279,17046.73368022734,32,55799.989226092745
66727.3583694442,20523.13162794915,18,55228.927274591275
35881.35246506792,19096.8966294521,21,51464.540357701626
56758.403704422926,22736.187365798454,23,60170.973105345765
83290.68459871714,22710.41277294674,28,59934.79593872097
27706.150756963776,22645.649348404997,26,50869.96883349149
38723.145510288,19727.54895621661,23,44886.449470764244
46957.93673722861,20732.238143227827,24,46783.02915083092
57743.543982509036,29018.074157168652,20,69048.01119612041
54894.13321807702,17873.709627847937,19,46517.59237555424
53122.9899444243,17605.92447439959,29,45110.46053889254
47016.24154722208,16464.518510264534,20,44568.060219059116
54696.36353083853,23250.943597810547,21,61739.592044103054
71231.05728246238,22088.926998611514,13,53147.21577232633
75646.46976729925,20416.412022287506,29,69100.93179916359
66260.90318945207,17499.593601594726,11,44951.52076498295
68210.92378293723,21273.818215486765,14,53996.93099142473
51309.53583776124,22891.920601675647,20,56891.03686598566
89254.97350011411,14772.159104548053,22,50819.0820813648
28391.10919403124,23106.53764887056,22,53550.379058850216
53819.76718126015,13817.038267699787,18,37809.74564674386
61354.663993184586,29605.940584828157,19,67503.45318325763
51115.54668388047,19298.505077249974,23,52620.886623775434
66712.15026320748,26498.51811838081,15,63097.874842528756
47650.907713959044,19691.230128062038,22,47571.67122143856
69359.3204201955,26603.81930168383,22,60856.726292133055
51895.475907929,27685.729581774656,24,58753.99571521408
44291.62899205372,22472.66219930666,25,44414.73645587451
42416.30231493147,15542.943973411431,22,24772.042999925725
54348.13550050288,15862.46490884508,24,52306.8322699013
41138.81532981282,21694.151355914826,21,47934.198300423224
7158.326654010911,20626.438033715604,16,35183.924725988225
21842.881871663754,24632.560030628596,13,54597.642368641384
42636.95512014044,19372.176224938692,17,41404.55273991847
44865.02173481964,22296.354594453664,26,48136.725733744715
68830.76115364551,20088.1225898815,15,54656.167994060284
55308.223268665424,22145.55884517419,24,51419.33497204566
52046.00009191813,21742.711428592276,23,44703.92331230968
38974.971692561405,24006.12300247242,22,49018.132216022204
92879.75577366582,21952.592463262186,16,54244.389289480925
50263.07236623353,27127.11403547716,19,65713.07554166084
64150.55215119647,29822.03268295269,19,66650.9351942916
50392.16792796713,25461.530227733652,19,48219.3099274729
58830.16977087088,19686.820232419053,18,51719.90153278604
28677.79205462481,24295.412597493123,24,55126.05128405766
55883.52713841422,23938.244053006256,26,61709.4252168952
51508.67284943925,16888.369165199245,11,48223.89618792592
51745.75675151431,29802.855515157193,12,60187.572241881026
66433.97207862302,26137.67625315631,19,65985.97928845078
26223.97028329515,19293.332078883577,22,40090.78467629818
42954.11047698538,20347.56979790478,21,52044.741137233184
18994.550203075432,14316.32296173715,18,28928.11940346624
46059.33170390252,20234.29195442322,29,53164.786306751965
66472.70815492113,22500.590295303475,17,55746.414098407855
64847.991506851984,19211.155413655135,26,53231.56042920726
46709.887484250925,14448.184714117193,26,39665.71181542274
53124.698066320794,23048.48156349517,22,54322.92868222785
44524.11761150542,18685.276028021843,20,42530.32229096435
50675.669825263816,16135.360039038795,25,48637.09558764033
66678.09107369058,21962.012194925283,28,57733.89545030112
75714.52029681978,14475.033508358183,16,44407.47992049642
60784.73106283284,20550.8587659852,22,57595.74087977644
49001.28647914164,26140.485119175835,25,56986.57798665892
76293.64385740788,24465.11634544164,22,66011.46158312958
58799.7688874169,22462.08295561093,21,50025.9368896511
45997.37744026143,20328.450144412807,18,52653.61215876637
47975.230847261024,9643.45444438651,19,27585.37145978778
43620.614165264175,18474.252631771407,29,48812.94716169784
61124.067606839344,20001.753279257555,23,56519.750706418636
54736.27358929875,23866.279479214903,13,55345.75753976313
53241.75243916916,15681.229043445877,20,39198.44850696507
41316.628120257126,22674.117800636926,17,43780.509262021566
79685.44103681271,23181.738635642334,17,61636.668071425804
47942.916175561964,20357.371940573277,17,51861.64521927377
67311.19356235943,24462.475146228742,15,57568.731909691174
34981.382393974156,13864.480749069528,17,27419.625163167577
58063.43014446902,15484.636806316592,20,50495.49751555314
40638.37529782234,20534.668321703477,14,42764.626673113875
58182.70127200232,16359.0813615665,20,42258.79588139102
37955.275116338074,19514.90235909549,24,44673.63098142963
32337.16123064426,25726.46930251814,19,56577.702532953495
35640.14745779146,4292.248820865594,17,21749.244484714724
26385.472376041973,31747.397939639945,18,58948.957189340785
39181.61062563007,23242.229725005647,21,55179.690618614855
62111.8278074487,20440.89535995759,24,54247.2410745601
38636.347199155534,18145.987532670086,19,41872.656894883854
40332.2887194207,22098.432518973612,17,52126.8285556963
54937.37166224912,17990.015691974906,23,47812.33697365841
21387.01477612591,20745.362985000458,18,37622.14360288049
60189.33317067718,20197.83996485489,17,55722.33760119757
48976.01006472993,17771.86365811013,20,51078.08554376576
56434.79887716641,21241.247336604407,17,53457.07302323975
48480.74360218993,17114.381675224115,28,48673.12886233017
45852.32763761905,21864.911365845255,21,53280.5299607485
63685.90342257603,23302.16526581702,20,49417.14004871875
49587.944923995296,29761.901606548276,17,62091.96580557008
59179.98397236666,20745.67137074945,23,52825.58345081128
65029.40058804718,31464.521650945702,23,70029.52756628658
32108.59266457476,22825.58679902912,26,54566.12181020031
39555.94919176209,21140.285231660928,13,44308.324631059164
37552.38800643559,15685.304118331213,23,40320.56297454542
44802.766898612754,18929.209690031374,23,40885.53670341915
52484.113408594196,25373.62841783784,19,61527.988669781495
36651.29003507441,14403.551961939933,13,31374.46818949903
37879.973226286886,16295.465338706756,15,46175.24867646579
44704.947889916846,19889.039725215254,15,53679.61470746345
63580.2742409923,19634.741558824313,16,52961.67336047249
42207.05614104912,25613.11208914756,16,57264.22416255984
51417.22188086392,26096.15121610395,27,58607.820259199114
45521.98215039705,14145.860534463212,13,36002.65451108619
48334.699470420506,24063.578696377233,23,48548.13335995621
40020.91853927351,17544.259315207262,20,34660.505075141846
13406.92097298798,21521.71166598468,23,35940.242826763446
40359.552974130165,19547.65924513936,20,51481.982140741704
53375.25474156781,23997.5137104257,21,54550.918428165845
50978.98842319848,9865.368662331117,26,40396.16698000746
60432.57781980002,18280.433565948246,18,49149.6837840009
27883.89957666331,27509.157203773568,23,54243.73067257753
55579.57308588902,19595.38524676557,20,48812.43369877564
41733.92897621441,8316.240571525417,30,32735.624650260408
38480.60153514761,16493.605805432253,15,39306.11340567354
57833.46554005147,25217.83846517172,16,57560.96329887721
61877.58131381971,14504.119328807523,18,46980.53615431073
67205.6744461715,17362.34203002455,20,50305.52564227174
58302.93929295836,22974.89619192466,22,53607.37284522583
48438.05299215603,21501.540690834445,17,47421.02530301904
27948.67822619313,13358.515149783121,9,33092.00071205353
68623.99463440238,11223.361770825824,14,27107.367990435087
53411.174176505694,16607.39765711951,20,38074.17801882615
36143.64382382567,21194.12691686342,21,51574.5016038643
53209.12392707113,21446.166632560507,13,54312.99277101151
28043.19979520821,26284.09691859685,24,50166.89473736207
70279.01743514882,10439.776893483044,18,44179.64886676566
44042.14344820252,22393.266718773764,14,49559.490649325
33459.612722478385,17404.392503693565,14,36831.82150741979
69344.8982149981,19213.37361921921,17,53909.10177347105
30193.525116712204,22954.264097316052,15,43803.8203128088
49603.06630334479,27157.563742382452,23,57876.77086993633
52001.22512062731,19835.016199219233,22,46029.8963676052
30400.208563789012,20536.765483794326,13,43948.714489734746
43952.609547432316,22976.646971035643,21,52165.99691076288
21647.41373578178,21179.4884979897,19,40538.99567178423
43521.912546058484,23664.968960495746,14,51729.98343581496
21980.35905073183,30677.08630010888,18,52773.3425133387
63365.320595344965,34976.739600085435,14,72176.64072072085
40574.09519579713,19806.123976343883,34,48240.68475940131
31878.792521224626,29483.09442175694,28,65022.08705766439
53095.15124730227,18050.598784260063,20,44316.347108286514
23658.479628964265,16285.582889931411,19,34628.562600827
38902.58960994288,9436.190840751051,23,32347.29984496203
60883.17231865842,20980.649331579403,15,54431.791691396036
28938.62047564758,18868.130973858046,20,39194.17794176069
45777.357072817314,20358.963316919926,18,44083.56954006004
37452.247816123956,20613.559901647015,26,48704.0122722249
18710.769193994613,20586.1249850395,14,45153.94806388276
32525.11914082287,21033.383577643708,26,48698.61550371756
39426.14773094247,9601.577718262595,23,20771.377641276602
53551.301728750324,14264.606897752565,34,47393.252202282136
70613.86644407662,20861.144930963328,27,61320.723845222186
49651.40537159897,12486.578697139194,16,32889.89880714475
51591.71309031459,22816.211327689547,25,60486.89004346905
61295.56228692041,17623.85500802761,27,48467.28173368016
56338.042744095226,18488.874573517012,15,51503.65726173034
39925.46252085421,21342.755254078278,22,52441.185814823744
41301.45769810033,24251.813145659136,26,55300.69881149777
58487.24539293768,22764.581785315604,14,61534.95726888384
57396.747152688695,18995.478911347553,16,50885.64054893976
53049.743162368606,22287.627179136343,20,54803.01526963364
40605.3925316762,16678.517470774146,19,35754.017835168605
74350.17186532514,12468.72402391085,18,40401.964039756436
37957.67695894687,12179.942219934062,21,45031.52312790394
48360.61974529068,18971.67381674364,16,37439.34382247473
71096.79673436936,21236.20910085097,20,57430.460762860734
51820.161342949265,16732.234438741147,19,42531.11682103161
49077.59382369518,15497.80729294634,14,43885.515828971176
54383.16544443704,16838.106429893272,18,47759.38674223932
40353.35044997949,16906.77917578838,20,38698.6933914252
48599.64803221291,15506.438019266,15,41192.05535338461
61076.4526261645,21290.45380383128,14,44571.55107778184
64065.349683059445,20302.61264556031,32,63724.451308502255
73935.25886353153,32543.542313829043,14,72319.91304584115
38897.4275314734,18272.024712058243,18,48187.27679177248
69766.8510604144,17723.596554543215,18,46756.67266283634
59040.47849203916,24699.219194979272,22,62276.73953908428
66224.74048446532,18676.707451132188,22,51204.348062547826
30005.886533678575,13617.63480461527,18,35257.664237479745
38719.96862353404,24027.287305605936,23,49244.312009226014
53460.26613791073,18005.68846629517,15,43609.2889641396
60587.41719958863,26498.283588562146,21,63783.14974698174
43561.52253250923,24664.249660726786,16,46782.30494604675
44421.14028085259,31167.903126881065,29,75025.36191373541
34071.305450351385,17196.272271076425,21,39066.7328096414
42485.87817262814,19940.11361337125,26,48278.32297778731
44262.01167553744,16080.72494557115,26,49949.15453864336
44353.49201487136,17978.662633681957,23,51847.44280091801
36497.35317399135,19241.65463714934,18,45760.89665862993
78820.57170899378,9455.861413697943,21,41345.58034985838
65310.62897872117,23378.529359399687,19,54209.96541187268
59980.09692086107,21875.365801098924,17,66317.99779853676
67193.26827781704,32893.26586443475,24,77813.49871155432
58679.11442847307,21561.569046148095,13,42142.02218055738
83523.93889880361,11260.17353474228,18,48510.23921479668
37923.66221660904,23489.981691929344,20,48183.6175754293
15754.179287724626,18995.34557037916,19,28305.452699957466
36720.047893571,17876.045402887692,20,41581.07696578324
21899.111292493453,19425.57536512967,22,36365.23001673763
31530.16907572549,25278.00499398954,17,52699.11671731875
40846.97510654734,21780.58436856915,22,44204.83037310191
47858.65042848594,31480.11975774817,27,65871.55842952305
66025.83052835027,17460.326679734826,18,58875.77262706595
75054.790691397,22025.894034818208,22,59768.76701822229
54431.50645190018,20758.345518550188,18,55317.223991569415
31708.855431300395,14452.36018569547,26,36125.12108234662
42392.889696656915,16079.820635267715,17,35291.31070770168
45596.299614805255,24273.49228880406,20,40492.60307513227
43591.07002595761,18505.369339964393,15,46644.666053280285
29813.50122106678,23119.730132945177,23,48007.79827474526
69261.30549435121,19721.05898659435,18,58268.403124235876
26859.354023272757,16150.61026964919,26,37922.00065443342
42037.22141049176,16450.86551019314,17,50443.95150161124
52036.18252792136,14114.328746837255,22,38431.78713164718
52578.008638541854,25040.0983817479,21,59126.710735343964
43906.588718832456,18427.16328542073,13,44127.72586578593
54596.76524465917,15298.476282499272,27,47573.31453520164
34038.21985728227,17092.109486573627,18,34196.915649874805
48494.25899489206,12185.990816417434,23,33640.73028303172
30524.840267337335,22294.568615425953,26,43333.8441548632
36803.43916473307,22030.365656840528,18,52248.59176417037
64634.267193640226,23873.65673674952,16,69110.8060549885
46537.46409321145,17804.434399978225,14,38776.2142996172
47197.32831476957,16903.773904903057,16,43847.543713987885
42624.69102168092,20634.124588434937,24,49769.338618565285
39899.56130343155,19083.765561430195,19,38349.14517242085
50330.38629517777,14120.85472412964,29,46379.330062457986
83575.85833671539,26422.44326269473,17,68930.15038757317
28787.09513894494,17689.774551167586,15,32042.238369331695
35301.97355926018,27356.40868331703,19,54274.94886896169
35839.06726426327,13243.032675746821,24,40203.25434967205
16616.50961056468,25011.929178950708,22,50574.397835728276
48178.73597902234,19962.515425631103,21,51218.04305414624
46710.20432745598,20667.591813553092,14,50579.733961997896
40504.89665863459,33893.838623807904,21,59612.70050012747
59749.095982332365,16609.293844866384,23,50511.81518260001
43160.404046155694,23013.953433375882,23,61809.38258127012
47426.94450845654,25386.99503126596,16,49208.45861160008
52429.57415714454,24402.398006862335,14,57783.83793732497
44556.876462692286,19696.6790816021,22,50845.557077881356
75473.25051674346,17911.47549716137,15,53415.94316864118
44017.16446423652,21074.536355363092,15,53383.08072492654
59754.895546231404,24755.366096806632,20,65717.51371544888
48889.94060780012,24202.24176117304,21,66601.6008702377
49596.091356955345,17455.348365104626,22,48613.72184684324
63060.2360869414,18901.89148094603,16,46813.840178526974
45330.748524917624,19981.226334839983,20,49910.84994369177
49192.02880732204,22427.34252210342,13,47401.13463663461
53725.16155167529,22450.388932879516,20,56196.86585855397
41139.95611374686,18805.46044605902,16,38785.126093919454
57402.33035684431,26075.44646674484,21,54179.94744404067
72627.49207646858,17238.857287877578,17,52091.21288627998
37179.83547743802,26065.93739749283,30,47145.77296861951
40382.12994046519,21777.10086888225,23,55864.34690479327
34367.86408386927,25248.263082959285,22,53701.611533639996
77121.94773802419,26525.944815646933,17,71755.3048364539
59053.43632853376,16234.078999916985,25,51674.760913921484
30687.665426624535,14969.773583572112,19,39504.4427673205
27564.171556870828,28387.8832987849,17,55779.989183630154
59451.838365411546,28308.922554139164,20,64021.25179484991
84979.32458920067,21774.21321567835,17,63984.16819238117
49079.40017258969,20112.16416725704,24,45330.78936161002
27799.922327285287,12645.433406116037,22,30964.33138457506
25394.768506311917,18560.31057921489,16,37276.981134720234
44630.48390563425,17631.405325979107,13,44371.09137936442
28991.38455985742,23888.380430659578,17,49209.9262090404
46192.87081431869,22113.958032825274,30,52462.79579201682
57736.45670910626,28707.866065149243,18,71743.61255237779
53978.61254573423,9903.824297464425,18,41346.73157811948
56613.39644282061,23069.121973266778,18,64291.36073377484
53773.17192821285,16903.97229589789,23,39529.93277779078
60913.802326816185,19813.94766846717,23,55367.95510192179
46204.93248031755,25016.54342660481,19,53386.84235177334
51512.190334417806,18951.703376403188,16,41894.022208481314
69524.27912104735,36145.09251834153,20,83165.20808756197
61893.28424518774,18197.77659397399,29,61488.04793987185
31083.541731525816,17907.245439946855,17,34022.46939633681
37924.38870841159,11157.669755162698,15,30235.888664868737
30871.073526821052,21935.725186443167,22,39131.12140974596
46973.89297795879,20355.719673693144,21,50452.677158268954
652.7672485051517,12737.261056673757,32,22439.493336374067
58852.71117822506,17878.553250680085,20,50771.62668770496
35800.52120734022,23358.560974033448,18,56472.44899511533
23214.738010634283,14038.884526565746,19,36145.18152621681
82259.74245998732,16156.625432756695,21,58602.7440244019
39187.88971434083,21034.468360980034,23,47701.667976483186
24092.21833229842,22892.777083062796,16,48837.10239832064
41354.60171622612,26608.24992646191,15,44313.60554038457
73598.02862807117,36274.55208939531,31,85999.24884603111
-200.52939603506093,18967.16426377745,24,38606.127777968104
64915.033721484746,10752.930593684021,11,35295.74310985989
23428.451908274525,11508.355503097866,21,27468.136270924577
57028.239924948815,35565.06095896337,20,76762.09241046429
33197.27773063355,19148.070312334134,30,35522.00046834458
50446.43151697371,28334.30458727737,15,55634.06434179218
42436.85597790062,23952.626617604863,10,39130.78081712503
54692.208707378326,13188.662486047815,27,43964.73348353415
58586.8071570581,16283.136349044273,19,51833.142809533856
57516.389909557816,31419.1280371862,16,65851.26689928636
39019.15644864742,16697.428598353312,16,42229.0634479851
54036.367449039615,21944.088980641016,23,55893.62911556125
63895.17631496898,20086.471102467334,20,56326.76815840055
46423.79950322023,8598.326024251175,24,38627.43355023614
52505.428735175185,30742.823827440974,12,67084.7866518795
32997.84847591809,13141.770251811136,22,26510.9141388496
54270.0015984168,20044.605077157015,16,53028.38313816807
40369.133774721304,15230.671544663555,27,49354.450014705726
46865.52229954398,25061.935730417343,24,50160.32486581995
49777.151134069514,20727.58581014792,24,47193.87309810034
52952.55281421576,27365.179855233277,18,54337.9730782132
43767.35786640307,31068.467867983592,17,59662.881403181804
74840.73836973662,25500.508372461125,22,79398.50214319381
35492.30068357531,22610.18442932385,21,47571.29235594875
26074.335005520472,16892.74576204872,19,29630.306601610264
30944.79991617999,17738.2854450253,18,32127.471542576994
34650.10130758236,24338.319547580264,14,42287.671619384135
50045.93969201188,20118.807686422937,16,50916.06552546273
76975.22137231333,27840.910157038918,22,72456.66036748106
55681.857307387574,27910.493626558353,16,56389.86489891997
45989.590646256474,21773.399808752038,25,51528.93358504583
39412.0961305762,15980.028073846459,21,43819.57221603619
67381.12824929855,19129.48995008661,21,59401.75753397244
33415.701346464746,24784.509837994585,23,48462.99615092958
26078.881927574294,14196.75768802371,20,39833.32509629545
36586.884370505555,25143.848316195785,13,52196.70258301618
41792.872798448516,15994.030808611267,30,37703.94070021217
58608.1325523151,17060.139155391058,21,54418.36840059773
61921.40989753014,16316.721024975734,19,45939.0888484844
57727.04704578703,13944.872796919935,19,40116.0916837371
16379.884865123437,27214.99591667456,29,50797.145654031316
49969.48103673057,21715.428202186427,26,59098.87744266914
50542.89274601889,15855.299835614853,23,46324.52929626424
55898.212563878034,17372.015062412676,20,51344.175887408666
27054.65681604523,27183.53367107628,19,49874.716649088274
43487.478355063955,18753.496768663084,22,36425.80985094918
43073.25462548899,23813.665182374654,19,56595.5541891689
63254.1952410592,18978.767618537833,24,53970.80829914108
50238.1770116636,24085.75181243992,19,49951.81967029601
39462.57913679385,16012.765410329692,18,38195.75740343814
22337.077281574308,15140.24456948038,17,38194.920330285284
29393.324858320557,19601.179909490544,9,36948.0752972041
58349.96165432642,23567.12218079687,17,51517.12240862047
16446.714168942286,17819.958312548137,26,37768.44938459499
20344.588593491237,18982.47311342846,16,34917.260303566494
61246.74207896345,20833.497548693944,20,52905.55801439304
59373.46549008411,17251.851476599757,18,54004.010218607786
29335.60812920368,16582.990935642207,23,33105.41613381687
45566.427888550184,20956.52000476223,23,42802.96087979854
71495.36843765216,26568.690944764818,21,60336.47448629251
50372.42912653506,16446.46908431225,22,48648.554045357654
55073.38776312103,18619.607626664252,24,46932.70355352933
72086.19572538673,22260.07183231322,19,61847.084008352685
77084.82299962129,21087.06158779399,24,55336.75739727569
50032.439026434,27015.867835549263,20,56622.370884138436
71217.04761616861,19901.22671592089,16,48889.781025847595
62981.984946835764,13196.934293389113,20,45302.252023854315
42576.46570258002,14108.577080178045,16,46792.007820533705
55460.428785538796,26396.04158363744,25,64088.02001474363
22802.969481201442,13924.239378332339,21,30180.035426659535
58392.23837464921,19260.40603529744,19,57561.37986271815
41699.818777217035,14588.552437155073,13,36291.478203717226
37594.49916519351,20152.951441945,20,44741.55592673982
65061.64839653168,21376.16267545536,21,61325.9968256299
34294.53897304881,21623.83873564015,13,48446.37068280007
55221.74676018807,19454.652790758166,20,39998.04561834813
63621.07269724532,13162.324741371038,19,43849.49864531201
42776.84838373255,17198.27602825974,17,39259.45883956342
52287.26675596927,16953.98899507385,15,41985.47793599106
38216.50703936187,24969.348661145803,20,54295.57520225779
35741.40183399312,17066.76374541792,18,44937.19172082492
46238.09721164774,10507.570782337949,24,30606.84169515327
97145.82647032647,24284.96779347426,21,74607.29876876777
76723.26199771921,22419.283749980983,10,50869.083804137925
41764.63171735838,16859.659644770312,17,33786.358415050134
47742.17607752454,13746.651793413566,28,43664.491924836264
43549.867741176786,17707.754986178832,22,43847.95692243282
30156.01280471242,19981.486929431816,22,51365.95249033775
38556.826772991495,22973.521986762782,29,50802.15639933963
42490.44356749063,28884.620664486527,18,63304.283008496204
12619.755009709414,21562.16723488564,10,48350.78086581941
45242.03264754945,23367.714353389638,17,55941.778836911064
60555.533043845964,12058.107566153161,17,36562.25645842442
78810.09260518853,14509.524256070017,18,56990.63417448378
57770.03656273331,25531.945988370953,23,69005.44039963746
36325.9528661909,13449.112273939318,16,33819.650507510276
34959.46005016809,16196.003745285318,22,44946.49586795225
48652.9479260976,21908.27633901346,21,59400.344950410115
50498.13083682044,21878.258499582033,25,54980.24209573717
48102.613070102525,15415.34910761588,19,40869.18522511815
67356.35807605884,27770.76095040846,20,65215.0172912923
56425.751475613775,14324.596163519716,15,40881.39019727718
57134.99361929956,21498.141496872828,15,47468.022735957005
54960.11371701373,28791.172760116817,24,60234.71812319998
39655.619935618575,21718.352567244787,26,48490.93691192692
25269.145473776396,11823.350795534414,34,36919.25622910139
48007.29245619429,24681.581102295502,24,65141.845055182304
40153.00967319551,19062.87776635432,21,47948.122190260496
59575.67412657292,23504.496678272986,21,57446.95118481969
41211.00234959699,27075.059080314586,20,53921.50494439454
67394.51924298206,11971.62467952448,18,34710.34763673703
59649.54036678467,22207.47831401126,22,59604.257029490895
74979.41337143719,26176.13910642885,22,68725.74805969017
73588.3975097899,21778.176784428026,26,65805.60293790369
61025.97412968164,27552.019109955218,23,64688.523061735716
32809.0000894813,21051.62504803783,27,45235.20600018844
43358.60136348892,28462.5233269396,29,59985.773488179315
39451.46681339026,11819.72677141337,22,30479.313232286673
51655.83680294144,24517.77153005675,21,50137.28054323553
56767.41886016292,7363.270140070517,16,35982.568059445686
45279.23893514295,21720.27934066906,17,50147.13365627214
58951.952248178575,14201.50112818888,17,50478.56412425461
40121.250002280765,24092.334654497387,22,54369.182357314974
15537.098057435767,17976.08635054741,26,28867.40114694294
53283.23614852188,20504.659755755496,19,50217.794652250595
45827.39114820641,16888.410800095495,17,40007.81464463565
51880.86534849079,29103.310109753766,18,58686.67210514614
61708.653200340144,18977.36529752584,19,41927.78585108425
46532.7318376983,15697.219092002888,18,34638.323676037544
31697.932063257565,12566.679168436705,12,40203.58129914712
41128.14701093094,15502.676456594294,29,36516.54240950661
71239.91664371683,14890.69614725485,20,48390.741142238556
56578.848897882526,20029.812199252243,19,47263.91066214522
67464.35775673256,18639.84000817901,22,43859.000210893246
42762.035215281685,9110.859201725663,19,28922.9847615223
61017.53146408027,17971.74019824244,20,52602.96026062648
64503.97639284552,8650.587908732943,16,33173.046727720386
26956.94974953324,24214.134986770125,19,59572.52135144859
54423.49448699662,18999.139714827277,28,45344.712226859985
52955.3504101756,13384.889856290929,22,41204.889294704306
32402.434098462403,18766.421249179646,15,32666.98780492521
32530.382536895875,24921.793965612975,18,52160.280823208464
80617.06539703527,18695.29184238231,24,63851.940357738924
52564.09630884736,20349.95790867615,19,52926.0669330166
68956.84988050157,24262.937732510338,19,48397.00164647182
61080.72104337785,17096.75112214547,15,50187.47483481861
50780.29385200891,15501.996210955022,22,39195.48279321969
34799.21785128283,15629.83124826237,22,33980.469298924654
59747.26712408914,24150.132417506135,16,60125.134570888345
50137.14223445098,21059.915905877788,29,56210.779139236314
52457.56372104647,22680.53306083792,20,54407.10133452007
54106.229035794604,13646.885155156786,22,42020.77766029069
55323.07536860336,28366.861962508738,17,68236.12891449513
58168.43960095841,25254.7923996027,21,65960.73124343723
36399.49851101509,14696.199438132928,32,39698.83990398885
60547.89529821579,22577.54748747776,11,59121.46689505999
61016.64603818762,15327.719840997179,22,49542.617257500475
53104.656244890735,12115.150092829626,19,50922.943323374
59061.852542084336,22004.534759133352,20,49996.34478195015
71645.41464635308,21135.17575692424,25,66288.4558176302
62713.04504028107,22875.645777179634,18,55744.42183069896
32790.48112397302,24651.02584163782,18,62531.98235418559
41922.544207638944,24038.25880068755,20,52075.96858801238
47158.54357326735,20480.381881140984,23,52553.778955284695
41153.693581054606,19638.109635027966,23,47217.910699533015
29183.526087661554,26600.964020084244,15,50716.74080075154
64118.01434423332,18283.091419097247,18,44035.55194643106
38139.43206238583,25418.324559154862,22,54044.722624750386
68385.86437714512,10142.228698314737,24,39864.28438507712
25745.39868921307,17173.968612284498,17,35650.071437187835
61676.99016611405,19753.97245476411,20,48198.855145131995
62833.1637030646,23163.885007201232,21,59366.38075728666
53471.68467594277,24045.556894689176,16,55499.400515658024
46161.155917454955,25267.80643138852,21,58477.793331448636
49826.235517172594,21103.733951229042,25,54585.37521790918
50275.683687298384,19293.705370345368,17,47911.303797586785
56926.58985365685,25720.472475826817,22,69536.19428121927
47303.57963597896,20718.3764007048,20,47707.61142714857
49514.54434080173,26326.32871913093,24,55432.94043487465
55049.51808817325,22622.016603959368,20,56845.935628706844
50381.25025132906,20070.440307990466,19,50695.2497804841
36680.409000837055,24548.174164274693,17,57202.82978521545
38208.97401018709,21373.45725091072,21,46895.603422404485
48860.406632745646,21270.451826702854,22,47795.99125776751
24073.70487182702,15892.218206500904,22,32047.150192961744
47839.16490188748,19067.22660529258,23,50742.80046896646
52570.68782125665,17546.54924536804,20,47530.64396685439
48628.95876299184,21292.43064679768,16,55968.638856434336
56855.43738081002,20954.13412256071,23,56873.751887533785
53036.47282147045,19140.4510743149,17,45166.711364970084
62801.71655683484,19334.322798780267,22,52353.05302251171
52379.73006677921,22234.96287282999,25,49167.452824075546
79016.23086550982,11214.646155997285,15,42059.79301068756
50459.15329479669,12711.064988329028,14,31091.517231947902
61429.08845973491,19138.098978783597,19,44362.263159005175
47222.44250652845,26183.567740668834,26,68895.90755487401
50542.290426469095,27172.000058578284,14,56659.02428561418
35805.50738082871,12658.855176852114,20,35733.37151140181
48482.90366568985,35712.11364863318,22,77522.76269577593
37557.14423453751,15549.614852239798,26,41458.05698247521
67221.94202804702,15057.128247413817,21,41489.52546354604
52727.7106682285,8359.817783554334,16,42492.01924662309
58551.32292242569,16746.758682048705,18,44194.3656767756
23815.862159603897,18307.44615898589,17,39219.25324788863
25632.133274900098,27694.14962084861,17,52233.941182208866
45245.87285098969,24078.265037792462,18,54434.73676711951
28697.967226857498,25523.696523194758,23,57934.66961934839
7648.028459294801,29452.66639871918,24,49602.826322217894
62010.71833616297,31158.34103708194,23,67825.8843387048
54862.87263023378,29834.251796335815,22,69715.85415220546
38059.95731972174,21846.825850105663,13,46993.58441590538
51848.47569556283,17976.081041606412,24,50562.361722857524
77553.03313766432,25113.854395781167,14,66526.23318459239
36070.57216958533,16290.968438468708,20,36538.14659897169
63699.061909892735,23061.058588585176,18,55762.68349670842
43170.37409355549,18940.06671461368,22,47769.63652395207
40742.79932434067,17210.382555211523,12,43602.995144776345
31192.12636652772,11655.74379868508,17,31331.627347773334
52135.637114748766,22303.01422285067,16,59045.85878775813
62091.79209876739,15286.347683504242,18,44884.43628297
54658.13675864386,23110.529816507315,20,56213.46574179932
46747.31545775757,19315.302906100627,24,46123.397033236884
40286.55345275843,19828.04592089643,25,47256.96272026524
75955.74668437157,19258.832855908833,13,50670.63013759838
41621.8715845326,12962.9467501547,19,29321.016604145287
41507.45911294417,16515.719573936913,19,39574.04464910314
26556.519387544984,15692.233361634531,20,44010.599366951676
76274.3009013127,15610.932678503159,15,46862.32391047539
24583.803964895105,15437.696561450919,14,34068.69668478679
64255.37307570198,15101.78777625092,19,46186.20382446403
58988.35409772796,16030.35956444467,19,41665.51068596901
42791.129786626036,16338.384328206714,24,39745.36548037661
53413.971876937736,22692.86918470551,12,53371.39601623148
56986.438574784755,20929.05926379292,25,49168.08648428417
84012.11323396035,15231.666319884076,22,46813.167109573784
76400.4207911077,17942.00812804698,21,51114.21835390514
61073.80003009665,10747.489120507367,19,35159.32943213517
53796.22666157481,20777.204192533907,19,45319.735517334026
59999.854176734385,18706.84389521779,13,53092.50113429178
53527.40496883777,15346.036146398323,27,52609.792489294196
55338.6405316372,30498.37321623085,20,63126.49519594395
40246.11772248228,18688.611532189167,20,49288.349916912775
48982.68446288334,22238.325127375163,18,55078.029972763085
61691.135027582466,18306.129054893634,12,50350.44890998792
50826.34888901131,14286.668120423044,27,44370.96281182344
57356.90300904457,20920.182482876044,11,55666.59255936888
42269.22381106727,17445.090675348187,21,34048.82222263971
49298.83081006478,23469.158024637953,17,52456.990494109785
31461.763962469046,18468.281659178676,18,35343.40578573289
61874.282858004255,18692.75134167244,21,50644.03408646771
23668.722496950602,25124.092460676336,17,48050.05579954773
57204.6609202493,20687.506940494466,13,46296.70812825273
29481.3771194096,20864.584500409317,22,54357.36727082303
35774.04595585436,21202.075987051245,14,50284.2639881002
35260.2261060711,24558.664145388262,21,44050.93591260197
62891.611098602676,32424.52625482963,17,76470.53691935891
31835.27490834195,17732.963727545608,10,38004.28816652717
47219.026750844336,19372.35589590523,22,41378.739091295436
43736.0605154383,16526.846654687506,23,50068.33337785297
46164.85499147475,18554.403744243842,25,46769.73421781406
61220.77033131244,21763.094111726037,19,63956.19399364882
48084.60610777373,22483.3646722694,25,49563.36040194746
47851.798620664515,25648.013595511165,19,53889.267201728275
36318.150494226255,18143.853558543437,24,42027.679153094025
35711.884643861995,21907.43817401074,29,57412.26824618187
28972.022622386638,15439.03723848861,19,34378.82876864291
44670.404099974374,16018.10645489347,24,44154.310389478145
72274.93757949589,24449.86862032581,14,71966.1875704443
52696.96589454593,18486.370767088654,22,47747.490764438015
50858.974524384306,16567.625974116556,24,49251.88867755983
26654.020807555986,12320.452836459472,18,23858.906040391492
66720.1902697506,24911.44564489187,17,52543.73001369997
74024.18897620196,11373.30241932465,15,37665.51228505234
37449.59395362015,12224.222415629087,27,40990.317410273674
35355.42393778096,22891.14953237414,20,42574.07393690869
71576.96698016697,18879.093837386845,16,60810.545654961774
55809.2679477342,21872.406320012047,22,46635.84051595151
75782.89585630754,18539.430837035387,25,57593.483651287526
67677.201647173,24376.88253528373,21,62006.19803051313
21161.849333031165,26024.181385534423,17,41791.756830395876
73862.69059791962,26553.831454213498,19,63420.23209998014
51957.08660715264,18868.62594049347,17,45923.214822454305
50344.207944810456,14380.210194841664,23,37970.07714139746
50490.38259740026,19880.01926500526,21,41739.81300644681
48827.48785699726,15816.35841648091,24,47928.01420701565
27198.242405554098,17108.29421692113,33,32440.817458023397
70777.12643472406,29471.656016231747,18,63395.451605228816
41696.31938141838,24242.799001108884,21,50465.13199511495
45325.89605543781,18584.62636602149,23,46870.48760516875
58663.65498465409,19495.718300975117,23,55607.94614545519
76244.94811595179,17501.818609002457,19,49402.21352051138
48744.98744496389,20905.294345932656,23,44897.735712109665
52996.77687627239,17837.660598282844,18,41043.69309831192
71019.40105256924,25401.587864697976,14,63188.32161428948
58493.40446487167,19940.946343089265,19,45308.250342186184
57036.22768395647,15556.609883199639,15,41248.899230367504
6587.633594065257,27226.12892345842,18,41711.68216319399
45534.27275988867,22348.66451732835,22,41668.20263234922
52528.09470972356,21936.891769732374,15,49649.19106256639
52373.6803830167,10803.754772778007,22,36528.397004305145
63741.67881007619,19759.119374298018,29,57348.84351573271
31651.771605043235,16382.874507325514,16,38575.666256623685
34652.40086549824,5833.908631035585,32,22431.25753192844
64583.55633138053,19559.606185962115,23,51757.55846997041
66341.78265610297,19295.690112346943,10,50039.89511018261
34488.11632117932,26257.754872814265,17,57550.88987575062
54037.18666325478,17145.426389005384,22,51028.31972499464
46340.038772797605,15920.76719341967,17,48939.54954110364
40336.22738408783,16589.635116767036,16,39978.55682245847
32006.853862309854,21239.24658654459,21,51499.63630152815
36547.912678397,25754.70411437001,25,53789.30167118259
37676.06966662148,19992.377091991366,15,44651.33889764219
73275.46715064219,17108.50038767402,20,48815.0934357851
57429.84154509297,19083.353942523023,11,50250.63756303443
54262.255321278026,23264.80679099344,15,46426.845042195004
33200.337994742586,25809.436490001724,28,59767.69663076588
69871.25996371103,25913.322477737827,26,65994.21193109457
71644.54438352106,19441.66477563779,23,57641.48645170886
53679.13491021173,22309.307642139847,16,53929.96399643823
51991.66272588984,24018.687270088518,15,60874.420109289385
52031.29970058448,19645.473818338392,18,50923.15395458207
61106.04275347793,23404.84531252122,20,51697.691321942984
28084.842016007893,23836.034662868708,17,42949.84924625859
34028.991201638746,22655.66252099578,20,47823.40874209023
37998.59143417036,24050.668695491233,17,46400.61901375736
42951.46518656744,30341.64511623214,24,58001.100286826455
54579.991229495776,15877.574645591612,17,40048.50790151734
65265.71711563934,26573.40416389677,26,65240.679328508915
63958.90651814048,20967.659360072612,17,59790.113734219056
26426.534433429733,19728.81582609235,15,46614.22833416974
78367.43966539092,17230.531533476682,27,57921.25133285713
83161.77483144366,21387.762686544105,21,59620.66606054207
74636.44613118262,17395.104997428145,22,52448.717995096325
39655.36332540813,19189.79056720495,19,44846.44088709586
42612.4754438328,12739.919750723444,32,34995.91336959079
26372.562851924926,20524.206571201194,16,43805.57758853872
54296.432817230416,15488.683305706454,27,48257.91108163521
54082.289498410915,19165.66090125508,18,45834.538277288375
44540.214351812705,20047.32950572168,25,35028.55136071624
36297.358163898585,15384.360872310715,28,32767.542587218602
53335.85081730582,15311.034782247578,23,46927.94649597845
47462.6545296028,17767.62551867859,22,38270.68140246144
55842.14178978331,16646.413220645554,22,47821.28116359201
73425.51328253027,20615.638143125085,26,56100.135290521655
60038.56380493044,19300.722095506677,20,56987.54296610685
53637.83894306254,24625.442331691178,21,57811.543221306994
52970.11605855908,20414.37132110349,13,39718.15464307221
34430.809115721466,21641.901297422617,29,48337.365349702784
49222.76075683456,19509.311049726817,20,47870.26961684455
54669.16721415885,12228.660740891417,17,37256.92782704049
63835.11694084658,19435.989628619922,22,48071.17618846068
60058.30659818783,9986.14978677655,16,37937.75531404895
46122.05829358667,17650.59748992457,26,44176.4315828536
70612.39402597467,22850.53625991912,24,63818.74466344204
20761.4277360816,14277.604325624134,22,31330.407921105463
58527.783896214045,9288.48013583589,15,35438.12551340737
35673.260283611446,16230.262523339345,18,36888.5284641957
72977.69651895355,20777.15068995264,14,53992.6323452781
64862.322103778424,17725.703922056953,25,53374.314225263835
27942.149400409115,13477.929773164284,15,33390.921949150594
34938.2583182299,17460.47125590172,10,37357.22197448119
24011.36748976774,22508.57355491151,15,41339.34584900864
61371.53457962512,18312.80025335607,14,51854.19382378818
56786.64855535709,24002.25621632468,23,52018.924940178775
63614.59244356383,17225.371774627933,12,46342.61863866894
10015.810784529735,12462.793923633844,14,19855.216308835457
37697.849334782004,28348.633927522067,25,61294.72185342609
61019.87510856592,21916.39232991471,18,49870.43479913576
69141.66718047045,26690.085155848825,15,64554.900849251986
44776.38398920737,19514.910834785656,13,39130.105853632485
54311.70010272013,18610.26969523295,20,48195.02620992985
61738.02067562236,27078.552412978497,12,60640.97425811746
73183.53831676504,27705.486443736845,21,64626.958312315815
26667.21626880423,13361.342123070677,23,31851.194458941478
46814.342809675894,16907.046686375677,22,38856.89265440327
27166.009146568944,15489.209367072786,20,33590.07468391801
56897.18730922248,23218.917582365902,18,53624.6911396677
28286.72572467074,16182.066645400391,21,41602.54498354982
49993.6152527666,22527.980716656057,23,52105.43010419128
51749.13894269163,24081.500968571312,14,68340.21423071128
37855.75667015968,29345.22784717987,21,53540.76809211789
65025.709669582655,14503.875222431041,16,46302.83899515457
53519.16732860922,25841.699980706057,21,51149.45342447823
50703.57763454337,18841.83859487642,14,42278.917791410466
39606.71796934958,29593.041302581165,26,64931.610500864845
47040.69545033485,25251.69615272712,21,59569.97831770556
36372.970591928184,24758.302807257445,19,51442.287008518295
45299.804966866766,16268.988754277023,25,38416.02365613761
50176.96448367968,19022.215944792108,24,52421.98076160455
88894.13150080439,22044.504682020066,24,70393.18793770256
48853.61853106954,17190.45844912054,26,40944.76524037215
39340.46858161166,23400.22348021262,19,50528.86274120317
30706.284625508662,29011.910399624212,20,59707.63703355193
59590.031033148785,16873.976470439804,24,47784.135359983986
34312.9405788891,16438.793576441574,29,38534.38595037024
55708.341790980485,17079.188759408287,25,47039.99772212953
70746.840756892,27417.242002492225,18,62079.73388347036
61385.836425429676,19018.99276684406,20,39025.056005611084
35962.0992607055,28114.767563602658,20,52696.09922913721
53566.79189322929,23866.05996203572,20,59619.15191094138
69372.48358855353,22224.177638825833,25,53045.53002512054
55065.62456355883,29460.587262865905,17,65636.71145737183
46924.032859364255,16262.275435249983,14,43506.173227049745
63414.17330592677,11196.715260648201,22,52023.478304843855
57560.938344289454,16485.402345368522,16,44601.66551110861
52026.52416936564,19003.229232756607,15,52778.24246201658
60185.12061030569,21371.934904596463,25,56422.44414310179
54357.782110018234,23853.685090817504,25,48038.35294519059
43097.204044040285,21954.727250580545,18,45109.80253081258
52944.72706993955,22529.181662716263,18,53911.87717623993
46120.524156802174,19733.625754435117,16,55478.46483038112
67282.78780789411,23153.816793500213,22,62514.55463873939
45919.903014039,21565.885588134184,17,48302.155241751236
45966.97535329814,26471.70044540611,20,59139.09445929511
62326.69514633973,22778.099713430187,25,54427.82794701045
46502.552110295546,23831.439506385424,20,53357.731362839855
51434.62553490507,33206.63180521609,11,61833.438865338096
44880.348176412415,18527.12000104201,15,44785.97605146986
38270.59697573271,25026.213085900425,31,59658.26905015314
45531.99899152272,20527.633872486305,25,56812.16253592522
40793.48069828025,18759.224881181206,22,57964.980847834384
91172.78369717169,19376.876955442596,27,72893.67454559471
45851.508063151705,23988.772197648592,16,47635.83582835384
42857.432714921844,19314.347298065968,18,55737.3772518068
63003.70440660381,11512.162637056355,19,44568.33274922242
62216.212190771825,17684.275350303487,13,52816.74918152823
36402.97505276707,27120.26859038506,20,61855.089895581616
53444.794365407986,23551.804227856024,22,51158.33807222615
46034.86999741914,8775.346862813789,22,36319.08337323881
54277.64120279393,16515.5038236224,22,36645.7507349612
46018.657997300805,14590.352134962277,22,36777.237930744675
19057.660413535967,10684.871598681919,26,21757.20536819261
58244.19902877048,19688.10939175371,24,59714.97689235469
56762.77763118971,26128.374253784492,27,66681.19825087453
31494.41202089821,15218.808431658705,19,34791.26956803123
64932.16053891437,17206.03998587443,18,49263.936855473636
64938.883145035084,18471.23179685654,20,55807.96222342238
68009.09470943752,11083.237201868687,24,45445.52647173631
26769.74766478899,30782.788959108482,27,64409.92895271614
62664.68030222008,24243.729936777127,23,50916.02986733741
37323.39807293118,20885.59061486622,16,42673.75086712523
31663.87817489138,16645.937643420206,18,34214.06123169459
42289.655024669824,13587.604759875085,16,29792.482424217917
46573.67309038863,16094.81374303196,19,39199.212352313894
42304.6471954721,25525.16030531204,18,56719.874508435154
67791.67490286632,16718.683037730305,25,42512.24285875391
34464.659342431776,19642.993209745946,13,35492.23506867259
64586.68802698464,20273.256941767948,24,59769.77372685653
43553.34968503644,36508.72510695173,22,71996.5466235975
51413.338044681776,17019.206715411405,29,42947.63295490161
45832.800734802506,14348.861284978866,27,43846.860096131226
37881.352918597346,10820.188074158752,27,30744.318824547594
37536.21253619059,16696.256596748022,15,42163.35847925317
30337.804195659304,31692.859908199825,25,59759.50360093818
29000.29707075118,22866.06955093514,23,48389.20838862071
47406.26748836005,27413.43562556524,24,64191.838974484745
70596.68249366191,22298.045311643615,26,60479.071026830636
33227.89154122023,18300.661628918468,30,44013.487902623325
52636.07359317443,23508.313045980667,20,61651.082906530224
47770.84550105965,15330.51526179418,20,35063.32754184629
69381.29703240117,23265.64683354875,23,53701.96695744843
57133.804095644664,25068.203435843483,20,68415.79141807329
40250.34375606259,24982.520748700514,14,51456.77601391411
32153.686109850576,18969.155621790975,16,49376.84366970084
21089.30821077041,26047.553817472413,19,44614.307273043756
38567.92073112416,14430.10448453113,18,32023.697096815704
82425.32175399642,23656.60642491376,19,66182.1501131071
41188.02549460813,21391.979154343877,23,45316.35832776675
21700.490804134544,16507.19418625691,23,34523.981457287104
25270.280203016573,14498.858753941797,19,31288.433420703303
73754.65371344867,19613.300652055044,14,43974.146739500684
43302.14520572727,20350.925808645155,30,47995.014603741954
56045.963937331355,16862.582890186444,22,45239.154502004305
54679.48159427212,13503.93001871165,19,41356.539481301006
40552.79514245075,24210.794101736134,19,46872.27493358138
42910.69899106564,24836.0482344481,24,54895.19529453
35921.28953620375,30491.756179352018,21,63504.860133700975
22591.520932922864,16653.570328520407,22,32644.84456240428
65365.452550274866,20325.293198347557,17,54107.837197113244
62025.67639955737,24798.75822011059,18,64110.48040076898
49713.30208893204,25264.82353993532,20,53027.17588501741
51139.83094064814,21875.621864028355,12,47377.50439223147
64800.40293817265,23605.554733027937,11,65149.05745942726
15714.194522156795,16667.724518873812,12,38452.148637005885
57768.28887668808,20569.36063104239,19,55533.3674077407
65462.60201773863,15634.607758320084,22,53771.90844153246
78360.90196118975,23364.40433438338,18,67007.6770612947
63912.095053959805,25404.439817818587,21,66486.1620490784
73929.82826457685,37353.188819285075,18,82202.83451498963
46716.13860269857,27393.12489562813,30,60268.418268439185
50257.28476037637,11422.550950565334,13,34824.40735656636
37891.153729821635,14856.212131503595,9,29253.68308386238
40873.44327236097,27445.563001847895,17,60946.80709327932
64168.44872161145,22807.936955414716,13,50411.7537455434
56517.40576132908,20540.376168829767,20,54443.24613150307
57913.46022446691,19732.933507723516,20,49684.627775598645
26975.406050793114,15190.388930887644,11,32885.63937461546
57493.90229350172,10152.698672564718,20,33340.10843859364
70555.19616989329,15361.264102039215,21,41839.18032593079
56729.88501256453,18939.43888129623,14,46684.9560065131
35633.64383007081,21082.683902190638,19,45006.428603478875
49471.960858579965,18591.643011721684,20,45422.37943205755
71345.3234769922,13573.409325892375,23,48528.3401509229
54706.0560290084,17314.601715483426,23,50442.31351729461
69067.31541920356,20626.677293608474,21,54300.74954127098
78806.6155511576,21225.270770475356,15,60913.70981188804
47279.90154513327,17942.253889323732,21,45804.75250186219
34110.45663637323,18165.51230841752,26,41495.43749501066
42609.93089770469,24008.151050788674,22,44043.02035220709
79028.7137175411,21221.84726273349,19,65405.208938274096
62648.92771738491,18092.737285980067,22,58598.26250651907
53772.954508282695,21735.838249418168,18,57210.53530801377
66281.26070065537,9944.495814509708,18,37138.28185351243
43369.348041896,18518.215405670733,15,36711.15478309897
45256.90086294985,19216.446529705212,18,44273.51332420911
39552.10495474837,19882.06260458379,24,48983.195311420845
82728.64413697459,15632.351578826572,34,53174.577125565585
52932.827317508396,23227.20338955477,13,56680.52570764279
48554.06715409193,13713.0936577635,24,41119.188992806754
53395.19464869048,11516.449725870152,15,41734.16346136828
48734.727566890666,19081.324077342862,20,43430.922984126344
37254.83957638597,17036.991557663536,21,46989.64426367491
66281.5050778517,13406.697146203252,20,41815.97840925114
24837.307968957964,22098.890219433302,18,41754.05918721777
53243.18992091314,19795.676205808664,20,49524.79591887965
59564.60772844096,24749.000229505797,21,64360.711333185835
27193.169507164952,21595.639977338014,16,46653.84768517551
57007.28585714126,19386.750948306228,22,44231.342778184895
43332.02745956957,14251.896263445358,17,33697.21353189582
25462.372314907767,14158.846894049751,26,48309.41140281547
52832.35451636903,18261.1351637105,28,53439.4739657873
63943.468514069085,17702.973136063272,16,50152.41476738519
96648.55729535237,23911.63854512275,16,64587.17975573628
44131.88040125381,23922.856261108875,20,56250.961975635335
57454.452111765946,12110.331844164823,23,34871.28080644816
63986.751249477355,14060.09638430837,15,47058.60990816672
52099.9255204849,11504.603173338752,22,41133.744718929185
60980.55975459505,16519.084084491784,16,50257.27078103389
43600.44681645859,25609.540493647295,19,66628.1658377141
47323.380503793036,21796.51846625598,25,53866.24071414587
31172.59032464443,20854.796500681732,26,42929.38575021746
44393.88136630651,19453.869332541806,14,37259.46873329894
25279.68917216199,16541.280160194838,27,46419.17539072852
26680.059595826566,24305.310608075277,23,47507.89135494403
63244.94042589769,22693.43234640138,19,56732.419686752146
30609.122224103492,24821.01953784547,19,41406.293837083525
64047.304376761575,15272.474450035801,18,43807.713008215665
47623.43244045956,18498.621141881606,25,44485.0149940568
47657.02207716783,13596.518116223342,17,47113.37183508125
38887.065126158624,15767.705766397361,18,38743.719185071044
49542.13444475766,16209.292430433712,20,43486.68239769514
73120.65406547517,22482.591950286398,23,58186.90367345679
39145.94340338793,22064.29540448617,18,53901.77198685604
44797.694630230704,25892.580567049285,22,46500.75038852965
61817.46452753752,8830.827625914304,19,33858.35061726405
32652.44136386566,18607.022253046776,23,42832.231747756516
31254.609046366397,35558.16699499107,15,69053.41787887484
49275.88442084056,22903.879752304187,25,54426.696720544685
67989.331193127,18952.789424464052,16,56132.204859437894
48689.6463237791,23927.423332738894,25,54728.36421879768
45874.26451229193,15770.530666916633,14,40626.60356898603
49489.9958830323,14608.27547609552,26,43570.985035459234
48650.010705499386,19717.612693304283,23,56523.379330642005
40290.0065060019,21459.005120157763,17,48163.92273605453
63959.169409301336,23581.086523493243,18,60834.18262266839
53367.434225494384,23781.509343652844,27,63342.23217576018
42327.356302013584,15807.455348670981,19,44096.03134710513
50956.77144252422,21670.75366617585,19,49402.749887840975
45115.27004398491,24996.66235079545,24,51479.484508241105
28687.39136314982,24166.837534511134,17,49667.70167781068
82518.29393810657,23332.697927438316,26,73382.54671193221
51978.96306541427,22657.110209707796,27,61881.11297599444
35037.054138826075,22230.385643758786,17,38640.505918521914
32808.82412838971,19869.368932500445,26,53095.5224648368
27712.83032318259,28842.40427896731,17,58055.71453807442
38968.13419243872,24217.080400817795,19,45301.27080944752
32211.071206735873,18510.90136114976,17,34867.65962912534
46732.004685073945,11559.357273395735,15,32554.902326670373
74612.82484290597,30842.041827534096,19,68790.05449560031
39472.29020383511,15984.02944843873,21,50190.8012450379
98971.50162026103,12811.410092637048,11,56840.262588997226
59827.268858271906,24911.269385796477,26,62027.682437359545
82932.5873404018,20002.243077918276,24,65984.67106936956
30572.066589136255,22781.011313018695,29,61246.05415066046
39492.41124981801,13730.460115515587,17,35234.003963398754
40288.536339253435,24119.348409647413,18,46127.80264048691
48855.179089756246,27464.05014446075,28,68681.25175735596
60202.94513399839,19885.963209701145,10,54361.333321535516
27151.14859819447,17053.172465526688,25,39936.52935933642
63046.05380488637,15675.616013449686,17,43088.350669031526
39490.964824162875,23881.05195054104,17,53928.17680385209
77350.77089140932,25666.651024312916,22,60704.721394544555
55295.371596991165,18160.66430449184,24,51910.10298541498
68804.47016779207,17340.08468820088,20,42693.476131851836
43159.9440803125,20218.39859053614,13,40650.72778739446
58237.81758087964,18700.027084226196,19,53595.07251483684
42937.85764828753,13037.309695779739,24,26886.337868677663
59137.4531426312,10642.069910601967,21,40848.42340201042
53582.00297325397,18577.66596114079,21,50404.2086225682
72991.00045900894,16178.477471783064,23,44792.23990961182
64100.56735650994,23244.73498407526,23,61095.30649070614
57131.74649364811,15308.586380448734,16,41749.762305483644
52852.55606624018,7415.936195191714,21,28517.521171768363
51152.794532963584,18478.087789188197,13,44124.43860913471
27666.404170312726,23408.277008308018,20,41105.723597073615
33046.55673853704,28966.582624041155,21,61764.625535591265
36446.43031670456,30008.53236663912,17,57171.66956711293
74878.7042393026,17339.13947048408,21,44869.38882715019
42012.452591059686,15200.078426406126,22,40862.47796620864
43262.811186398016,20034.34926628121,17,52222.943586347676
59150.467361735355,22089.96970901748,21,43301.63508829344
36233.845511413776,17001.359814964562,17,42289.46669186195
71184.56721265275,17357.541416495525,22,55853.15754498108
11633.512326734017,25853.8409779925,17,41741.738433617254
68521.88680542106,14411.367872063642,17,41920.84389536029
77841.55784612805,19955.278879220936,19,62548.698019932024
55139.95215405081,25101.175056834392,26,57082.527359829524
39570.93203165351,25245.1866114809,25,59612.63462738323
64246.31775571786,25027.922740843547,18,54631.94703727667
38829.98016014981,31131.340626948815,22,57269.91520905041
81672.72450896393,22568.17633261265,25,69270.33452454297
58510.89106995621,19324.61249695229,24,49557.92089674504
36254.027706586494,14862.093728759713,19,40476.30347854393
62436.731521199676,16901.23105173439,17,40411.36926601654
34501.507559401725,9126.511902976988,18,30556.529548804483
38141.823095520944,21271.968592665457,14,43718.731095364565
61596.87987123135,21616.338409943557,26,54576.69165914905
39467.59629461507,18458.804508857946,23,36436.717134654726
51855.314972300104,15030.637784227962,16,45708.18932012797
58675.92281487128,20101.437755737115,7,44725.16218391751
39904.94558975406,19055.41984016869,17,40000.2788276574
41828.11587166021,16566.226202448095,18,42682.80271557378
75764.02637253582,20088.37123079141,17,58620.6503100854
60220.85876549913,24506.800541761746,19,65621.8173449639
49843.82916547394,17962.528023182167,19,48077.40675795156
48718.633061883345,17098.085278059494,22,42837.9919286119
32102.0162752995,18056.67172994594,12,29340.20152649118
57166.74197580035,18067.968357793205,32,42779.1218129374
51681.09575004131,22278.814193544717,13,50548.06178259755
63753.09412310456,22039.924879647424,15,55515.51330091447
18538.67367414858,22175.391157937916,10,43197.918850634174
46990.46074704306,19625.82578184085,29,58939.987540365764
48688.645360370385,20885.296197123178,18,48137.72013421248
55078.49003104121,11523.387634608718,27,29042.39052856859
53488.52477257183,15061.46706724502,18,41774.32555763128
57893.90041325845,19838.331788063253,21,47701.55176342527
47066.27331092545,20471.35772981937,21,59430.645268639615
31286.101089662785,24524.409985611004,25,54548.14404902827
28112.089823635102,17624.402235929545,13,32573.759454089985
49072.57728357695,10666.711112893468,22,28221.659296329097
94975.46871860395,22523.885961593343,23,62085.216120312965
58744.10556293451,10653.393060484825,28,39745.735376800025
88095.01968961368,17979.96611850501,14,54736.02697789955
60423.41473258757,11508.559405074471,18,38822.1181625646
34198.04402674835,29590.058404454558,21,53379.19999888554
48078.018291394794,13907.355589879697,20,36019.73959879348
88016.6429358139,20183.630597693784,19,53704.406254515
61625.969286291955,19096.578219859955,23,54085.41948520979
61179.563857055924,11521.311621535217,22,41788.732359029105
39614.8147561515,27329.589599702806,18,55667.87226620303
50085.45816869261,23271.661534664898,28,61469.30573125553
33948.450191128424,17559.156114373793,15,42761.140498922105
43473.40582323906,13464.587169018374,17,31756.84725670834
52386.06381476619,14611.986431588553,22,42477.04694924698
40754.77666678141,11185.673313193856,18,25448.621226902524
64353.33641532201,18537.641553686815,19,49505.42799961641
41331.17545078806,21209.877264376373,19,51546.28119790307
54817.953679699945,26161.582773172282,21,57439.216233509076
64818.31333984167,24089.030387021412,29,60263.659926270004
81158.12485775046,24238.95315015163,24,67098.49730065343
55487.915076382946,22014.88231771988,16,55229.09815468592
34602.52786866242,21572.84564600851,19,46254.3210542159
49769.84362635711,19004.79545208785,8,51146.40240701346
79402.28574906997,23586.64041054898,21,65625.53267793878
64251.12620941317,16898.020115937838,23,44582.99633530593
52890.42558229198,19611.977776699336,21,64536.94705435707
58611.93355627988,20751.274950837207,12,46465.62513149155
54194.07726566788,23669.995624105923,21,61740.74421973601
30861.267266753784,17397.78347167666,18,40384.59236598365
53081.0591156242,28633.337665334897,32,76344.73892637157
39560.03242754902,32952.160540529556,17,61342.65678697862
41814.57838809643,12154.845383620033,21,37072.180156492985
45747.327389028,22418.079516928028,27,58325.01705245426
18810.60089040489,26322.07743239615,19,55968.67424737396
47485.05645176665,17205.499010351596,21,43042.65393834902
24807.62384961284,23069.660071785678,14,48779.96536972584
62557.63979372744,16959.048797300024,17,45094.245125582514
19224.45305001533,16948.938696976635,16,33045.0839777814
23978.202768331757,19381.474942114764,22,36740.9277223527
21775.46147142791,14900.825487216618,23,27452.253693832554
54681.79358047381,18858.287000463468,22,46025.874671284575
49909.998134976886,14942.452388547408,18,41825.966200929055
75599.89849052869,20002.101036038515,23,60688.41714927023
56481.81798635047,20311.689068566273,22,47445.50932911345
23594.579713345305,21064.37639400461,21,46484.24965303037
37376.65372663835,22238.563139302772,17,56759.271762753226
52892.83655502766,21319.740214617632,17,56472.630074728826
54972.3061375775,24143.956981580654,24,62331.423288522514
23153.117986694044,17022.27381748954,12,35667.00376065234
63529.37395525012,24682.4459433269,20,52808.89557997139
37005.702756278144,22055.372153735763,13,51536.90527829077
37309.09170657188,19427.986418453555,17,49840.273706493426
66102.00547336173,17296.999921671377,21,37449.428554812475
50160.27396121609,12008.491678396742,31,33796.25793334475
55097.025461167,14226.17677672107,17,37968.05530090685
57927.866404381275,28111.43193962773,20,56447.99009051958
26640.86771472766,14242.015150890784,17,27501.70678907308
53744.22207838243,16525.127579571836,18,52762.786205208395
78872.48155619332,18698.360802097595,24,59703.896696102216
46864.3420417535,20014.737639482817,24,49405.41165287376
55630.30174114546,17956.318007347494,14,46602.62767261484
88119.3980857645,23116.20287105384,20,73972.29235722164
73162.25325181926,21139.554385881514,28,57305.19243196161
43415.10293992715,22710.1249263001,22,46671.432940065846
57364.1669690124,26826.202224443812,17,66431.30862470309
61306.18907393064,21084.345606978066,16,48216.7423803988
82365.11464711445,18813.381058617622,15,44923.34269254732
36307.221468633565,8960.46630795067,22,28939.173481252874
96024.53271381973,31407.19198258292,19,73167.06108024177
54339.033364512674,28501.488320047396,19,66680.44728126057
45307.371708219056,26331.871269122184,14,56760.35462239186
59324.38757712791,20944.693117350034,18,53073.155909538735
44556.12376788431,19418.350684094385,17,45412.45958898952
44977.776646900675,19886.532297622973,21,47171.67414000765
41465.08321394589,21774.542804194516,16,47301.73064527187
41818.185454384766,24108.93982095173,16,54947.72541501938
24691.64693918081,16207.869604885722,23,30291.314709642196
25511.87544913142,18139.841333120006,23,46062.865747287564
37951.71144720392,18495.900174644656,17,42327.847068714145
54027.618705007466,22686.964163023524,22,61095.25009630907
39133.993773256545,24935.758781055076,16,57092.43639858154
81741.15321207834,26425.23951031719,20,65360.99429046239
59572.8609991019,21273.52931539165,20,58188.60218053921
39941.13972488859,29070.667821659903,25,55894.33048251661
77094.71935842381,20474.733680876376,14,53683.60366672024
46762.3966496691,28798.923612264938,9,49368.94170280929
46641.79320835265,24987.02934891182,17,62292.66352051208
59634.418047785664,18297.13566081465,21,55617.63278497721
48892.207030131845,31590.81323911031,19,60077.11187813564
51470.993569213126,12968.586550879121,17,37766.813404315144
60083.50309525846,27607.13679261865,24,66625.43247597797
32883.687110822226,19033.718652227177,17,43384.861602292025
48397.05184334993,10986.930839238905,24,31296.144966003485
35914.176128952924,32261.964846101757,21,66741.06232017743
55240.71242869719,21848.9537502562,27,62498.193555176935
28834.31905610956,18911.970120259724,18,48498.459844351295
73621.79442619282,18980.90578622134,18,55791.78618767152
41122.60066825214,25402.487709676316,17,55246.88966388974
44996.34189771782,20541.633021584155,26,41572.92598998218
48277.73083134213,30662.867387521903,26,60557.00379520448
35511.584941431865,17836.847941485903,17,38552.17015377434
53485.60360644094,14349.76461048222,13,48075.3670632543
66640.83530016412,21816.61233050257,24,57817.72809288962
45050.31786157542,22157.28837147236,16,43010.998807586904
43634.577031314824,15152.044230697746,26,35956.32333745334
59656.913447064486,13381.158499985475,15,47157.73590283266
58740.384981125695,15862.109561921196,15,43309.71264628373
51865.536101987986,18178.626253993698,20,40655.35142137512
68257.85995313646,16403.45530238412,23,48016.85165007103
56197.54002440954,26782.884209334843,20,58663.36476500669
76609.85880565275,18742.134818589082,18,51308.48965460007
45457.95314699573,27194.53399862022,19,66106.1318940621
32860.809981814324,9084.75699719743,20,37602.13955016174
70866.69397944104,22407.667815152756,19,53879.0154726818
23544.93325582658,21192.071963957715,13,36624.86274418095
37333.79799721545,26213.016236817486,23,44585.355701702974
35235.36159128678,19750.028881518047,23,45568.40946867201
50916.3310246814,15329.057667741665,21,50636.732798685516
48842.34953287731,21293.766473181884,28,54530.717126625656
68193.98022334819,21147.250490888433,19,60886.94829691267
50998.030559173494,16823.66107981299,16,48091.57503878377
41390.049098321426,19173.834382719142,29,46587.839884547226
45785.04000870431,18023.345738242013,24,48264.10830249351
35922.04857299994,28527.872063740877,14,55875.352626212836
59908.49981829457,19661.85631616763,18,49326.039095294225
72315.42456526571,19743.30542368073,19,58646.13266861285
53133.32944688701,18944.50394879894,20,53069.90453036638
49732.66795456165,18402.951163903366,21,46268.51559615196
56987.03167758412,21299.926069556415,22,53347.09923780076
43176.920212593956,16348.189374588766,21,43607.82799668018
47883.476343585025,19463.173495980638,13,48304.53734323339
47515.05789018921,12462.98648936648,24,34815.50662884155
60566.97265114935,21167.513318850204,19,47096.974354141275
44206.4871238193,21295.027292243027,14,42105.7009429554
18238.68555169313,14454.336322575786,20,29564.467107521905
32995.66883397215,23144.282303723256,31,53873.0084377634
84609.94448041273,18321.38962459729,15,55742.82390570946
47548.018926555604,27211.704749090084,28,56988.79773105059
57510.92325474226,18983.07181438489,17,48981.32938072996
48757.64310474822,26706.556661525843,23,52723.8379312302
48881.730511039474,23204.34307689385,28,52124.21614529076
33241.9201435306,14235.946793654435,23,42359.46399354306
75555.30672820508,17392.226146427496,20,59753.48047255224
38785.377891641896,28312.747784063846,28,70695.01743809882
38429.14220010045,24366.62929558354,27,55544.28961392577
55739.18610486272,15102.261291748957,19,42741.83797521278
67476.45673889072,22593.9197747208,21,57165.68940578919
45892.56519747659,16820.40852706579,19,42400.29298452735
21903.797285179302,18525.73051656903,15,33137.31497792294
22379.640222939342,27170.20682375124,18,50923.5366844416
73185.67504570696,22490.145185338093,22,60788.12808149404
51098.4906902156,14125.364360461244,27,37708.34890246972
69931.102733013,20487.501782197323,23,55317.41608245559
53528.25723667432,25839.55772724918,19,57371.917607781994
37218.91432054435,21972.165965718792,27,46115.67432616506
55848.30935115154,19839.78159290027,18,53557.82008179675
54019.29169549397,17407.02396774491,21,38807.29627877918
57491.24259141901,20208.34478856069,28,46263.12752302407
51239.57037398152,5139.240898198852,20,16924.333031378006
42807.94552449105,20556.64564965978,17,39454.98415352141
67189.83418834259,14923.651349912894,12,58028.72419042503
49048.8004000043,14221.886043536291,19,49179.62991561591
53537.23219487283,21632.016611415445,20,49850.12211293616
35312.22006619071,21070.804872775163,23,44707.788227275094
33784.956386443766,19166.575568507807,18,39851.82835450279
37906.66040283087,19537.26109023091,17,41280.36774110587
33731.80343637818,16889.54747632203,15,45238.75546847307
17626.394666917316,11062.659048231077,19,28084.603639762656
40609.36637319494,19540.267191003135,12,39738.65669855057
72851.3452954287,22970.754347677317,19,60324.4297815261
43676.94537758368,14553.995931849771,22,50640.7438180329
31080.57308764307,17460.45975968171,20,40504.98750460841
60643.14876652288,19338.158014976656,28,61153.89860524772
48232.672595866774,19121.758285477383,11,47974.76371400117
44378.46262544947,19963.632788815015,11,50003.04534990397
31980.00548200431,20330.723245471512,24,39535.38727907105
50107.8884988311,15049.914718081423,17,47173.220008091164
50517.32396767483,22345.49885182792,19,47640.25859249627
54587.24263503717,17681.033225524512,15,53432.35510681788
51108.603082366404,23474.977072863687,21,54436.89034548741
47866.25315875865,20683.519738078725,18,39731.4175736096
50026.15795720776,21831.110033742014,18,51463.56730066562
48349.2586873366,24844.82683205251,23,63287.57851456893
27870.045721320574,22245.481625193104,16,42482.206057059666
79380.28575814274,23787.436056290375,21,73647.9015074437
59019.00538827996,27681.330156316315,16,63397.32425472111
52165.51467473909,13870.720677101519,17,52045.914241947845
46533.648790537525,16865.369699028193,26,43130.83373302959
47459.66964564215,17362.531371104647,18,45163.89796512318
54369.89174223465,26532.779345016734,23,60742.07608179418
71045.59538493148,19833.05924362302,29,58072.295729373196
39680.49156922121,16405.286890910156,24,40408.848007534216
54075.941618038916,15083.312140921733,20,40642.80343300422
25728.446986074687,23663.1096842541,25,48048.43304980362
62191.096686031655,21657.789616375954,20,54219.12082720474
55141.210701057826,12680.307889025771,15,35177.0158161185
48457.383136104545,16981.946547123396,26,45313.264635935644
17553.194547904255,10062.891254375232,19,29804.18968676077
41406.20833898129,24138.553696290062,17,52857.69405833768
35911.4625645542,20128.205033948383,18,48213.91293316605
36288.05238851828,19134.08493650379,20,42502.7819965509
22153.796686149308,12840.838418133724,10,34648.7210801347
44513.00788672806,16817.13361060833,23,42400.88301201177
77319.03222262903,23087.37246692417,23,61265.032476908425
60636.28788216789,18497.42067255748,19,51235.28704497151
50793.8775767091,17358.48441757656,25,44467.207885294876
58250.24993423801,28328.905433692576,20,69726.41081320973
82882.5526971812,11940.247704811123,21,42692.686271358216
34987.87273650372,16780.887838579783,21,46461.45454219164
38289.95713323014,15807.970604521115,21,37983.442427277536
42694.13318410018,22764.97221627995,28,54058.13421986412
28764.026094107394,21345.82199008546,22,35152.90477669632
54823.174539379244,19579.124415716055,22,47927.90497896072
45395.15437600542,14418.642085029045,17,43737.682416466116
59361.88233278618,21273.87410408411,24,61343.08907998364
62485.25916972711,10682.535893309734,17,44759.874029458384
69793.09186178434,18230.8923501532,16,57889.684202806355
60845.87230713463,17057.148400328995,24,44745.796196614436
44350.13797187928,24351.41034015654,22,66437.06089607123
42352.8504346429,22846.272800759234,17,54080.03939078838
35154.385804189296,22755.793570015452,22,45168.02498341751
50698.180936328536,20754.24224727882,19,49096.6501925009
55371.736842565566,26269.647318070813,19,54693.27835282862
27641.413650917002,23887.506779697644,20,54596.67740165966
67358.28521311044,14729.352292824886,15,49280.273689109
50393.63299200449,17723.78444177163,23,47361.928905363144
44329.285118054846,23106.180173584933,20,54029.75580490606
34771.481089639965,21170.152082917917,15,50555.5127706777
71079.18866256732,19816.93150103817,23,56114.407123352794
57629.25852179859,21766.081089428804,21,46373.52325209651
62938.33764549074,10450.077010329413,9,42727.86949959001
48373.78199666141,22008.620354273193,18,42368.575950605366
74250.73418142958,25670.73898793855,27,70793.74231746669
62353.27217616539,23688.573521513757,23,63554.66009723069
69843.00140731581,33298.13888679974,24,74912.97100036836
67456.4765723184,22301.852941318688,18,54548.562817624384
40655.510624358336,19260.65954916947,23,39639.75508446229
53092.5668152575,27682.20784029936,31,61524.779779054326
70012.4570493743,15580.096868729912,18,38962.42303043751
57333.38480037122,17656.161129867996,14,45940.465916746165
35181.69888856108,19580.411799023914,29,50199.08954918687
51333.87116781464,15881.457823703815,24,34617.10545297492
62248.111311284054,23365.256659927127,16,55738.81620891537
28124.222799545318,24353.210744481763,17,54104.28224894621
35462.652051983976,17579.634454274008,21,48337.91743093264
28683.49770834028,21624.371491548056,21,46210.28904918349
57125.89939584877,21505.434081339037,23,44225.73243469576
73391.01856810975,21796.52793028135,22,53079.33167831091
19567.616245822053,18711.010010502767,31,34024.44999481249
53123.22511653768,16353.06526940638,18,48493.01872714299
40456.319422665925,27013.716303029294,10,58852.23305231572
75624.95792346759,16277.758881130361,14,46859.46975562652
53267.67441709263,18303.299431346604,11,48262.88810326641
62826.870544526864,24921.62969206685,24,54726.95696890433
70887.49998583963,19835.189328887955,28,54793.60550364413
52639.93198955942,31317.655641810816,24,66779.52211454358
22965.909088785374,15189.42564511858,19,33659.5822938821
48216.74817596998,16026.629443735785,28,37752.834237919385
53155.858898016435,18809.267857185747,20,50246.650072697834
32392.555795861877,24303.508497659917,21,41501.96311372833
21680.18795476149,20378.96613064234,24,35564.97497821374
29263.651593436618,22744.238896286297,22,43400.18101956232
69964.20728067814,28070.196517884215,20,71750.28156307958
32481.048549237064,9277.39054866617,25,30944.90263078601
92098.20335201455,11567.083674925578,19,43624.14413298516
71475.42149110355,16841.62154975803,22,52238.95608524794
63737.82561431669,19185.15095575114,21,57159.25634412478
26806.640314475313,13400.512433920525,14,40851.65877500118
71094.62180797524,26578.084651691475,20,68060.40279232996
42447.334220391785,20629.473938583622,13,49183.50617521732
22526.509123831493,26413.721243509055,28,46576.88474420518
53853.3225464849,19481.673669472897,14,49550.86518054305
56795.40926324284,19474.90082193247,18,50362.58831809511
38027.063159594836,14844.733100432555,19,35160.31955059689
40984.193463297284,19863.934578552744,20,38736.59617581343
47325.39476469689,25807.117745287145,25,53194.176268811134
46932.4999268347,22856.070729051873,17,48001.794476349634
61228.139408759176,23216.663838547982,30,64293.86152659951
45876.97267617426,17658.038963295723,20,42035.283446294954
74681.40240684863,15328.002651001723,18,45981.59357336329
54737.15633794033,16954.41904413126,17,36989.55594915799
25102.051050779963,22358.30495062496,18,45924.377174804635
67317.7077859905,14651.598214151189,16,50020.996386929175
37386.02901423351,18861.274115438253,24,34958.13073249076
67123.14449552205,16092.505421372376,23,46640.452815905424
55124.04989247693,15182.667001503953,22,44709.77470188212
37741.10043334923,24360.021491593878,34,62761.90035516591
43732.62898554445,20320.358188532853,16,43457.36626032717
56844.54087483193,25257.533617688667,21,64893.0229351658
54073.23250109276,18280.73358624496,16,42996.0620956292
64316.52649478435,25064.51191994307,23,67531.95861574801
56491.44529124643,23524.5736474643,17,51964.23783393906
49998.09057693421,16095.684477480314,21,43370.64843039048
51550.97401625745,25173.467445504113,18,59867.1581043788
47171.09593196251,16177.658567128103,16,29891.492654472502
57911.894725543905,26772.8060107235,15,47513.38203924325
56293.094772794226,27443.642591213225,22,66793.3245787079
53850.60853691313,21467.35695930726,18,57452.67842332706
84533.63228955792,19499.814770416513,19,65204.34552001039
55700.27590977035,14846.856708641035,23,47339.109688231765
68457.43355097275,30891.582255159374,24,74171.07708002193
40236.84842963189,12992.370552062337,15,33505.728883848096
50156.556347432415,13149.725009996486,20,37942.541460758766
17891.895581998346,16290.612376507905,15,34057.85685877197
51339.02801989612,22190.36471782815,20,42798.51628529814
40807.68818316361,7941.517792760604,19,28716.302941126236
39396.7487177128,15646.11119393807,22,40518.842766912814
53220.76118512606,19315.192272107925,19,49342.40633923254
43959.80922744186,28780.94835933049,30,52512.08684039815
26847.7077085789,18279.873299253348,11,39593.19499844783
46939.63746028361,18784.310498686347,28,43146.45621329424
103199.65052362478,26434.11681849497,28,78127.44276170174
56327.34063516334,18884.243586968,22,57735.18858318709
54184.1920843905,12654.13333022202,21,39713.93078981587
33033.45775632572,22217.984025314658,19,43691.264033797546
31373.606348627003,10970.172934888002,25,23522.850142768893
35962.35336885503,20224.229415167112,31,48985.97019535573
54204.69088047925,24588.608133565413,21,57901.97044115932
31686.341728054074,17852.710176898905,17,38073.781657270934
71438.41455895289,17263.896480777737,25,50181.77941113049
32572.558531361217,25145.226437080815,13,49230.92928638437
62112.8069164759,19419.390846022514,18,48626.083158468566
54013.39597713455,17632.505146284337,24,43077.229139358984
72562.95024419477,20800.231975919738,15,52789.42226025156
33584.56636529105,27871.110228989586,14,58537.20363345005
96017.62507113424,16728.064192272912,22,51781.20251487755
52849.44718271236,19574.490677895064,22,51958.49752024301
67960.4582261601,9839.7308972362,13,38780.505640055075
55887.38516268496,25982.95075282575,22,59185.192300520815
34070.16438810317,15916.662558884644,18,37002.306810562935
38472.31469886847,21411.731540459346,22,48004.095851386985
50376.70769619248,28179.12362561129,20,57852.82072399049
38415.72557133948,20777.089032005068,31,42623.98829886183
52233.07209826426,26742.43465667644,10,61295.764731908406
63234.94689541203,25382.300081096837,22,56248.20855181936
69224.85471219747,21995.072097378503,17,59914.41393610807
75048.51611305971,8741.868807652358,10,40999.069183668755
49321.03239668953,7878.860294024515,17,24315.73605781216
43649.44697168186,26455.421977723312,23,61502.72336184966
24009.596813865977,21931.97159214278,16,33000.49712028985
14626.237694997784,21675.780999212144,27,47488.38019749911
48542.138348903936,17696.477675679624,26,43834.32684507266
68786.48927566985,17979.663307985124,21,55738.48382411447
51814.021883646594,19033.361676454624,17,49291.71257437858
56261.973929149484,17761.020935039025,16,49645.81450848926
34679.39766241575,21843.490041343957,18,40770.98532503318
43295.82909758893,23442.207020471695,23,64918.39641817986
67542.65967476385,15212.591154147172,14,50215.787105887575
56638.55523310987,23972.662578515974,18,61781.16131706028
43028.39392776128,20609.582124274777,18,52417.24131331565
60040.02147282688,19487.811959600003,27,54493.93982863201
51828.72027153196,21250.84229911941,21,53016.85738832686
66274.90570428252,14674.946331507486,16,49295.991386483314
57302.96630226721,16774.740726673164,21,45596.7320430253
45084.89119377084,8288.565498020887,19,26002.443352773247
46660.61692037949,21690.93685601882,15,54376.90731633277
29428.66264016995,19824.870261688186,23,41222.46533586384
25717.57544740146,19190.83300210457,23,38915.893281421166
43353.422414271125,19026.7691589939,19,33273.338048127975
70300.56567624281,22044.37162604947,16,60427.97044705106
56417.14636087045,16589.672648040414,16,44530.47059467961
45624.94269445309,21249.107256417476,27,53556.69795401673
59905.4705105582,25243.719695004238,17,59440.11326582652
66735.18702527476,10572.868954783198,20,44434.812482927424
40857.10633649387,18715.908315887074,20,45685.954663606935
40928.36366226563,15862.948050628747,14,43223.39521085292
97873.30731599347,25519.46956185563,17,74463.05548147271
36615.67991950568,21990.723864737804,14,48344.05554134376
41715.72796085001,23640.757522698914,20,49668.278658577416
44635.119573929376,23637.926153447122,18,58449.502203572105
35019.91353180774,28573.358677907017,29,55463.623632255265
21103.87479017911,21620.86630087627,16,39628.49245529458
51361.11374450759,15712.321687172913,25,41147.911533262544
40577.923266075384,22191.741272125644,21,56392.87671653726
56657.2955551411,17889.623107487394,29,44421.8048311828
37468.74578181725,21924.59696077305,20,47664.78011217304
68874.04467831667,20129.881337119317,19,53031.74706096477
49207.585582259126,15652.943844188227,26,39275.0798534853
37390.9462810865,18908.84049065506,16,37775.542041978544
39755.44711980933,11433.033620493316,22,38075.003965643016
46216.893391203084,18213.560185213835,20,48645.8905084566
70537.06672759552,19151.8206900175,29,55090.235292594574
41253.24150772706,13575.384920204215,17,34969.736539269245
25841.140091569185,17697.660046480603,21,35862.48897843816
76116.14171840774,29562.830304382704,25,65468.99635074386
22935.36813361413,22610.533040508777,22,47525.46173708757
85285.10072623933,13438.911618372993,21,45853.65042365853
22379.738041130273,17903.603182600244,19,26709.970546685858
44107.91789816466,14819.712515452858,16,33207.18884611171
43437.378670331054,24246.754400436475,24,57569.051564169706
63151.24149079781,15897.947525273765,20,48814.54484234275
60482.17798788608,17538.90101773005,22,48197.98935477181
79219.14026806722,24834.339332407108,20,69561.22692262348
27212.336119048465,21648.904046919706,9,37921.57267875757
24108.103788318058,19144.102954939208,18,41431.99600785298
65747.66979480267,20147.582407480244,25,59024.22473970731
84095.69111783811,16386.659217048236,20,47836.23846233339
68310.89618379864,27719.753028234714,11,60120.08276315759
61050.81117820705,14814.933114995247,23,55552.105229928406
67810.7258388222,22037.452473957237,17,53060.29542205043
29784.293364084275,23012.227253761692,22,47004.58046207672
46507.72066852743,28160.55715213475,28,60869.291281391
50495.771628590555,19128.633377764243,14,47131.28009191878
48449.745515843315,14751.179350566108,21,38417.47905135834
57944.98422249537,21771.74250189135,20,50708.28559511527
49619.495055075255,15527.934004926068,11,53357.584266058
43327.80498630769,16393.187903392947,23,39254.458236301805
32734.114730522168,13326.156628815079,25,36321.54123103456
47836.12793446535,15942.41051998388,26,40869.04735330011
30558.66139295659,18859.422290135077,22,42288.70486539395
48587.68779590244,14687.24472094312,17,46330.27672886695
54875.799086976054,17229.558560663652,18,43948.949160510005
40090.85931469969,23383.24107823122,11,44730.568745586526
61203.516231430694,21371.245665529208,12,53172.04148098802
65442.76859197839,24102.43087234806,16,72262.60222752391
42476.0466496525,23683.48961738232,25,40959.48312570356
44273.94827039169,20874.540793716787,16,56154.04559224241
61005.91611524982,18457.42007689515,19,43784.06392494406
34863.93646857864,19868.452281032223,15,39113.28624820699
33383.64453964882,16356.143003632646,18,38349.747518321834
44714.15819145364,14581.700249726782,17,39235.06129473645
49731.90189142458,24240.360916897196,22,62849.6058830846
41761.06549275581,23711.498662283168,17,43365.48755432242
58582.433719850385,21780.675029386664,31,61813.753115988606
29582.456298610025,18995.13104728482,17,42029.18209396334
56749.26658416137,21233.551672270576,25,56667.44399610704
41911.6424658599,24514.753807859997,17,52495.70581523346
73834.11454474094,13868.822591577002,13,34369.2998425243
63682.28245392211,19205.225111728523,25,57908.869978070936
51893.6132389068,26057.640681217505,27,53060.73563003181
49381.56089903221,20682.396224904678,29,48891.285493196454
42272.00239194553,23861.280331096576,20,57871.252241538474
10001.590335420646,28451.58059095264,9,40573.686861396505
51660.833407043945,26110.63779988029,25,56969.109397281834
67043.60929192087,13813.87822294187,22,52840.974439844154
35846.22426966062,25643.16993328019,18,52364.77584893051
37647.80956505277,21936.376922017673,18,48463.891449958915
51558.34853480501,25438.115435241158,20,55474.149127780365
31010.674367242573,6972.2670409777,16,20471.95426818049
39036.6305365051,23573.524548036974,17,54650.7591180165
43381.83316194096,21725.213992757144,15,45099.01059257045
51861.754697761826,22172.41741830363,18,52824.665533364576
80925.37138596657,14459.822541836787,24,58694.56083770993
49282.26531280868,21422.652989766528,18,48419.24999034944
55726.91371019546,23233.343986819218,14,48397.98489501129
48868.48398433999,27809.418938961066,18,65546.053798949
54494.063008606136,22465.089588266386,23,60331.07563752034
52265.99429102979,22979.010604914984,20,47690.77162268617
64504.45651704569,20050.94425488007,25,59585.514477694924
75296.77428479724,13405.839542682723,24,52295.85980316452
47763.00493273479,23717.972955513356,20,41288.15327703609
44531.735667047586,20233.524335722097,18,47879.04592962565
85583.31610229588,26919.560321926732,27,73087.62197748164
75551.46427294941,16459.80937414968,17,52573.17727360859
55271.70428083005,23010.473892020433,18,63676.84650159762
68892.88073498852,19148.844021473582,28,59897.91893134909
74461.19788259892,26653.11351738644,26,70481.35072117236
46748.31962931254,16952.529183597813,25,43765.50147441003
64686.0567152425,20853.98013422477,19,66213.65991162471
52712.902139063415,19164.421656174425,18,50460.54500027967
53151.0783145847,25994.863323021433,17,59752.13115663003
62239.500087891975,22347.344484996018,21,49311.77156734831
76519.68083867047,10941.76433502889,15,40574.02888590435
58476.542688845,15164.5032565804,18,42589.140567262875
64218.3820067557,8412.690197778511,17,41336.20610027864
64114.72777630748,23380.716769029135,16,57768.50176490604
70171.43715396046,6299.989080147903,21,31803.0093643991
59264.45011611668,22794.71287700901,16,56825.81037785587
54106.14429663745,18523.916192069773,22,55653.277813773224
45454.332427999085,26109.759825034056,9,62430.50797093606
60475.649410326034,15363.11163133853,16,45997.42502975215
44851.16236636248,17539.865958487022,25,41647.12592947253
52067.656905715485,20752.676653785045,17,46590.570530863115
35187.533559307965,14575.909949600675,16,34908.07512949027
82423.75659581716,19711.42508655725,17,56421.067333794424
34228.53439998682,15160.623239204373,18,34999.00143495707
59094.26257026736,22881.029017034103,17,59225.42002871915
38988.85844115339,23527.724707084053,13,53267.45130354743
30059.153764195536,25008.179536279313,17,50063.55893185162
57901.00079416673,14793.63857309322,20,39230.91895714146
73289.50410253485,24451.217694399907,22,68607.31185441048
39212.06210317892,12437.519519554775,31,42380.66929506774
59617.48562770597,13705.90487578978,21,38628.08529750801
77827.37105931813,21418.318856376747,21,68744.83888495389
85207.5533165601,13400.190135618794,16,52683.81863285894
46672.983453468354,25786.75415274723,20,55854.15698118169
50235.004419787954,24184.785935704087,23,54711.33494561045
52725.91999871754,31241.476045647487,26,68774.80606582173
61878.094524882436,17844.408322685827,21,54099.58622436384
48379.01372467656,22578.905721777286,18,62461.53325294057
60794.05970333567,20509.175480390786,21,53218.020732107696
50156.86382698436,19499.878161769593,21,48935.9835071516
39722.68037314343,27304.853214867187,25,64832.131915139
57749.04112206136,18562.72479230703,16,52588.408092085956
42421.05882644956,20271.007948502265,18,50894.36224159213
36154.42319886558,22809.741365387923,22,56276.65728985355
51101.5286868313,24837.47178648158,23,60696.80503216063
38805.38834510525,16722.942101223558,17,44429.319115144615
45659.13988246837,25196.753434112878,18,50656.94390423615
65619.75912061107,23488.36946486913,19,57174.69807782261
42093.37825649572,20362.69032645685,21,48559.76591901621
32939.08968198725,18138.99822372621,16,33254.532317285535
59787.30808923679,27028.128357058235,19,59056.46258226014
67464.46601752039,26854.358917972655,23,68356.5484822823
44426.960882386156,15283.310317013866,28,35104.31422383975
71177.52580199878,13155.376269101855,21,52744.41055536035
59558.56110614225,20157.482177345304,17,48787.35693448772
72623.37590420783,14162.025559668919,23,48393.8980487255
36678.384051777204,16545.17569392416,18,38771.45763546744
23905.901105376954,14206.377744250763,23,33809.56592776669
58816.686543856704,24903.93618488997,21,57155.84856029182
50798.35681049647,16265.214197263278,21,50205.89254451787
54400.926866570786,18135.099185863284,22,50033.7821495263
57258.479376962685,23489.390074476552,22,49848.966852759986
74101.03109062368,25815.353182764404,18,69151.77325173862
41036.918557160265,17724.742503943256,17,41736.83741250235
76203.45756780129,24003.969892408575,18,67884.69835592395
43165.58857724402,24968.671555574743,21,57041.63738276575
58072.09361788702,14852.319222467442,14,42342.032276742335
56594.023401027254,25275.50578835862,15,54953.98692633363
38857.836309240854,23155.351572828426,21,45982.54467494193
57473.017808383454,14394.398729690232,24,41269.05534872457
35695.59857414471,21291.1225047113,21,43628.75969569735
21260.470150381578,14260.660956588481,19,22634.04148406178
65102.61966972912,17064.125283354348,21,47585.78865855321
65941.41255245784,18431.469811800936,19,51287.31498885509
28872.09505843057,24615.568410584267,17,52267.28556422434
46486.34629607268,21239.18326174272,18,52332.83236132442
33721.37099999717,21880.23722563593,14,41845.159403524915
59788.798589881255,17106.807696658965,29,56554.25013371386
66950.50758670218,19070.210413915942,28,57360.72810045345
37029.46529098708,12669.541672308218,16,32878.8839010689
17447.492644801016,22365.645131839832,27,48898.47309958171
57587.69176284695,21412.5636118151,28,54591.854076750125
59155.56282760165,24469.97116322862,17,66395.10107412588
37103.599932628415,23775.937330372373,17,56878.67931928727
42583.16608255864,9641.422391967526,16,27266.678988316497
38461.80992456552,16561.345023703954,32,47297.42519136685
50250.17843767861,30966.08504523689,14,59882.81074034811
62550.27835514065,20569.413644221182,12,52341.360895759164
56245.18083856948,27372.42208836803,21,66037.14702982557
58265.264770269896,20059.475703510605,18,51819.81973380986
30874.85791341119,18327.38907901654,15,40234.45271706488
41605.83961846435,14474.817345905107,17,43872.99603307377
67734.28207624899,20973.570667298223,26,64162.21231074352
32041.985962097406,17538.267406572813,32,46096.433995490705
37500.803668661814,23814.658873453034,23,45413.59537687324
59521.60578241061,25857.679702667807,18,54792.463509025896
22697.39476702664,15449.375956382484,20,31816.106847996223
35070.98781259503,15932.084294157252,26,41908.01527622719
61871.82813035293,20012.332552042728,24,55901.259223182125
27113.71073576236,17720.577438538072,14,30313.5878150585
38555.449246215765,19533.137887122928,21,40088.48607098019
59085.27196117686,20492.25262849335,25,52079.0284672568
33335.674488187564,27903.103540083663,19,55557.91247178591
62834.27426238474,23348.95498139195,16,58837.65304789027
54139.10631934009,27130.544596305997,12,62803.52736898402
46091.46975236801,15351.11710376089,17,45101.5122387285
21523.45670259118,23200.962100320194,16,41510.37069173028
50347.709841870346,27541.698686260872,22,59587.255489820374
26478.12630631745,19775.217791941966,26,40161.763885776534
24182.38867977734,20214.483322064283,15,41532.841027985894
55937.49150671163,18186.071938147852,16,43989.587809974124
54145.555007952535,21552.472961077205,19,50641.780961303586
19859.27317971695,12064.93343891169,19,36267.93323510572
45858.36775663264,22939.75541087043,22,56054.59150369866
57082.63896296336,19960.81941260074,19,53690.39545721189
53971.35150767089,11913.422510386536,18,37325.55541260249
52985.300334214786,23564.53200529291,13,59175.007600597135
46118.510574339445,26316.235625361038,12,56969.27169924437
66118.30669450239,19280.00932689608,13,54069.42812727417
52506.8013532425,20359.176517228774,19,57405.197857045925
66974.11525784421,13146.100224183436,22,42560.149120193644
50660.32782804613,13757.09507201094,21,34142.020469359704
32952.078080091436,21109.845488052382,24,50316.59818901623
52615.580856623346,11649.902620650295,28,36545.00490777007
29836.798120504904,16597.191433872173,20,40092.72062603538
56409.297809718904,13412.518786043183,14,41282.26664401293
78512.66514871949,17924.768076486922,14,59501.204918082294
50939.109649971615,24232.032179512284,14,51677.66399607351
48534.868185521,19245.724214717302,23,50511.52284613407
63544.48030340855,24423.11820708309,19,61415.14231814152
53858.085738722046,19232.12612211831,15,53307.93875594836
85723.54477684895,24274.590966958316,21,60205.408641069436
49383.08077348222,17425.492231324788,20,49566.0349995775
54779.92945066766,26960.28492264688,28,71411.00059647167
65530.64528826402,17380.58049523305,19,49098.72288835292
28079.265239885306,20706.107182850857,14,44701.82038828642
60717.4435997528,11774.553940060783,25,37272.17575671006
43426.73703733292,24424.44343276379,15,51901.807479798605
45452.526471318,12401.208045489297,21,44525.542146250635
61512.89347111748,24419.566172186947,16,66521.94584491213
39581.67778767164,17013.712738294336,17,44312.919819500465
46430.47083719918,14058.773492822793,18,37289.484895575675
47744.944341611175,20656.140592990032,22,49052.48683632583
48726.02856523928,15256.600760986785,18,34913.16980126121
39608.513065547224,23435.941333080205,27,45920.87145970991
58361.544251814616,17968.517461228992,16,49605.86015454274
32176.036676878033,19577.880740169057,19,41907.13597230349
21790.703296455464,18676.79685553907,8,42713.95513150722
45565.42361392205,12271.434725912442,20,23622.013993354536
58020.02722053057,21447.45993348804,23,57260.08872162468
58441.48772828349,17521.374767100682,22,54290.16004804143
54654.069029502716,16298.218793741906,21,47095.51169756189
44924.337405328544,18852.256985512846,15,38493.87089915024
56014.305977323005,29312.952285146028,26,60699.43738137681
47924.74165182078,14374.342688211673,31,38595.32339219267
48973.99745554134,10738.644691259407,19,31191.328554105505
12069.196631995837,23589.69314964681,24,41524.11673438977
43308.77402550912,17464.287647474386,17,38714.388827169394
20469.850402981043,16747.575006480303,11,32476.925776526477
81760.3895046156,16538.104801291098,22,53728.044000929614
62916.158503230574,24945.24750791939,20,63131.00842701232
67932.68474331843,19930.83501114107,15,51225.64959543375
42330.81117264103,15879.039221807445,25,33271.399922965495
48815.21579250204,20276.14857598462,18,50765.99771583954
30521.928967027434,21725.05829290537,22,39802.530865780034
32695.728316594897,18479.73644991845,20,40681.2965521664
46031.59953613608,21284.772056907186,15,44926.85589200137
41675.786470060164,21638.32206405497,16,49034.86785129239
56758.663696162104,8603.664770489022,24,32064.43228316092
55938.37874370176,27835.192871656654,25,75403.96627498484
44045.513875957724,21746.69278286255,26,54262.38050601796
62446.38673806038,11529.451869063276,15,36728.71811434719
32672.61964582888,24468.049119467832,14,42328.27251043312
31169.494901199538,28229.886781029818,17,59068.55452092856
57592.34061561904,21306.71733386787,21,49261.81834558792
58134.53107692222,19110.356374627692,23,40268.93231506072
62708.31992133756,24538.633295565363,23,57381.057054678124
28396.281659159387,18708.001438302726,21,39037.20290102663
37522.609645025885,17691.286641847575,23,42075.40872808835
54515.524912572306,19487.02296893624,27,60346.84947051591
54873.6597063504,21625.841729622436,17,53627.00782281718
78411.12825628709,20920.827429404366,8,57380.498571043536
34661.67992410387,21425.621962613495,26,49373.84040482724
82051.15904187708,11770.397394810307,16,44335.92683245235
57761.92404833923,17068.18077399188,22,47191.51671859077
67478.75066000839,25040.850704123968,18,61719.29345448547
59121.27217691256,16630.86883566469,19,44242.857645002405
38917.262816020215,11899.628155136703,21,37216.06362447929
41650.678059410086,29995.827316453073,20,61850.87634109006
50046.2351835188,29623.187342619916,23,66348.85596050843
27141.676416508333,26659.718909866642,18,47077.01062158338
25540.61802144142,19716.33339758631,17,41186.03176305013
40730.12802226287,22623.710966269737,13,54887.57076392132
60503.38476351414,15737.364695766422,24,47270.41323540076
40125.891331772844,17848.667189991065,13,50783.91176486625
48948.20539855195,15692.390039085181,25,48237.599422867555
47771.53470474796,23541.60372088057,20,55115.92567451153
65131.68242669042,36517.58195473508,33,81705.75294488782
56370.511413643704,19066.23145710207,28,48309.29830794367
62817.20870126847,25134.231409193664,17,69006.52002875823
67499.52437685667,26033.01036849108,25,70981.13699644861
35179.20317859508,21729.796757919776,17,49604.46480369707
18729.834168365003,23475.04515169764,23,40554.67700444662
43864.73150524763,21549.1261971085,14,48940.590681544745
66994.35903043672,25032.45509238367,16,67009.2665424492
60402.66710980607,12531.021495756013,15,49712.025026930874
44333.2436261326,21463.098887715176,22,64207.950371484185
78778.32715980799,20202.40488465872,24,58806.5729822995
61646.91400181083,19585.674038285746,16,56515.40190428133
40968.584084986716,16590.077412233077,18,37870.234330225714
67479.01585277179,27212.37911875924,22,63429.352203230876
26269.810361673797,21132.515890053015,20,35893.14080530395
54963.98894615293,25842.716086740147,26,62973.73092016385
42053.35516851988,21220.309277897453,22,57486.23429234846
48983.75136805904,25724.34133657534,27,58613.64362111725
59076.24928798469,23201.46293965754,21,51226.480553588284
63878.379456708455,19343.643838082065,26,52556.07796913103
51679.9580317623,26598.560477593426,18,59474.77596916145
46691.42178937334,23150.595781939457,25,53922.406412698685
24206.247361762085,19522.276373529618,17,45870.40851614702
26585.18168615469,11531.944125165082,18,41700.8256930333
11387.36378732077,23236.920976486756,26,49137.820979751916
52494.40905984956,30156.67953840542,19,61600.50642463978
63849.00890477585,24216.445738530252,14,51434.18254279021
14204.839113084883,21616.624569643645,24,36416.64182806786
65793.79920142372,16297.108361169174,20,56337.98552946349
70853.5880205365,11701.457590073253,12,38828.28547774295
52725.841084149346,24787.948739644708,25,55441.499136278115
73107.00731622428,21852.9950050413,16,66025.88416129176
49349.8840956286,14348.506443309867,20,31644.740108808277
31152.756659910152,18419.59593872713,15,38388.890379346696
45045.26895011053,18483.309121321334,15,45476.27271219572
74070.64728621638,22582.8610107925,16,69809.54111790459
40802.868706952606,20289.757669086943,14,52791.77124785274
56294.15878145644,25545.39701156406,13,61725.41284087315
58150.87141116012,29532.67820416302,17,70782.10484823026
67632.51543905228,22241.407906971344,18,55563.4012923729
22031.34326266394,9542.860056882078,12,23996.99658805949
70775.51854014138,23945.327791271753,24,57403.37561023224
35822.942867378166,23680.01280059727,21,49190.73234803971
72737.33309062745,24243.554753874727,17,60420.27704348316
44544.16864316379,27529.439758988865,17,61666.65011261849
44608.89366337924,26007.56797723198,23,55149.35842045057
61555.55879475863,21909.571106171898,30,61138.7695044351
69556.86128186769,10235.332449363075,20,45612.12029015641
42921.035008536455,23140.03481752093,20,56988.02904227113
45768.94991957047,24570.32162331611,18,53384.031729702554
40881.80364380398,28825.4529741656,21,54174.11317137589
41372.73063877832,26861.20634039986,23,58954.974175649666
57448.71269752428,26713.708630165285,20,71116.9722817115
48635.34740149437,16446.32677719113,23,43819.520309197935
68872.44489862837,20923.552241689704,19,58535.487228984886
39596.62752776809,10226.171784209248,17,30928.409851786568
61295.84854116682,15390.713560329092,24,46615.04114872608
60673.15176466186,21467.704541418854,20,62272.628690515194
45778.2403434485,18396.570683168262,13,45093.99903354088
46176.79112636005,19009.505015863313,13,41992.20184919854
57310.9628239993,27598.685148061395,19,64358.05313719087
39616.74543602238,6654.10934944709,26,31610.12384109963
44544.45572341541,24716.944772584546,14,57934.29651869756
30427.596001216727,28413.52362200395,12,48368.65897195469
36363.48503292338,21845.76642688354,18,46116.22519803429
34480.93287443133,21206.143774133885,22,54681.585026965695
35939.38299093787,24911.98811459693,13,49143.84109938063
23649.221481276738,21638.56555571603,16,41225.1159346113
25229.676847768707,17746.21004825081,28,44213.174848546
63029.81263377792,27164.668608686174,15,57255.805627946094
47879.60886170128,12954.307417132593,31,37111.84224607658
68687.14034262272,17628.682450537108,21,44739.7045016056
65698.28017805822,17876.52779315436,18,46802.54320279689
43060.64201667229,19315.219799120634,21,48606.82637604699
36105.073929811275,18349.07462156328,19,32025.509711560855
52276.71804622914,11691.893092911458,23,45814.45383085672
43340.23644082202,24453.486929743773,10,53929.538762566895
59545.58731191649,24189.193753736745,27,57085.466006355215
20173.073027853774,17956.43846574523,20,29764.719226743124
55051.87876829138,23517.91085371828,22,54979.29098768755
73849.33517139689,27184.91135739578,20,71799.41897633328
44037.99020863416,19415.477315652148,27,51501.061531624735
59203.25091398186,24363.582397502392,14,63345.18887156043
31589.22441419337,18986.24986648976,20,45249.85210305715
40991.56687692853,23611.612655811095,18,55017.727277137245
36831.88094523066,30727.253986901113,26,66319.29173476822
72992.59450932457,24075.359893300312,21,62914.70496262773
79427.5398781652,18606.320168135426,8,55678.39690936661
42633.22803159149,20223.163503716645,15,39703.45241724997
69519.96048706312,17255.95327768139,19,48140.595275788466
58756.2067141913,20210.972660923464,17,51904.168321066456
44236.102756636945,17016.348538469232,20,46095.14631992914
73860.96614524344,19678.683295914783,18,58493.3902509157
41301.82558913277,10675.866251359485,11,27185.124315249297
40316.14192448409,17868.119817370785,10,42957.115603248196
34627.25460022106,19411.30454043143,17,38698.94173340338
63313.757795493926,27716.123926415123,29,68647.07051010292
35722.97533842106,24618.77441809217,17,52614.2867782586
47831.817249821244,20138.383708378602,22,54029.14282779835
44797.49647011455,13894.811731265972,16,42931.13760807572
42140.85049459047,19685.501779018025,21,58559.25838099899
46590.34119748089,18305.363673462838,20,34764.48921466355
43720.81379562368,16618.8714282941,19,37999.154431448645
73776.98077237047,23896.702575586703,21,62157.129484768884
56624.27110876488,17129.451874374037,19,58054.45298787989
51339.31433532325,18807.44485942653,18,43423.39974236076
43779.785555550196,13032.183274540457,17,33793.83873892541
31181.37962057974,20445.626383994888,30,44849.661502139395
40581.45129558386,24418.18400413927,22,51426.727298199934
49654.635619001696,16938.90144152494,18,45243.57957776726
49071.1417601312,25358.834398812607,19,57705.81246726645
52273.70400729227,24955.025619930253,22,58690.706567238034
71938.00304192476,18268.687378516664,19,53835.89963647073
43274.70657979865,26468.931020824253,22,63852.58403442586
71151.31206585038,25700.102675443057,26,66028.37136872095
46953.31849798864,23159.259806397673,14,44705.291054146845
52990.98980188682,30671.187531516218,22,65973.38013872961
48506.17087997663,24973.149165406372,16,55047.72464862861
69920.05518755148,25887.22811791162,19,69665.2663010105
37394.7558528835,19847.256163820843,18,48789.800970182354
61946.073999846536,15714.073764904104,26,52156.56411226417
76153.5514272282,16688.94578404048,17,55523.01986452828
48444.77907015904,19970.492100498075,19,49455.137210536464
6582.984528843728,24376.630987577195,19,38137.28045579803
33166.20066546206,19188.265823246424,23,43557.42554359268
43527.813322331844,24649.935099447495,23,49868.574482558266
55954.83761628117,11018.169868729628,18,26145.52265649667
69748.46343998791,15377.522231410188,33,51355.51740243299
48474.74499220735,17234.65940400675,17,48649.883466533545
43391.330033405924,15756.45272401132,20,36388.522943856886
59989.17593172936,23303.98648165096,15,49012.84344058119
47539.10295913532,19429.96204891905,21,52130.60452769223
50392.28459193915,16240.699747378529,27,50649.80630637023
42742.22556671768,23208.11528347504,22,49880.99430714887
74549.37956864329,28375.52368207375,18,61946.96049168393
52837.63861048933,23518.02166597247,19,61160.93232374233
67673.91355827705,17170.17242838213,19,46294.703388173526
55607.30325109028,21423.686386565383,15,58419.80563236347
66804.98490921233,16632.080800747703,16,44784.09662516724
62763.42220371599,24225.39435497571,18,62153.43918903718
62654.983032970486,21129.936388949758,22,55261.34962553227
56974.952909026266,26654.031597526136,26,62538.09377659406
27125.872225256688,20561.691646320574,20,43955.9627640593
26640.194465783603,21166.418885630566,17,44208.2496881334
34619.55314287287,12671.684669621132,36,38612.67736585616
67648.56875494409,10732.63448768798,27,39875.43819994952
59757.131884351445,21477.450118806584,16,63233.66878540681
45038.77924993384,12062.453026858311,17,24693.195936644726
71880.29452405873,15897.291548562975,17,54427.814747719975
65132.89386767725,21998.07368183196,33,60195.846293456154
57919.13498862796,18262.159743443248,21,41692.131322683745
60766.03618452705,14573.330032754857,25,48876.29181111687
58926.66056218281,16954.8823736668,24,50685.22415200803
31563.076048952313,27522.389632935156,22,61951.23327986811
50747.763021367486,20626.030367198695,11,42145.47023537211
58181.95822374492,22366.289151620993,25,62427.80575029935
49532.139154289594,20526.86481738845,19,48315.32217106747
39309.184630767806,27489.144902445252,16,54304.43113498331
24236.54105513216,21818.872759893275,24,45465.70854487412
37804.84731341883,23003.321743111268,23,58181.84585142161
63883.549363556944,11571.291853822264,20,44724.25603772417
58416.20534257883,19467.26340714334,22,51221.99563228207
26241.901442401097,19023.771186999365,15,52212.373726227815
61325.97568630979,14411.532924182366,24,51114.95119480383
30364.757196908347,12965.655999460303,24,36708.65131386116
47151.126703720256,18504.366857513898,11,44732.25235580561
62213.67570946879,33508.13176761033,30,69427.03237183433
45133.687789236414,14897.609649087732,12,48485.68249771555
29138.11379857096,21163.53889230785,23,58991.61173245308
10790.601599855392,19423.29283051022,19,41731.80693083896
35813.827868958375,22979.78781471205,23,48435.61518600113
43498.03475119757,29581.823509695714,22,61008.67670425916
55964.7467549416,9691.669356837085,19,32042.326742199923
40995.28678192618,15335.84154761611,18,43002.00666418812
42270.774053842826,27701.650322882073,18,58753.61865847545
42244.896835918546,21897.11373170283,19,44646.207753647526
39326.254106415625,17608.84920743632,14,42659.817276528454
77776.21413961545,18046.248952352347,16,47948.33088237872
53788.777200789125,11811.980077170418,15,43230.480566282466
35780.72913863216,21744.83665126911,21,55278.29737191826
18348.601188474,20496.15134737538,15,48712.635202154925
51881.679890459964,20105.955094061843,25,52810.07936105795
71816.99153955524,17380.79249525034,23,50072.29309048767
57673.15409484312,21147.22364314877,21,41972.24815327734
88327.30978904615,15407.042468855756,19,57377.214870303644
41346.17436993378,16913.800076394913,14,41647.17251983158
57921.238263097504,21817.405621396014,11,68040.48288809297
27492.969154739672,17965.045444879408,20,44352.0310483359
23561.444404795024,20333.27976015217,17,40587.06218036884
47274.388019086946,17978.12720051356,23,48554.28560225138
67474.3346341082,22369.24339298152,22,63192.461821369165
75243.60685468657,17411.57325376993,18,62885.619345264466
50837.77116458431,21524.19071289527,17,52547.8894145736
36432.906205639076,23872.13604710564,16,49838.01562505668
16950.494522783076,19751.237783884153,19,30350.40422268781
40955.26534012483,18962.82390720595,13,44639.41377940108
49177.00748150915,17843.20788095218,21,46334.345104598964
41190.34730909603,19036.148055188714,24,42081.30495652511
22908.59032871244,27435.467185237358,28,49389.6253335664
49835.61274179792,25459.5455509662,16,46871.87824923693
44582.31667738316,22630.00046389092,23,45751.157370743145
56661.822220204325,17551.483032622462,17,41428.181589289365
37525.108884483794,26647.486972097817,23,50676.65804052968
44114.02840901011,29099.481789792335,21,61225.98628286245
49913.62461538037,11123.511149737456,12,39432.88447492688
55185.40764387856,19577.602187679797,18,49491.73553271778
42429.865413693246,20861.210335752596,13,38959.71870068296
38075.86419958502,17777.291564382525,19,40045.16705150581
33044.14984258781,12384.262971108961,18,29770.28746244219
50737.73636929559,15871.621066756441,22,51266.29565345779
43756.22544392324,26921.485485411347,24,57554.622211848226
74956.68514723076,15277.939355173126,22,52419.07822670857
46642.397741229324,16830.803320621148,14,48494.326452908615
51575.3747471857,20746.294893870345,21,51972.588646389086
63396.11747598801,19941.781210049634,19,56462.72242042642
65252.18940573218,17344.878085510274,20,49675.718290828736
42816.26982433605,23846.653077860603,24,51223.260460267644
77701.93616214982,23725.252754651756,18,62875.38304597736
81442.75444446047,15607.653064505124,19,52773.11419464325
44432.70760286224,13449.615040369928,23,34598.738791874974
49541.807171375614,22205.911834433333,16,53083.068715269714
54213.53844712459,19626.035655319447,21,54904.00320007851
37891.13353993259,22305.9994418154,20,46800.627174903995
48588.53082621772,19752.4081795615,25,39617.77123392324
34594.37865181583,17395.85097222437,24,47878.38858467924
48460.44002205891,19011.48283719288,21,47068.83920633083
47083.220422490005,26716.025214008554,10,57289.4680964018
55058.45719529062,16567.921193417304,26,55741.40462432749
57345.057763055716,18957.872723205855,20,47884.11479213882
48714.90151337778,13208.674074987972,18,36580.90944202875
68847.41272733508,12456.486578626707,26,42340.22707069105
35322.62433697586,13819.107366441896,21,44152.990718418456
43706.54276256914,10983.158696704622,22,31688.22142370932
38987.92480617732,14007.127165728614,21,29068.732031102823
72240.59157887382,22254.818358016688,27,60351.736036142145
46738.7913613542,23401.078227146667,26,59361.811994202115
46919.34747977798,13788.551865811412,19,34356.419313898085
69219.14997169905,13814.96224516823,19,43887.7617550728
26778.450792952783,19382.32478341288,21,48018.27115891143
34307.00329702541,31457.071733124572,31,65286.42429696277
47783.699815840766,16517.089693759553,17,35922.88896852306
41269.858671652386,18497.19976798633,14,51334.42646277955
62961.30816841325,26398.42360497214,21,56641.403142742056
28442.735412232163,25747.775911580666,19,51516.76772639973
58703.72365893812,23701.555566344912,23,64277.02047271626
34947.34315329585,25029.95900565623,21,50957.23689804402
53860.90333390324,26189.719839678553,21,63536.16163517914
63199.09637232733,17378.966716506024,21,62603.39053065002
78052.80008016154,22524.944923683383,20,57568.99969218751
27459.465000222055,18008.644094306306,17,39827.53993464694
51537.13554150003,15863.447329687724,22,52620.27255576044
64277.564155313936,22728.81260702307,19,60133.91323059876
51048.37588715132,18878.456565237528,29,54111.70055415515
55712.173699640945,19335.04575912995,16,55356.09241721759
39493.00332055555,25851.414996715543,17,47123.069479161015
45120.471753745944,21849.04540250584,22,56455.337643849874
38353.72830853196,19240.943829835578,22,39904.76667335225
59102.336570570136,19491.6932805419,27,47133.43949982209
77781.17759304811,13164.595000101188,28,51170.80752706557
52358.10132104067,23426.481116375595,19,50983.574468845574
50907.211553592184,19357.843660306717,12,48698.302858854826
17909.434891831123,18848.628271960428,17,38305.452351898486
48956.30206371543,28042.2007715031,26,58350.64756216384
58513.25051461392,24001.256596152045,17,52207.63042731561
25209.34944677932,21051.10011552528,22,41207.88507937428
52431.051484021154,21959.60792169571,24,55752.18628560318
49771.79766992292,25621.987992426824,20,69535.51174981793
19879.508890260957,18942.95601376896,19,31281.233179532697
56265.75842147166,23667.185504139143,17,50252.54339573857
43638.03959450964,14707.976563958044,21,43957.41810659883
51895.667104135864,21209.56928854956,18,46482.86563355817
54781.528331670794,11823.383700409668,17,37357.297723565505
38628.85589223478,20783.854008469632,21,49796.53386505801
55165.20070900457,26280.039960316368,26,66063.29711349616
42382.7857465984,17435.297515150072,17,40510.50195582466
52082.46213634927,20293.806926183497,14,43275.17217191134
40283.16685691914,16532.621588374328,17,44243.27720307083
66198.63009898421,21144.949728919903,24,61454.908478392186
60340.56356019324,14448.444396976578,18,43880.301304070344
44860.19066665316,14380.73333958568,18,32745.371956370276
60558.0491005758,22361.316364735452,19,62917.35390411083
43747.429967655175,15215.380904243468,23,45064.73067146656
53268.3948464443,27566.443054344756,19,60316.72196765068
37282.22887767779,27343.12252686812,22,57050.71908797366
64461.810959118906,15136.03914542258,17,54789.1580869924
48187.75018869208,31371.986507485195,22,71795.19537418267
39882.65282905673,19762.116353507317,24,52057.730840144606
53437.09918596241,20068.62856170436,21,60194.22839037116
23888.264762535564,24192.51173182861,15,51660.391753302654
34852.21176319964,26876.551296127553,21,48313.348013460054
45583.18681325352,26793.951083630098,36,54559.57666680702
51893.33802739093,30216.84115390951,19,63256.38846594831
51748.051645972024,22155.94301515107,18,51857.35440794108
41880.919779582306,22092.810115661574,22,48446.806227306486
58777.8800015022,22273.068460852402,26,57830.26131163579
31534.13810250606,20822.380135629926,19,43677.74692142391
45980.7879883542,13089.955926526864,22,33535.82393289189
65952.22251444918,9774.70551286152,14,28657.733139344073
58641.15667512669,15004.931096315642,18,42950.61271715548
69111.4852003677,24224.130943233547,19,70445.89808815758
83794.82860643763,19021.633351907338,14,62853.0895259583
40812.54102172861,14721.803011089709,29,45773.208320857084
55111.00611946159,25976.81036598509,19,62285.66657314605
37832.23615988696,17039.615903336246,20,38843.784769606835
33520.6657686964,8609.244818945303,14,29389.0507565908
56475.442504066596,13907.386605310476,17,41005.622860544594
50442.17879502594,17203.624897822607,16,45256.60613853331
44002.55165701712,16027.4527960059,21,44983.15070513194
58606.863798974,19389.172158702386,22,53695.45688755426
44559.65926137567,21337.62424465941,21,47946.46455069193
27426.388175090746,21459.295723003717,15,40129.31714565446
60164.64091523282,19338.49833842494,20,58779.09910587629
39720.032443275304,24793.102582768915,22,51976.82732338979
61260.47173321959,25476.577834980533,23,72364.30703423756
55410.654714751356,22671.72923873181,30,59151.295223150955
10585.921903203278,25177.20192786214,26,50779.61011909039
45588.51306516043,12813.847876610242,16,34450.528304420615
35843.17987103677,9881.366930656981,23,28019.12332506808
63914.85947292651,15051.004368174305,20,34545.985532530205
41475.36637571758,21706.921055126026,23,56804.15813290988
62748.084828709005,24945.217521541854,22,59182.51353066469
50974.190726242814,14712.991048653861,21,42634.29114164404
41355.67892564736,21901.26595357221,17,47953.79234824695
57518.467020757154,24915.976793634076,24,62756.52712756202
63262.01376353238,17794.788736969356,22,48220.76215151668
32272.664079036113,17369.291639194707,16,38215.25531988544
27049.032778304398,23756.988996827415,16,52636.74304836703
48827.133043148635,16047.269451955202,18,45548.84577496021
43943.21111113852,16114.412543672997,31,47516.503377531146
57217.9096232406,18456.215173963457,27,46958.84166155837
61869.92485458363,18924.462945588348,17,58537.3404598818
25064.465216449684,18014.16618039309,15,38906.19758415905
44374.66802791343,5528.360661187433,17,17019.87774561817
26615.114039628173,20588.020112888884,12,45335.94580996553
29635.502489098555,27472.456158661407,25,50490.59692510241
24795.66139259568,19004.412705047733,16,40875.33735815606
44287.556870587265,14918.286202658574,24,34527.01248839951
26271.913862650585,23584.211059497888,17,48172.96460424595
40003.18261095174,18074.398223912263,26,44801.16878703505
36991.552318767324,16547.83075375139,22,38517.11237486146
44857.21915362063,24827.77281481854,19,66899.72601749032
49980.154216680225,17566.818323964948,19,40806.68577079855
48817.27116873998,21222.049393491743,19,49097.97234007797
31607.06769614516,25365.93416319947,24,47601.02345886472
49417.82552048335,20621.881565833883,21,54111.15215796857
43629.995467819506,17951.489960811858,26,51230.6808189398
56876.08458724893,22361.228974965725,19,58099.24841235035
39992.08195501783,8190.312120834307,16,30271.91958648409
58730.31224185348,23857.370951610283,17,60642.31750505042
35346.2939119122,16133.823495018025,14,36571.36232245265
36070.759290732385,20553.69142727177,14,39421.24482609136
48355.76007465565,20224.192061121976,24,45187.925030530125
24132.47485901472,21699.08001767083,16,40493.305427694206
36786.893388104385,21593.43667272679,19,52935.74276338493
67180.51622621645,15735.962897450689,11,44958.18456822399
59992.710247719544,17167.321926152108,22,49855.93921730539
44217.024500592226,16032.348998739193,21,47783.477164677024
85261.52342461936,18021.247978883184,18,66013.17611382945
47492.60147754227,11753.290957958827,19,39460.64556982348
52281.370504915605,6605.434090568411,23,29340.40748612784
71724.70542444577,22270.276857541347,22,51959.144503929994
54871.747576559515,27446.05605804029,31,67083.37679425211
45275.89617929125,14480.824954257238,19,41406.888114042486
60429.95022625038,23423.953993598585,27,59910.19245559254
59151.40867066344,13257.915152211059,18,38563.722174827766
39073.19745290429,19816.216068167825,14,46382.35398601782
46766.935562480074,22973.349415261073,16,54250.31825332818
52079.16582715748,28837.19435164274,19,60427.69696377492
52182.8196683401,20433.485630146344,18,41957.42607532793
37049.642351414856,14177.151085845435,21,36898.25040322788
54465.13715647988,20120.93647355425,20,55731.07231013864
44561.176568033334,20969.09124829163,18,47459.21481943792
57108.16464208001,32227.968178031515,13,68071.75546318089
63301.49406690585,31322.19821684411,25,72522.21502244993
37756.663098143756,23531.159619185797,17,56024.103359801695
44502.200707179545,17083.138046266133,16,36884.854754372886
52789.89637133551,20794.266492493265,23,49623.65167599678
60978.29270295828,14087.26101850974,23,36601.65672554451
41428.42585684087,15712.941891968023,22,38106.13324307526
50523.30106688862,25745.750115673713,21,48700.63085140509
74203.34680091166,24392.976219922206,16,59663.1547408534
62335.73726302883,22742.264772797247,15,62453.23916982082
46283.675047485274,17555.019235633667,23,43712.9348374022
78023.7057187257,11389.321753707784,18,45386.05517401043
57044.40541186195,19456.34035436692,25,46727.055085141736
76144.2141339437,14721.247055790112,25,53016.74513443285
66833.12196898254,15529.721696178873,25,48514.43460090398
92861.96094749664,23106.504338714287,11,62856.2598960438
72150.5354925876,31987.39007660094,17,79545.2934081139
43216.52632583889,19482.14829663404,20,44114.40270264969
62105.57116854515,21003.915280160338,18,60373.870099892534
36511.14011702217,14816.87498980038,18,32811.083835727026
63777.57821043209,15804.287417662857,16,51001.988966502555
75543.85668616218,19432.894700518456,21,62740.45430630506
37542.43431278269,7250.910942645327,21,18249.06956171649
61095.61706924267,14815.052672465714,20,33167.93771320179
59634.0585025554,22865.013229357868,21,60840.15006972123
60087.4215010052,28424.264588200647,17,64096.32157363274
32266.093794648154,22078.732210149996,27,51847.31664940787
42921.45931224943,16420.900282140967,23,39065.804659294816
54845.03669599948,13774.144889051116,23,49819.52763973022
44522.627373400384,18763.723664252408,23,50504.741981601954
35564.156952794205,19062.763685592607,23,47225.33743703689
64464.18338651142,16004.197145912685,17,44256.56359857262
40348.75473942845,23938.428506463235,20,52263.12093483172
49523.02082598842,13360.497578047965,24,44449.88969135963
83588.19159562702,16515.132086601076,19,53699.19203953425
65454.63649410983,18173.52440184955,21,51898.70422070511
50686.8196190353,30965.470929650128,13,60290.80664611946
56013.487460800745,24501.207220675817,22,57883.15187525174
54335.12903534235,22264.7108154784,20,51043.63140782591
28176.13183303147,23907.351137819776,15,42604.51866010595
55102.79989184357,21137.88437190491,18,59400.94062055425
67163.15227047849,21335.980518281878,20,59378.301867490976
48815.73968523622,18959.72693735331,26,44829.129181977325
61226.34973806184,26067.241545970126,18,66376.3272735607
57874.13284757048,20737.654600554626,21,44635.589889825496
59801.37372051795,17671.751182824482,22,40821.74879499172
34195.536042558364,24833.53968676396,20,49813.05664881997
56098.81271792838,19002.765936330758,20,55821.876845890845
75812.39334687636,19843.223244692203,21,61241.71641150212
49640.89307528861,18978.0211767808,21,41350.817995917256
46094.43455302734,28002.009718450703,22,60751.63991905183
62391.4269805452,19404.04532967321,19,59493.768550718756
63942.31116248733,21196.301958204218,16,54017.19140030344
68289.31249180516,6873.139043175353,23,38960.97362677582
48281.30233343161,19419.73644473315,21,52409.41053134769
58039.56308508202,20881.858779801998,15,56907.04638403698
79101.12956100589,27227.109985951414,26,71025.64849688261
37872.709476016156,23279.78795096311,19,53463.80427046298
29237.57655590486,19705.49225800221,24,52798.15818203945
61822.7319202691,19033.326814907054,18,57244.26036780882
56444.81015235892,8178.639442139258,28,32953.999314538494
43822.12773277452,16757.653946572806,23,38924.63075994268
40324.247493143295,20393.47568207797,23,42573.81856407491
48850.253250894246,9642.927323303093,22,35222.866618347456
65197.812924699356,21672.280150300678,25,48630.04282670753
64226.17696887869,26473.968567725555,21,59729.04468260772
53372.07020835254,26772.46159647453,12,59891.88999639273
42863.023594647224,16248.060515217638,15,46395.0714394897
12336.933735078688,27860.997957254483,17,56332.452062399774
56760.18364408872,19280.665393745632,29,49086.63142308272
60051.17693920695,15327.77506931157,20,49124.2253314103
47849.432143573154,17891.765900664275,26,41806.28991195132
84989.77979123493,20231.550985561888,17,64209.736618532086
38902.32799755684,8908.075258773351,24,32891.99604964472
72185.85952829712,25215.723522601813,17,70009.53629755255
61438.73827547741,10428.397117787226,9,44873.22065206095
47256.425446637295,18951.524480841217,20,40871.84476753073
25990.97363877718,25189.20721414402,19,47206.44835103029
70874.92737530828,19893.17635338275,28,59402.76142614224
50838.967143052345,22582.02232443895,25,50902.46296039223
77062.59609928844,26404.738948804217,12,69901.76868242114
51018.82589191955,24106.89389792717,25,56330.59817595833
71781.48984102072,21314.748099501867,22,65412.23548076283
28588.96203722461,33836.147549968344,14,61000.47975724708
29830.202236812118,12860.218791997122,24,33828.5184637226
43960.84647457806,22043.31723556376,18,52920.625409715554
17491.02114199537,22889.31762797097,12,27720.976553853077
54730.68744908504,11092.85510072851,20,39924.48115436472
38594.248801998736,16938.27120514733,13,34700.17923378351
61266.08356033575,14762.255931723412,11,43338.94729746987
20961.604623457573,20246.000239675326,25,37753.26279789377
67284.12476629406,18066.671328887747,18,44233.84796972604
51283.389959336615,29812.228779817728,21,62495.46243359518
63635.168334364665,25550.75708576935,16,63329.063629959404
47418.480651305574,21522.982630084753,22,54420.0985120139
24999.739342760244,19779.94805621474,20,36822.840238710836
69816.63346657463,8836.019296539944,23,31143.30096400425
61234.90989732972,11380.330968495897,19,35280.32159574995
64397.6891877339,22183.70888061041,15,52218.18838514365
51882.434736795985,21028.84234304027,25,49814.193612260475
77567.46386504063,11165.653002863108,22,42673.488754472186
87809.34242587784,23090.726298964186,22,71745.38138708948
70644.96199556271,17922.10023205628,22,47184.34934504664
28781.73582009765,14453.178726143828,22,39183.00570039919
53802.11425275142,21177.15450599344,26,47889.29978605551
39972.92388788393,22844.504738685435,20,46668.40583857022
29765.63231235842,16637.224784993155,12,42173.11367616932
48171.51115049598,23179.534435386886,22,54144.02341862137
67283.0271323045,16165.168962213815,21,47570.035914080734
43507.58459292685,17329.480203905794,18,40523.48927633687
41342.25029871968,7522.631521731151,22,24695.04223853999
45433.909393252965,21682.430014620735,22,54365.28020427264
81313.73393046515,11736.170176250313,21,47030.478567800696
57900.20478922049,15049.256140796999,12,38243.22892346785
39386.79079273273,17437.487089664675,21,46706.82573884618
76238.82544543427,25503.16289041475,16,62511.122076033585
51985.03784326845,17214.04406867893,24,52511.125136691786
37424.75743211546,25853.61974131757,28,53423.687002109
42675.69641819907,12448.95200636948,21,31597.89711332343
37742.97242253075,22438.682523078132,22,47128.81006445968
48050.81805225355,24244.093814573942,23,60997.10665112555
49059.39578437345,19587.47542688163,26,50583.421647989104
52994.20718680032,25355.434407302164,16,56807.77011449588
42005.29851540801,18328.107828235014,26,41733.70744439669
59265.12720462278,20346.1919617962,24,71210.45455039546
74067.72990481078,6223.167887178122,33,40252.54258095195
41209.600663293866,17472.845576827985,15,49546.704204717884
69445.79317921288,14352.87004985024,17,49975.42202810207
53060.69901646482,24661.764829163512,17,51708.4612655704
47731.40098444248,24130.79520794667,17,58171.011100761236
61126.938202127414,25895.18891398944,26,62399.49624174953
57516.84454337514,8252.417769603606,14,33589.42656546197
59704.11305833026,20917.489195061196,21,58346.54789208412
39668.31497357513,21665.78063914978,26,54664.20293143266
35018.70161415661,10602.761594300644,26,25646.333452883697
18378.669577871973,12735.832260547137,21,27039.910082485763
56167.08949325605,30759.28386486024,17,73126.4379016881
36406.974179222816,23772.023858111494,13,43037.25192713299
41420.51444393136,18218.487260099904,19,46048.161774763736
48535.86664199758,25493.401818235165,19,56842.27915768559
31560.59128640993,13944.348754137849,16,27522.599181265716
71738.55661320928,21317.808187193925,14,52953.10996257449
45875.38999975656,23632.845517958263,23,56773.989140858976
58239.56850590655,12916.436607221627,16,37368.59772096159
63300.17028942844,15316.671145772769,18,50859.50199712639
23162.977031796112,19832.75259117173,18,37841.104919174555
44691.542437576856,25884.889151880012,26,60777.34314710801
62726.89557584244,28235.46270506976,24,57468.18397413184
35148.45897186481,27984.73432181161,26,56708.428634393844
54902.210977624396,23792.080388226368,16,53326.08549011499
36781.21524936934,20297.173797129257,19,46055.25473180897
56132.933672854284,34187.22922023712,17,79414.3289260267
41871.776892993075,21225.993696645295,21,51228.4937315766
51343.25200696317,22929.10956893352,27,52151.99092051045
69327.62382583013,25945.36392085855,22,60590.622100161345
60753.67245271985,15420.058995580128,22,42765.62079795207
39220.70873170971,25112.14658725189,22,61839.28650336974
58039.50594952958,15718.086690144233,17,38657.81600067455
56025.01295729884,24858.903334883176,25,68700.65051561329
67757.16973939183,25367.17727980231,26,55077.51914386926
51493.32545660533,23284.89620464198,21,51114.62020607847
50944.27761725498,21153.77026854616,22,60210.63765307545
62044.52337988856,27366.469603370588,25,72195.3575848358
62269.97902778272,12575.242381549679,22,41998.341353324286
100519.74617090297,17497.55326665528,15,67675.09743404883
73222.768891229,15718.510623610917,16,54552.71425067668
50392.18533100118,19138.716523220493,21,49060.43072510566
48780.76968022135,19305.969459494074,16,46915.44271584509
38896.41706691947,19117.88275380126,19,41262.44767167621
27694.95730517383,32682.422654537655,18,62823.13161107669
51873.69476195201,17416.183123941875,21,42076.37069849187
18098.628300809338,19312.952601735924,28,39119.84349757212
79696.8562456272,29685.80162897698,20,77039.20399912687
37969.37308802378,24352.10181783336,24,45871.93669489134
69482.9989056898,21979.93465384673,16,64137.18468105431
48325.48966858107,27399.409666356663,23,62775.845267874734
58730.18241272506,15053.524214449071,19,51387.39714054509
31075.783993050485,26091.432241387854,17,46042.53009714514
58899.946176839396,27073.685558706533,19,63987.955170761445
52165.98461450254,28012.367935771752,15,58971.5319625393
79497.42972464697,22958.11287049405,32,58982.58186622473
31089.130444654897,17980.14989303222,16,34394.4527954614
30383.60361176796,25964.6483648718,20,55012.98113537524
34782.72678648498,13819.541130860474,17,31421.394447149916
19698.680013999616,23803.37597231557,13,48561.504836803964
37511.338853100926,22441.51995592164,17,47584.81260000279
35842.12138942494,21643.15277514468,23,54894.0952314891
49659.53668157905,19725.937239468196,16,35884.548571029154
50785.23233499199,28043.303578529078,26,60489.86716317983
27804.091090254577,22899.854628749606,23,51334.03256163053
68213.15846174603,24607.774802090986,19,55703.5564078059
58878.99976117637,20551.911535657247,15,50154.315628849086
64085.22144610547,25873.67130447967,17,61445.26696719187
68094.48532458837,18334.34572919594,30,59469.567254873225
35651.91111004808,14273.33612543372,14,31193.209877041685
41533.9438849736,17507.975252869175,26,49096.97198605402
56009.294753907125,17018.80813953643,20,40615.69716808282
69593.1717645745,8673.379695404154,21,41303.311225158825
54975.10692064531,20079.47144077072,18,46490.95370866393
50170.83420817856,13242.328374124598,21,38388.42441452706
40234.97800314862,18614.8613565632,20,43886.08652291695
30535.50169649292,20226.19919370008,18,47843.15399269776
67632.22407043923,16684.055862499044,12,57021.256595118786
44739.262664226924,20816.831679053434,13,50200.13513800097
51166.978289747356,19127.537146308357,19,48298.98287682381
75837.48919598089,14966.91798842821,18,52786.97814086084
44983.345784062985,16422.638064900515,16,40074.14151001151
51471.866304267096,23366.50317690047,20,57229.389394962745
43387.40473944502,22315.061387464993,13,63836.68843483348
30903.119174671578,32452.614885767645,15,62374.20913953729
55435.145132250385,16487.312580687394,21,49655.15791383922
21019.098360865857,18928.604051813272,20,26873.850926495976
72155.08308902293,16427.761783957783,15,51490.65240455768
19557.628889214986,14730.886466985123,23,30402.8429530119
46308.59782041875,16350.741611045294,23,43788.40961661171
42547.2073054423,15697.027722129118,24,39085.50751842849
67216.08015366526,20881.81011489511,18,53808.703978371974
39712.253525230844,16892.96215950191,17,36025.89056436386
26595.853885800127,17514.044627860785,15,37313.74313941558
30773.851121425938,16857.255944562516,13,34129.26086908406
18749.569852493583,16779.323567777585,10,37253.08381893477
63640.462696681745,18916.35980137193,18,43494.46900408426
78069.31761619178,31621.293694741318,21,80631.0809384653
68712.91762120096,22081.669268966456,22,53173.52374194651
51166.406009642094,23200.851820416472,20,60915.50546323451
55579.55987344595,10232.466382797295,25,35089.28679066033
45294.08020106618,19941.866792158115,16,34993.6315840632
42202.967326624006,16407.63627565979,18,36116.403413501735
57979.5824796253,21680.162760315106,23,51967.510277482375
30642.85327233489,24629.93475258739,18,59290.3623219177
58678.41585575676,20378.0871862867,16,47688.28268402224
49833.65460493656,19261.221104404238,14,51742.78587578941
60447.83342273645,19540.867946834187,16,47781.668681937466
58189.05514329261,18574.75667006119,18,46375.20215881562
32174.43483805128,9479.059289868275,20,30671.092835018393
61870.65304454075,18767.165873027574,25,55130.39729274941
73432.5438022223,14902.195959247518,25,48163.36161894047
62093.82918297241,8223.517676384234,21,36946.41890513132
36718.52928572503,21051.54100426411,16,38745.78198766411
63586.96108132093,11913.02524717733,27,48954.68977384184
57167.13412434983,20494.30821186227,28,45775.90423469988
22215.65913012198,16321.8860381283,10,31126.246418274997
46935.155878358,13406.031068923457,17,38807.60567311235
62700.96282344605,23629.887040181842,17,62482.31220157861
49231.91771245859,22880.039303016187,34,51566.381085383204
58343.83536039818,22514.955519043782,20,48298.518754781384
41655.66144243294,17560.206574155185,19,47479.171709818576
54732.24219403659,14675.772842248556,15,43640.849509603664
68937.3043057166,16996.63178197128,17,53014.057312896104
57773.18728256066,19170.269383009967,28,55834.90444155186
54120.798900520764,13074.88320115935,21,42834.31055859443
51730.55328430461,21970.663530525795,26,52743.08016322618
49032.9829393633,27444.257875662624,18,61257.38957310475
39230.83340854442,18160.62252734877,19,37464.04420603955
45324.348902967635,19865.083497460855,15,55291.55474217275
52927.33886133098,29347.207689143004,23,61149.55231958941
20445.50252585661,23400.689010838178,16,41491.47973663249
69291.56091254667,21361.802299435505,18,56606.304631015126
42377.8916326466,17082.810663450975,24,45797.58268063658
32325.153759127392,25102.65828723121,24,50727.6720442137
80148.62497676868,20326.12832152801,20,66826.19089967603
53025.746567156144,21311.513764557385,22,55858.396380454506
66298.04199113822,6812.00740197784,15,28903.633174619114
40023.108917669146,25222.87023208793,20,59280.7704976577
67017.28909313676,20737.403246750626,28,56044.620508535925
60901.776686678335,16777.980428313524,17,46469.304691873476
45268.67326767374,24390.688466839794,28,65368.62408823397
24493.994111203385,21943.59528712043,20,34292.904800272474
65790.43045575196,24741.034620997525,20,65150.543930375636
47060.69283609123,16368.499754639317,21,39477.18747211126
67668.9502830419,17326.79918842334,13,50217.681462442764
44752.21605802911,17805.23665400833,25,37290.73637793429
48892.205912622834,15737.662791410126,19,45918.74895464702
55411.09279507973,18598.024874585695,26,51977.21253415549
79672.99235829769,23776.3795552337,26,70363.40075861305
37921.70851443443,16151.197788866633,25,47792.91671199396
43698.94163143702,21592.301737257036,16,51804.16935920205
41808.33889180393,9539.199455874026,13,27679.119789794444
40544.58591882313,22090.45931418441,19,45504.21882377286
49111.68188135726,22104.705245088673,11,39991.779563657925
66753.66946447559,17600.55680344889,19,50557.21466821324
44415.20555967797,17132.362804610635,18,40969.923708807735
78225.61061508597,24670.717357947804,19,60889.51045930343
69749.97773078839,14369.672838841514,23,41259.42168428765
48389.50263319873,28173.05109863653,11,58289.024472177596
39016.25154555135,19555.028168168818,17,41632.268909063394
61118.85700587564,17193.45970804624,18,48788.07991779845
72310.3928561473,11400.564466863898,18,40966.67351131199
65566.26960761206,23246.162708204734,23,63215.33854153029
39716.85472245508,20404.55369159595,24,41369.6578854098
47732.23993802479,23128.744815360635,13,48718.74373530525
28227.791052935157,26931.21661119135,16,58439.0922556311
30240.625155057725,16209.383202330071,20,37039.42061689493
64422.63762666861,17879.271115066367,28,58132.808433889826
58882.78876373524,15055.03167074876,20,46033.74015396934
74749.05222833503,16280.584131161162,24,52092.55651809572
32338.88531943581,25252.595157711563,18,52853.113954634005
70348.96741400854,24023.99305205984,19,58333.53514499751
69618.19181352906,20571.960039685404,9,49163.75855058912
81189.25115827311,22787.229493720533,21,68435.51902021289
63108.708362372854,28949.22751033041,19,69417.36211960079
11510.244191783248,18068.31575705669,18,38834.83883099869
58350.55368580307,24186.65714720197,19,66745.50791572538
22155.256061676602,23149.993757273744,29,47139.407429103645
17232.654441762606,16149.2531589485,13,35967.163395494834
54144.865656067625,19436.90919129639,24,43991.30326501454
61988.86618748701,16723.199665942728,25,54194.22606604836
24345.57730446899,27557.19615020291,20,45785.74228236962
17286.140440285275,14316.726500814339,17,27192.266338697777
43550.51555105255,9562.182427893382,19,28355.95417064111
57852.67099520211,12159.431885686206,29,44241.69734811086
49770.67054157473,17208.619716442914,25,43885.12049184359
44902.904890759026,21381.660469295024,21,48476.75697943176
31902.445225108346,12579.13987059169,14,29693.5058179933
44897.45210273165,21237.35887916787,18,49780.47218624618
64997.412830103814,21813.87013391019,20,57032.0322770689
52770.1721169251,18102.038922808377,19,43929.43514304956
54932.23661205619,19148.713253443275,16,51684.757679604576
76657.6789044595,22535.424072456433,26,61043.731718423755
79778.73808299299,21381.362930708634,19,59760.104512772254
78350.57744042514,20642.919470872363,20,63779.51002706294
90055.15410188047,10110.348254280201,14,45478.23152662012
37133.92802693836,16965.164498011967,26,37669.66909293791
32101.000867617742,14243.068644881512,22,33237.57456756974
58180.92072486407,23053.575859108936,17,62014.592138840155
46058.07996013021,17652.319587165777,13,38373.51700438686
50551.16573616391,27259.178441407203,22,58245.149673611624
19206.600035192274,26010.201618058367,20,54238.207975559475
54922.74320756772,26716.383130913942,21,59683.3624815511
43826.01458942285,18138.432702026996,27,47934.95371285299
44242.26174776845,16797.46206413681,24,40258.255056958034
47826.68918526179,18207.95979353542,23,46479.36935613181
26062.731251343477,24733.693299380942,14,42589.24456686698
40751.14253015854,25870.910197173973,15,55761.82312340446
72183.4810316919,18689.17294889511,24,57179.08795752019
54985.69427331652,25668.37282604673,17,59056.07413343769
71692.58257757909,18816.577160604073,24,49568.494530725315
32228.706909381403,20990.377367181864,29,51121.27403176506
53789.37309349924,17768.273271339884,21,49141.4205203736
33902.92819473996,30011.145618051858,17,65807.33695457803
81862.61733137879,29356.339122419708,19,67897.57166122201
33230.01877849649,23944.792561625185,25,44987.04462521047
65283.99812341189,18793.961909284106,16,48471.224365058886
43922.78850799036,11432.537360309749,23,41472.24247523886
67590.53092108284,20325.261782942016,25,74082.80906753575
29940.80565339479,22893.723440680922,17,44461.262541568154
42335.388948324995,12915.574119784123,20,44706.3305532359
59626.08815216638,28753.036478416034,25,63564.3563120271
48786.64694692469,27072.35057050867,21,56786.021668937334
52618.2615947346,15466.341974444476,13,44949.94012547375
43791.69881320313,20728.357584990634,19,45121.66500834594
47072.18844538772,21122.59131174408,19,46210.038323885696
46297.67570763067,19797.738080026516,19,48272.03478470693
38740.00490428629,21295.624408439562,26,49777.473082832475
80434.86914181136,16854.81301191034,28,64752.40393355666
74635.42960988494,19397.067432152297,22,47325.83983985473
71634.68323343739,20794.19415220987,18,59734.00037635119
60813.173883412426,16892.612657027654,18,47217.329445478346
65269.98790681809,23639.204928856485,17,56537.479654316776
39861.53904583241,20111.633936285856,18,54329.33965694696
33940.04178004896,17519.155143795982,22,46495.18328846353
69388.76323192762,15479.737324599238,17,57109.65333966285
57449.88637754213,23145.27633386965,18,46335.2026239618
69579.94838706891,20468.849295803826,19,44614.451976488475
56917.857778245554,16232.499342494288,27,50453.4937939236
39397.618543455515,18428.494671970093,16,41221.2818849893
32963.05527463298,18246.327678560512,27,49299.464308884424
59132.50974947028,24225.403344159127,22,55618.45957854315
63076.98231859669,27668.422052502836,25,63891.53375680659
59215.567030336446,19268.880339924475,23,39271.70043068623
35844.466615985904,21850.622805265768,21,47847.7603020583
54221.576630615615,23138.66851626671,25,53183.8243127799
54929.78488038019,14244.030309950675,19,39771.05103911823
40705.35732803651,20254.88680019948,20,48354.81080989891
70977.89808020898,22249.594064426696,24,61687.367474159604
48630.811283005576,22602.32956248502,30,60746.817678985986
73693.23009828838,18692.820898861435,11,52928.72923587065
56725.17024638282,13497.22173916252,14,30169.449198836126
48618.53204174876,22498.95864707404,22,54631.256508786886
52795.929568519925,21195.760381549793,13,46728.85147365871
19694.587091470625,24158.357344081825,27,44168.85315945577
50795.866137987796,9542.335675155413,23,44754.051906347944
15884.52272278924,20165.352253682904,27,37053.10553146123
43078.35994878261,18366.22556801965,18,34756.49539000287
56952.55448927727,17559.794171078185,19,45723.504140580386
44967.34784840201,13879.991823479495,24,40640.877170578846
73697.29193999739,15104.538436744777,22,48841.22401094521
51177.6216800198,20691.162366737044,20,50734.82385387742
60900.952468849966,16303.6489915599,17,48260.42945044334
49238.10946005028,15136.802171704705,25,38217.45114198251
56644.161959884084,19693.27804088074,14,48095.984874788155
46543.95372865729,15913.575025748272,21,48185.94840433852
60537.32276923886,19649.17896653805,19,52419.473761585854
68673.72712458916,19474.69338079283,23,55051.615861667255
53040.26604218689,20940.909997159222,17,38219.06099302333
71883.60638065584,15310.270104165707,17,55868.005729989556
47081.7719273666,24238.64293298178,21,50719.53061372654
70544.19340126781,23755.534183150117,21,64974.37595714759
62852.85082160226,19779.079236184927,15,65984.96790292484
47678.3279209949,21624.459516624465,22,53398.739938573955
61690.21774101747,22165.05013698879,20,48905.622890534025
61306.20331059175,22787.93080712439,13,64684.69976213671
64404.9569498508,22501.167998639,23,57424.0531904237
19338.682286018582,22293.17187730785,18,35732.205231048174
34257.00934378888,21402.03567057667,23,51542.50230831203
46512.96695005243,21875.230474729055,16,56500.74746800085
54503.80706270526,9251.108000424883,20,37442.33409642082
59693.354986088176,14321.948115546886,20,43368.71986087072
44206.150390801995,22750.94773867741,11,60527.92553457542
62579.88510229323,14659.86102260034,33,45624.66635402017
18411.93316895887,20046.355063313113,19,49830.70557153529
29637.01859430901,15910.272336001359,30,44509.69641872155
42572.41525860104,21134.702113916952,23,41474.29935510686
81501.87053159847,4048.486389285854,20,34529.09038157997
63902.760762495825,21394.5405831317,23,46636.277858277324
44311.27432513113,19242.05484083459,22,45303.99853007717
75379.91846989583,15149.677198534122,16,48717.97434889501
35499.24992330799,24482.42361744431,19,47007.782300142535
39157.81699687027,28414.851518419393,24,60817.54313905154
54237.85944816632,9268.124952341448,23,34812.62579277551
51827.768638145026,16666.293078275216,16,48601.66631899954
56264.15217537769,12401.472270506158,22,37024.99499994793
44806.35300075424,11148.788742095887,22,31236.25977725586
60436.94240170323,20473.79252746975,21,48979.40016678378
52011.137663322384,14609.794236517178,18,42658.2393527671
68434.0996965688,14606.960330194033,16,51610.59542556663
62257.93815467957,16183.697708637837,20,46817.460606989436
40167.190471792484,19625.49837025844,17,44570.19247666169
32381.14449872326,25537.98036430304,17,54555.66826429741
66149.87000798184,21604.88817082451,16,50672.288050988034
33554.95875429973,21483.114915280978,18,38650.24973993602
65926.88159322785,15785.883595260802,15,48440.38443132318
46069.95324083794,24392.83226235865,18,53503.30868068328
59444.03333460713,25333.576722910126,23,57675.966937882535
40819.453225873935,24366.84871233051,32,55228.24479411216
57086.111385282245,16188.442931054662,14,41824.49139737904
67357.65096125632,23965.579057639152,22,54267.0563598878
43461.306484236,26060.145256087882,23,62241.3876423207
36729.11392470449,24112.806152760146,21,48819.51792840979
38109.85177949289,19092.868474730672,21,42351.02929853183
14809.485474643872,15791.903675952508,20,33608.24133343841
37384.920162235576,20924.551241501573,23,47801.56699715468
68479.67345525317,17440.635131813437,20,49439.44921381176
24578.38904386635,5157.746535203871,14,11775.932609260526
42076.21275388439,16745.77932885798,9,38151.70487251414
52209.97224515517,21294.486874400976,14,48224.26284061225
51861.9518253128,22172.085994218392,17,52450.29692095333
37557.58465137827,27677.260507818988,22,57320.501682212685
69732.30036458433,26820.041991271864,21,69976.72110713559
61431.68311520208,22365.07600695726,16,54271.60619355855
35553.71261126837,15929.751779608594,13,39419.7720700727
47817.06833876148,20530.29842152352,20,56546.19120209387
41132.95668794097,17844.166228676928,26,41493.55910406376
57300.159118494994,9266.796298512976,27,38384.512802614314
72208.44758588514,33337.55005183936,18,74857.36915814175
57543.28883725119,14449.967270347715,20,45234.11691653802
74192.38701153452,10722.260950985683,21,41625.9363617683
48442.87867707469,10583.216298560203,23,33125.891097679916
25851.275279768055,18924.51651764181,23,52479.732740026986
39156.54402283996,24985.13520379221,16,52989.58371661658
60982.33306963779,16420.735189794083,23,37105.08102158029
48966.16643273001,22637.083276770456,18,58760.9673555059
51748.11317384212,21766.695587099442,18,56531.801411058135
43406.568885715176,18397.73228484533,22,46078.06999958037
41761.687658442104,14788.203538128682,22,35911.97848495926
67290.29009172047,24223.008085190297,18,59252.46302277722
77977.73088939529,20781.164089340113,15,62230.41623591124
42936.05516371574,19982.096967907386,22,51433.139912043516
40563.14969388555,26219.251999349483,10,48265.4074252124
62947.68037881951,21480.435341947614,18,65281.28300542726
73465.4385398964,16133.72849167966,20,51092.8739764664
66653.21480069023,25107.346272721006,12,55526.67167836643
79178.70343469,26707.68120858866,22,58653.731047551526
67482.61837646653,21946.764199863683,23,58917.38250365304
62387.18965841708,18954.555839977445,17,50730.06747777173
69053.92359132912,28547.198339204715,20,69386.43811953228
56925.77100977593,27778.825208046772,16,62806.67745293037
52119.8291936345,22080.05844038264,15,59673.08792650666
58934.5525669773,13257.16798286152,25,42134.68239853815
58202.683610787324,16509.738358234063,18,45319.36881487851
40318.44064557442,31597.54908019272,33,69790.84941377219
58278.45274330779,16770.399586802938,11,44001.72333534071
52879.73157591532,25856.389641174,21,65190.4501543534
57804.88439078882,14641.976511908344,26,43818.99385357996
50871.76418868657,16491.40565496018,20,38308.34601554366
56547.66375759097,17334.641511432383,16,51781.5249727233
55081.96273581446,22755.64539798694,13,40016.70847555215
33699.12304981622,21334.454392991993,16,46202.69455637266
39765.19477224225,33443.943757772264,18,68942.0028960196
28222.58806546588,11414.515917147888,14,27673.275485268423
71502.70137956095,11032.749079736928,21,37966.23885804216
49953.00717501537,16980.25556216231,16,50066.665847060445
55070.823917532885,21538.607426580955,18,51558.976901408576
49953.92349705391,21973.88016387326,10,36341.97832474069
35009.85332524227,19558.454538042566,25,48276.33265675847
47496.318163019656,14972.36103645025,12,40853.54385095075
50177.35057999578,19304.657306204277,20,45729.28813726402
23673.631017066284,15193.18253774978,25,31477.448279982204
57725.84728000367,19814.62612809439,33,56733.582547478676
55316.94833905918,24500.937529522507,22,54596.47041760743
44868.21353910169,8918.104903110354,26,33254.23699409673
71979.51368323546,25526.232624736036,27,71623.8255602899
55908.572121863144,10667.845105872088,19,48083.39141962853
63564.143003460034,14316.65867754515,24,47130.13530254333
55913.94813605587,32785.372546529594,17,65234.187948424296
56115.39575519914,17061.71908794745,21,45422.4301490038
17551.6276754313,24908.79606037877,22,41319.368265200996
42164.135634100196,27022.992069106862,16,59553.87943633836
48498.59259909026,25023.227433804386,16,59143.14080424099
33539.66046966912,11585.630664122034,24,35198.7065146246
46300.11819920927,18446.14682033289,18,43602.20590889252
63787.44516952215,15084.709012556083,27,48263.37850225547
50172.85126814077,21766.03899375091,23,54271.87094267358
30302.953229349492,16658.342100267448,20,36694.81121551608
57246.248864537585,25919.323281640376,18,60927.18079042835
21103.49099383401,23081.558157092288,14,46073.07508362327
58880.55687012952,17163.145265812982,22,47523.785784626794
42167.5380928518,19676.236244855212,19,45075.19248109423
78486.18209560339,21966.079092548476,24,57011.11513932866
28246.352425522568,19477.19950242635,22,42545.30817444438
49498.35195482331,15483.422276146628,27,45921.12839655878
33359.105222883256,18289.10005963953,18,40282.731848963645
44371.292830032144,17294.602976061462,25,43963.71668539216
82538.25027514319,9900.761837010057,18,45832.714943931256
44082.2983712021,24125.021285079332,20,56942.13672737884
32016.934239056565,16635.93921831542,19,27366.798882608575
59428.453604833456,16983.53812590618,13,48395.09899780136
44642.79636400534,23631.169844342963,21,55768.78842664888
44594.58349705674,21210.622456812154,14,55192.20669105646
44883.68829115648,18262.734938050202,18,46742.84213725892
44950.44279444819,20704.22190121768,24,47750.44027683147
67384.28221810432,17496.309899770808,20,56173.532795403604
26526.844483322955,14721.92716775124,14,33384.03127821875
50981.33721825177,18230.109948451016,19,46044.25236312177
53969.37948046971,18091.550568371422,17,46118.790189391664
52329.933121001515,16033.653522897343,24,48882.83582814475
33242.3841998984,12943.424304863129,26,32253.556342320928
34599.878806716646,19928.74223006851,18,45566.82200436908
45211.99589749947,7626.761102091068,23,31927.584470873342
34986.19120366762,19974.006651327953,19,38106.1713081234
54676.24239692789,17996.59994788398,15,57777.41485020038
67699.62038679229,19190.78241882151,21,54642.3820831376
50908.00965861397,20478.053979204447,13,45080.60052428781
45322.27544780282,23150.890027560814,23,53889.87445460044
17953.951107808505,16784.47286658588,21,35665.760811353306
54440.37679946526,17686.408604444434,20,49336.497330242484
38115.60316613249,20404.37405454766,16,37870.79109383821
45063.04846106745,14777.00125586291,28,39558.93439656658
38933.20731036517,15525.858837780279,19,33284.384834636505
46771.83871739026,21268.221327787272,23,58374.1877260741
53146.106388972636,18342.830264725475,20,51634.49923274136
56047.50431900105,14716.947693903297,21,45664.194666511474
65755.15421554403,12370.470215471283,15,37459.658671976686
46911.334799181044,19358.3603811216,29,43013.7780114682
46655.593137568874,22262.464437792467,21,57869.0285882383
68529.78614673411,23438.683226844183,19,54802.18856871429
63196.72557353022,12990.254551058684,22,45536.89018008133
69345.98064856074,21945.533945874256,21,64389.808487715214
64075.16801064061,14694.548140087063,15,36034.27585598667
86527.70049377313,28550.448648857193,20,71185.73184236852
61168.96015102285,18469.547839981595,25,53088.062700734896
34014.61606140748,13803.17075070994,22,36407.97005289934
61164.40523123391,21510.233963159084,11,54185.98508804842
55569.909106744264,19585.499832726433,19,54457.47961382166
44439.14955061274,23539.557456301824,20,54531.12007061908
42889.47817023068,21088.697309152816,20,50615.37929250548
47416.25426755458,28335.644983524355,31,62095.23516234644
17918.69694023312,18075.035816332762,21,38219.57919566986
11801.244824134737,24314.379766464906,17,37154.90678792883
51203.074954239775,16694.595156237705,19,52396.68193479917
42571.56574819304,21091.26432913291,20,47328.68033942503
41731.51161756307,17567.326772773733,27,47462.823070397004
44807.568975898364,25504.414586545157,18,54146.99355532404
26952.467866265215,24770.59792180935,20,50374.5278765118
61107.003067898666,22552.369043161812,27,53522.99806015057
45497.257171552075,21715.625462484142,21,53545.92682366067
50571.89780729177,23467.372700992026,22,51364.08497933108
64104.43180822293,24766.880857336808,23,62636.26621253561
44836.39172195716,20521.78285810029,19,59036.707401149804
63339.561429525114,22747.024618656982,22,60199.24987784701
55448.82005712571,27760.62402354093,23,56915.83359205027
63246.674345483625,19032.055962312348,23,53166.52495011785
64498.24051743574,21309.819315650948,18,55424.6678541093
57685.35997941814,18008.957355374947,24,44702.51676182737
48664.58943469153,26758.689346568906,17,51361.17451769754
57468.127983960614,18777.743650217406,23,59307.99441961864
34316.40578847616,22552.65904790873,17,45056.05235242225
55676.93622462726,30620.198316423448,15,63203.40413821946
61952.972455912844,25021.81719519737,19,63349.375377280514
35659.44399103662,18766.241181710215,30,36661.229976745344
69292.08256083986,24120.910855119502,15,61294.58247596029
49088.01277357465,22181.26718674762,18,55291.39256657774
55752.32707779482,12261.64227605475,24,39615.85378955352
31958.092478148523,14189.830227331695,31,36554.73358921933
16677.234965908894,18445.975565220808,19,41570.93051442821
68206.52390375825,21769.511383063415,26,61908.3671981674
47946.85058933648,17006.592954211057,31,35420.90538587987
64821.483789690836,20155.182867025134,19,50663.03114762449
47313.43803823003,17375.609928369224,25,46972.78273097741
36930.98772554481,15484.297052739854,15,35213.96948244594
75976.28087454944,17796.400804510813,35,54982.112305815426
48897.166917579576,21537.862460155295,15,56595.945682291356
51705.96643299513,22497.66783412809,18,49722.47553462277
47394.65643251572,18262.531474588413,20,55564.8567313725
28591.10478704828,27401.102241051864,24,54279.84842903451
58116.577277392054,16505.9471631521,17,26749.512766127256
56315.79948768881,21265.905316164615,23,50366.32018267011
63414.238011872236,17938.466352211304,21,51625.23882888474
37815.28231083178,15808.830943200395,14,42039.973731820435
26337.378530418508,15524.842084066782,16,35223.67127264222
58580.7072377752,19534.791716156957,12,44513.91710678283
69598.37469904605,12342.583843533339,22,45011.50994879511
25887.095371437033,21912.141037871606,16,38458.778023252926
29062.328842738625,22022.361528803398,18,39980.67232035154
41735.73192339627,23183.18719468672,16,53311.995944899536
27598.685193304245,28362.60049277814,18,52568.455785708575
44107.29065201674,21625.54543075234,23,48281.812701101655
55663.71629782151,14761.493811651486,12,39449.912486761015
60946.97700231364,17897.53893820764,13,49424.24532942445
58101.834771147,20114.464434225294,15,47904.32532707714
47754.42138874057,18842.775516468446,16,49201.07788267904
69188.89594085455,15254.835619056616,24,50861.729423310426
21384.721634977817,16563.76555971505,19,29290.543578247092
34161.66144062109,22021.851118319584,16,48422.176023093525
50497.33632877329,23295.493617797412,21,57632.54642502354
38470.15423425106,17807.09756324282,21,34744.47271193081
47920.091077463105,21180.58479123735,21,52140.64186005821
57222.31412663119,13007.454754584516,14,44814.951285563075
41724.70256232796,14670.297689451083,18,36760.333257099584
41787.883212129804,19678.44457253104,20,42975.171122404034
46057.44669332936,13247.125023963144,22,41389.11006366987
63132.79112224482,20908.703910402503,10,50621.86630082889
59509.1647766159,12883.144173037155,21,43812.7498678566
62067.487406031665,26241.220078759554,22,65710.73524660504
52267.01592061226,26463.892179377548,25,68677.2789204663
52636.04380065729,27041.261128286136,23,64935.049019244514
67474.77975601051,15329.113711409274,23,44488.482630099665
37143.67807723968,24039.343833504394,28,51015.9607972311
67844.42896290433,16929.07077024365,11,42268.21796053781
52579.27490830776,10585.110034167203,22,34798.7463710351
50737.042512135966,16232.618043539893,15,45231.270721648194
42401.84021629565,24512.844288941444,23,44615.32947105356
68160.51610919606,21481.861710053272,27,49896.70782079507
62655.79050402168,17079.19419674445,22,54856.03310902531
29700.462511949947,18998.480894285556,24,43484.406596893816
54867.48948429619,17002.90634356196,21,49662.636899060206
39154.35272999479,19234.715107029297,18,44573.28620654476
45984.21502883032,26857.085097570056,24,60313.76238980433
27346.350491668116,18100.120775805346,23,44687.14872435941
52349.609373851,29087.174577713035,23,54715.9209891504
53103.15523958331,14894.343445744598,12,37092.74799225625
54056.58563405599,22722.146173325415,15,59395.72275774659
43916.18672343157,24746.21504200809,23,57112.901652707515
45856.12476876641,13296.788464122012,26,44110.83197500562
21773.994324086234,21543.58249785775,24,43723.671826785416
64435.99054521533,13338.94889897971,18,46588.04862800028
23399.645955633936,29236.635686055102,16,51919.92408806181
55977.28268984624,26505.52352755959,19,54088.91308231794
46608.65687789353,23298.55630905812,26,59054.25279059727
58601.295992699204,20118.358347074536,16,48493.111775870675
52272.951795566754,17401.31022541246,20,45326.24315549247
35238.72820694159,16702.878613378634,19,40008.32998258975
58481.748067336266,27247.114508645853,26,64515.97958921093
49347.940773482,20839.652680034134,15,50831.495522643956
46581.19563740638,26316.31126410955,15,56860.397829030655
53431.37856562172,26595.71632553474,18,54408.321634862004
67325.7715060983,19495.063456655105,23,50368.68513179623
44652.203495598296,19101.454516395755,18,41490.96749802103
55613.28023699498,18692.179014038145,18,54161.006981656596
53172.69930582974,15814.374671813403,18,38645.19618223288
43597.258957194725,19435.972121590577,23,42568.97858256684
41212.8861842666,19812.12808938996,17,46265.76952619018
34863.203040171065,23292.521481427088,21,48094.608912433294
57536.15636898114,19451.110096198783,23,51155.646108667475
41072.86971508408,23882.59051373556,16,50447.71303795963
31000.55145810868,22902.66250200796,23,52599.271645906905
49134.24286073077,23638.169705611683,24,48956.98440378826
64692.50668660151,20761.454590418485,15,54250.9144254138
67502.36788340079,22475.712259849442,20,59597.28807858174
7201.069328353624,21169.401548615377,16,31395.261848994596
51849.11367518566,12383.417218636077,16,35168.13530995015
57894.52709676281,17901.415762919576,11,43819.52185741847
57153.844995187304,15499.533426755159,15,33227.40079028554
48730.13778885693,27516.28692429908,31,62099.44313650163
74089.8732915103,24707.32661430648,20,67248.96535582084
68893.01366797481,21223.339523467163,11,45956.91192014377
48663.95636389054,21906.99716172429,29,52174.482856189905
43770.60936292942,27089.301713065466,22,61774.129613938145
55062.83527861519,17405.957841889587,21,45790.8629026962
57171.97996593132,26196.117528768395,18,65140.32999377613
50751.72705289767,28962.23081303622,21,53695.33343408665
52051.26674452954,20365.231951018137,18,48231.358867786505
72956.6650238143,16076.780899606476,20,45986.03952792139
73358.17392995665,19080.1368610059,15,47298.405882251944
61700.945872057804,25347.331180265268,21,71834.80111938999
63831.48717959489,22821.926510909365,27,60120.669468878616
62784.89636579447,21426.9626866534,23,60741.256944357934
47010.03993141147,15650.798144091292,20,43209.150086043184
56741.20438215601,20360.8076877411,20,61725.80838802265
53902.535808491666,21645.352717170823,18,56296.91525829959
68452.16681228777,17772.46542533249,24,43693.56941270999
54382.846998747074,17996.482709546897,25,53093.56369277288
62882.697078463374,23805.967680578768,22,64021.746318655816
48183.9049524046,23083.432500058454,23,52060.86581519481
60402.898983709434,20283.707567441204,25,60814.61657258947
54079.301608623726,19075.58739786996,21,45990.13616867634
38716.2227782022,19527.583281339474,20,37455.46653975252
60868.31756685476,25240.17892774489,23,61240.34781089212
65589.29800020858,22974.580974852597,20,58600.3947856693
25258.03389738379,21014.49784225855,25,41152.93075644285
23874.81056227745,28284.05616714088,21,62970.64289340955
53548.258672938915,16703.925469952323,25,41558.71101297037
55919.918452656944,14373.588027339862,17,51387.161602938984
36381.587030188224,8239.550425987065,17,23641.37186941486
54307.636752914375,22756.168992243867,15,47908.98103416655
48575.94280116781,27800.43834990544,23,57024.95788399276
19441.904152227755,27422.63836816161,21,52134.50846940832
52699.503840137826,17040.65563413576,28,42414.198230520415
35421.268252081085,16081.808095244218,25,48162.54835497809
58588.02069781804,8502.080938700597,24,46953.66421259804
42439.66949669067,16678.99903249668,16,42140.10605426029
55294.888201968715,14521.875161792943,10,40436.39608185529
67602.49837420657,26269.194100031928,20,65366.15721624129
43727.13301685241,20854.505694196076,18,49622.51213804587
48064.9083315786,20339.260234057794,22,45138.93398475621
68735.63690114238,16467.845848916935,18,40768.284994319394
58491.920034249735,13237.017988919311,19,46718.2039888227
48820.60001999631,13553.236253390276,16,40948.82447802243
72053.130941702,14903.597679843002,21,49195.648858592445
46832.71786243584,23937.355306509628,19,55548.54495637434
46570.80482723039,13044.821255220835,20,34206.754454102425
36472.42963009751,22703.385501533594,18,45188.4654033295
58399.22012221116,35006.895412213846,22,75781.76926140473
34430.2938322032,17917.520472636013,21,42846.483562199704
70180.54369367604,21770.921613890772,25,71595.92947230097
41492.89891519387,20254.221841531613,21,40736.920657150105
56856.13200660914,13571.501961832506,24,42707.97838054185
50629.17481517028,14715.08673469337,16,47721.95748701939
57728.26623555611,17630.24828829074,18,38359.83273472417
56040.40972229658,19797.886308606572,17,36103.4420977998
51384.37202758644,29816.513367535215,17,61782.331659261465
44537.8195726471,16744.692467851935,20,38160.55575534188
53892.09632006701,15885.7051139859,20,36925.7844554931
68736.36574481713,15369.774056893459,21,48408.895031382504
45439.54885024441,25986.225590415837,18,56918.35080172732
33194.05163496494,17146.153747358083,18,36966.355016139874
59754.846260432816,28346.887806927167,20,73185.85461292113
53902.537357546484,21659.691171905135,22,61224.81417345082
70277.70450844166,27953.831751669793,22,61957.55793752209
58195.881343063396,20361.706368258143,16,54878.15844885331
68685.1309263282,19096.883802209297,21,44199.75353274811
75984.11483646292,21172.750021650856,20,54622.2694344346
45778.36747847317,26807.496415039062,19,58115.04851159046
48437.63011027608,21371.330543998116,28,46814.69133022749
66590.10845667857,22694.447525947482,17,62576.855695157
51197.755137511005,20452.05040955304,26,42278.2921216443
43958.70295012646,19044.625499730206,25,40875.63622205045
45993.51468715398,22645.04226776809,31,51361.563335664214
40646.52291093341,21233.493316851273,16,47218.11375621741
19726.98862820687,21218.249945130847,23,40255.392131442895
59740.02463968041,13941.092858451993,21,41182.70685761376
39095.73130958057,17405.69001129571,33,45690.836727090486
28160.550591341085,20249.398934532812,26,50870.437726099226
63195.100831818505,13407.453999884532,23,47635.139439512095
28448.439215602357,23706.947611268646,14,51904.01743020419
66920.94307485544,14160.523140380406,27,47111.52701441032
60023.72307384129,16218.146329151365,19,37396.25082885806
56701.152936669285,21809.286733902678,17,55080.43765999443
32301.767735093334,13151.506128648884,26,32146.716630034214
22584.49774425423,23425.659611652572,16,52035.3636849556
39174.089399904056,13945.03976542575,23,35010.52995460995
11912.160883332042,22072.83662557546,22,40776.71376604642
14926.064551223695,17595.055536510154,22,41320.32630549648
62822.051927070235,20690.970955561013,24,46427.96432402168
80176.70025985202,18753.869572952943,25,62620.33486865896
51783.669914790386,16246.033246765868,16,47208.900878206405
50487.3111793966,8368.755405236705,11,35798.76520607505
40990.50650765724,13789.00206723016,19,44529.831530337106
63451.521273744256,11523.53578621007,16,38598.957442442545
26818.626982060847,16899.59602371507,27,41318.67464128119
52868.26544712467,23180.70995460289,34,62794.30841493112
77609.21794402423,28122.112928307186,24,70145.20044867205
52458.86292051293,25683.86751188522,23,57157.91651554121
45656.6113160895,23991.01791820155,18,57975.416871462534
72998.39036501724,28117.245127074588,26,68520.52754706077
78622.28698503945,25828.815305233795,31,56814.93953257569
72543.17366636652,29210.197800518523,23,71143.42428032242
48737.42223418151,21053.19264594652,24,55263.58383082708
62696.85589672612,22739.94610095366,26,49854.77862741744
72815.75885584389,13415.672993846918,26,40364.21117357988
42601.533181338025,13245.676158362916,20,39824.57125717632
36788.83975207298,23838.257847284778,16,52643.98423298498
56341.31309393497,14459.748525904324,16,40383.11362575837
34751.00931419897,20219.842047201637,18,49457.95996587508
32083.543772510606,28802.282025361405,24,53346.690483767095
41647.50225943116,19942.784673292797,16,53137.41771001903
37321.07384331703,22576.99085506455,15,44247.76457735079
35393.50276766298,18577.34080727694,15,48589.80002088403
52340.634581533304,24991.32323171589,18,61336.757020287194
54280.581576038414,23406.691611820555,17,47249.11526698261
29362.95796209231,23514.717813263705,16,40703.31406655523
55844.71373447739,23993.268613713186,20,59497.85115203471
52771.08051101568,17532.493142607607,15,43046.80346857654
34815.13762581657,32966.70632916573,18,73615.3854302868
50414.35355227964,18891.765740870098,26,54236.15435130555
54045.11686820953,18761.184217575254,21,50227.94887187284
55530.86143054422,15909.003298914944,22,35430.318764888136
63361.951738344294,20022.115678855545,18,47139.6243144834
62266.06569547927,21069.88879593394,13,51075.657250067496
50658.95104428287,19070.453603833183,21,41030.22736234367
36634.522517440986,26581.632520480664,18,48161.06278846066
42884.96404578028,21468.773123289593,19,42424.700151031044
53156.887427575566,24579.704990661492,23,53601.81011439706
69379.69357866401,10446.945920130656,18,42500.95464131918
15543.903990715531,18786.766884822613,17,36480.65248080093
51548.70756995862,22833.621849389707,18,53818.73830816061
47805.3683229591,14996.218764645742,25,38727.473225719354
54157.27867013684,15344.587592758682,19,42588.60501389352
29384.32787499646,19976.84000083385,17,44929.167449887595
63708.835552173674,19881.28994178368,21,48283.04128141144
49699.993413644785,17274.625942008664,17,44784.80470250413
46037.47491166928,18895.008926907256,23,38231.86906902506
55957.748725855134,24661.171513841135,15,63832.352453716885
54869.42752229844,18001.561278528727,17,46863.45438335699
50385.472080737134,13464.508284045696,20,48195.43909009284
41763.800086736395,19805.804032196596,14,46242.90832897368
46751.489914525526,17551.52761647405,24,49839.55881479548
50400.28095157827,25039.841793895197,22,56086.65854660869
77326.01363354488,27828.1748114714,22,67144.71324381055
51709.66555212848,14736.573646772804,20,43947.745086822964
59995.04214156945,22170.05986439476,26,63972.74531836984
62944.28914780576,8876.119351823172,25,35358.73160386919
50358.7182322885,23529.624809363482,12,56070.04726851826
70546.15586533012,21936.965410940036,18,56631.13733051581
24779.35952846811,20615.731540647925,22,47882.44210787324
54686.68116917996,19936.566183598952,20,54255.47556007336
66602.78770202227,15112.32359353013,18,49474.470492368455
57734.17034509532,15833.330168528755,14,33432.94432229395
23185.472861600367,15190.719159347285,11,37531.41474701264
54337.15700908208,21248.307488285,24,45672.44826939212
49391.77469318265,12471.992549180586,23,28568.579572923773
51030.61713489105,12106.307371117176,18,47234.470982908155
45279.22001507868,27315.278519350995,17,58238.008843402386
62669.78076457641,20958.762497490196,12,59819.86358004778
47868.11671687254,12551.772204770059,22,32297.481923754538
69221.74400348813,24803.437454762694,25,67063.69561560435
52310.15676439082,15636.996469275804,18,33471.41089469584
41088.75714700395,16823.25773969148,21,36266.08332145961
78975.5706847313,20028.401347463732,19,65621.04584885394
38148.55326542746,13268.048338208268,17,33048.03497137654
44977.701385922264,22973.43670944779,14,50907.76445183438
54944.43982444004,16991.83969390015,17,51981.669048308555
27754.2516939427,7378.993370461458,23,23501.068933728486
53012.920528827744,21787.76311961665,18,46916.04871232694
41092.045750100544,26682.929001569188,23,52429.04969732092
83946.96891579998,26278.30460313057,19,64807.711198736215
46384.44290927613,13615.692435489538,25,44799.74956162339
34918.22360353317,22443.96430281735,22,54413.28454801719
55218.1613752049,17668.755763201232,20,45040.79293006228
51582.01614964367,21355.893892990367,20,48551.94059069875
62166.72507806614,13083.611859491682,34,41925.26197278998
37052.25178972845,16869.52562969744,22,38708.484942985975
73019.64494893076,14708.181573632486,19,49294.87426762207
55525.91263741671,10620.65073652394,26,43326.264432237396
39068.31022572587,14516.479203438004,25,40196.50146892011
51758.6879577036,20365.295991788942,19,47916.10814222777
59591.71289336069,13337.265523519602,21,36109.8269083525
57438.3439978306,20024.33939359763,21,45622.138943404876
31813.180351916817,23282.360585806917,26,55070.80976368098
20987.720312743415,25820.297053016686,21,51430.33128879442
29577.898981803573,28738.25435921192,24,57830.69296791042
53263.35119936702,23733.05412405997,24,53195.34473704513
55691.75338095416,14032.73021243823,23,48239.857239350546
10018.698363531192,22588.1139324134,16,39933.20174332312
54251.92208369961,24565.888133611825,15,53897.01102926134
38884.21271799246,15362.232205873373,22,39547.69895658139
31745.04996597577,25492.65960161945,18,39859.44204301914
40662.69648512418,17052.289965848984,19,41679.9759717975
50839.68304993776,20188.276032183338,24,48835.87865638686
48606.746792386984,25546.398714990937,17,64918.817480503436
16427.13419076192,17524.438522201737,26,32258.41061914745
71761.83558607668,18539.28500009019,24,58097.54069206111
59694.31744819319,24688.316231239445,21,56274.11750349588
52279.014708542665,22540.918048989315,25,60975.53806570914
24398.781794857805,9223.01238829936,30,34261.23494096962
37639.995229810615,12527.41490794776,21,30373.152416253804
49000.04729480273,18689.069847787883,16,44315.836686414244
61611.10052817807,18354.765632478306,28,48999.713597199094
66204.20098093586,15917.778130002176,18,57259.10422639654
87535.25369204764,30506.133905017443,11,73606.63261248093
52255.38170730199,25440.421809023414,19,60636.24994458481
40200.574315711296,7334.086150766727,20,24121.725816425485
61255.33148204442,25487.470434400908,15,61619.476736489756
35157.89901329482,14955.951003624166,24,36472.52589876576
55358.43261215982,19305.787824360406,19,49708.410128986776
82216.64120347114,12148.70085177285,14,38091.86052983584
45403.13780064303,25992.17708123078,18,53891.87406354057
40518.253454446916,21005.143754255896,22,53730.72999882167
29159.87501867899,26809.100431294646,27,46847.834306369914
52195.52992939931,21397.2095804356,25,46384.80735127218
27537.555906073405,17801.640956118674,23,35905.83266298629
33455.66704726006,16102.786454881203,22,40336.19280145195
29792.68802242945,11703.474657022214,20,39416.76043157638
65759.30816353027,18365.394641890343,16,43490.91608993179
47579.1726697635,21144.89461934366,31,59751.45665512601
70456.53395940189,9070.026351529557,18,34066.78739447419
53243.96337118771,24031.502783302392,18,51446.27331741905
43214.47162417357,20420.490795842376,19,48755.00606289466
59290.54798582283,18188.599723081836,17,44672.85139137602
59625.17254919806,14511.129156779967,15,41107.68901618892
67979.07740875352,14103.072761981412,23,43086.66421010249
36753.05062107459,19160.62385363093,24,45407.86937208535
50238.48942504734,19211.49114106333,17,52857.47732157631
32615.189431537074,9469.326428769162,21,20202.868757816337
53649.21456678674,31393.10876323149,22,66112.06290983611
9538.204052623165,14849.308050410982,16,30857.993021815415
35105.74080923328,25843.29567600879,20,59420.9518624046
38621.390842262575,17599.2557627261,28,35149.317419110885
49705.09094461162,22554.713163472126,28,55376.37394299479
65408.59496687157,18563.46231686008,15,45065.49252033629
23869.90865372422,17792.530876458688,31,36027.98864125309
62763.30960036424,20543.912917626847,18,59647.73823392297
55047.0950138494,17479.002894475,13,53251.348991037725
56213.11853348135,25580.961372408136,20,56726.9496126611
45830.290960013896,12796.731985767417,24,32839.065496496776
60801.17580399028,19026.89049655628,15,38341.32439166606
47225.4480187727,16157.278231148828,22,45477.54175547551
36628.30588764392,23170.267181683837,14,40478.349547312806
47005.78385853936,8954.771506152772,16,39661.1525570645
51692.26360695364,25744.32356532223,20,59489.86531032152
34443.46394744192,14618.455293901967,14,31729.41678186833
13545.665358919141,22769.090675419953,25,43034.64047161666
59970.519165997306,8992.492253598206,22,36238.56566568256
38674.92332463524,16936.463295158897,23,44139.434193381596
11772.726591132967,17440.89192494759,21,31702.834537917148
51772.14553332895,20198.879323807214,30,48020.33249915208
47560.4440643406,22294.836828359308,14,43364.26871375775
29637.578941837426,30666.316276366648,20,61833.27669135678
40200.912717786494,17047.49030300376,16,34475.5614286572
64511.124018677176,23070.65490467582,25,48406.84540031525
26426.653040784287,17362.567506373907,19,33721.671456341726
41786.633238467424,21365.48972553933,16,46636.40730804402
56519.52493049936,11916.674316750301,14,35521.78836066232
27031.103064696963,21026.41411886912,7,46355.65490175075
77403.86542716103,14868.072227617002,20,46948.040985997526
62909.01686840012,10966.792548283427,20,36199.61587181025
75664.52843227795,19298.123219077785,17,59775.892101872174
49658.716199212155,20384.33279269556,20,49216.87796642952
72813.9787982371,18198.768748079896,11,58449.32034604453
51927.76067947703,21885.029147796686,21,50531.14200834271
45737.67585169009,28776.72342562997,21,61262.57479945997
33083.32490548075,15151.547724789183,17,27303.100095058442
53901.28286196321,23940.275115919696,21,55332.09664619522
39958.97604055291,16303.974487475207,24,39669.52418120674
39298.721184561975,21631.281557405437,27,39208.93084039557
52065.04780414312,19481.369216358893,29,48138.90929362134
76123.3260365331,27595.983471234016,19,69139.65786343653
69726.00423057625,19594.536302294244,29,48200.58052984714
62265.09228608147,19925.13492228701,23,57308.28242435164
49313.74161129127,25142.56692903682,24,51112.53110280831
51251.685400674665,22383.32601260251,16,52909.70315109125
71921.46722056274,23087.742000238606,22,69619.08204123005
57550.87096963693,26266.23616211346,27,63403.97759204638
10012.600989871462,21045.299280437976,26,37641.08987342014
86719.46568402927,27553.685140265992,18,70976.60713112625
49534.68215857114,12535.737063441888,24,44376.799767138116
50778.06322553243,18961.25167351899,17,45907.720570316334
52996.53513440877,19721.674350105266,23,42940.64265304709
50974.13495028861,15894.843566402194,17,39009.63161901706
46984.3893538744,23460.892495470052,16,49514.901761655405
27535.25358955206,21175.922061813148,24,43252.0755236601
31093.184445684263,9249.174795342096,24,34555.21290297724
75719.38745980873,26031.167708769903,14,61825.69169514866
39192.87409035353,25064.029466925465,13,62015.636370644206
66574.66121045632,20964.113566582684,20,52275.063168517954
54274.58397687133,21754.058591302335,19,45722.73020819618
15250.578224560479,13875.377551531015,22,25988.313000506485
31098.462906349967,15292.496182328265,21,36150.04768844736
37883.72097601654,6119.07686322229,20,20007.91274753424
60738.28661183185,16421.60695176849,16,54274.86005427694
46192.024353895824,19406.184919131436,23,38345.382753372854
60898.746486055796,22634.324310103708,19,50253.42851143774
45707.304593685236,13730.024308756492,24,28287.607811060734
59336.09529314122,24751.716758833954,27,58409.97829698213
34005.39053377605,20438.26265000363,23,46940.866103346045
42613.87705007324,25127.29990091971,26,50408.36301163705
54655.592628637234,24191.63304428632,19,55135.966285569426
45522.43240926752,20677.345218518232,25,45002.62543674621
50404.488283641556,21872.409683834914,19,51332.73180276104
50664.55162012934,16788.229657325177,20,47379.81478501986
61729.33413443415,19667.118098350875,17,50907.502564289774
50671.261768376324,20923.755981451948,24,57868.150607426636
48302.87996387281,24183.577309452692,15,47752.8771018079
54943.819370904486,20291.64185781871,20,56798.40238058768
58028.20467029498,30037.88886026857,17,57413.16195153047
51794.8548033871,20454.222258567148,17,52633.69540149935
33519.256409532594,7570.638184905354,15,17885.29700913337
62397.31632771883,17706.261728239657,26,39156.82164468998
59614.38515787647,15311.721426563807,21,45796.71204114303
45055.137240002936,18236.034783699975,20,44699.81249504566
57873.598662499215,14212.240396065868,15,27166.609456982707
78551.68594876365,11354.70486019914,22,41437.42784192731
46012.23809481554,16019.461671910398,24,41937.59903628006
49397.54058931605,21931.046361873003,24,55701.93310005631
53945.9806846329,22558.739339784246,17,58995.623956923286
93814.68647395911,15844.941199547837,13,52825.112711769056
52746.096211610704,23683.369083297915,31,58230.09888878348
40395.03707996467,17025.924241279776,25,46238.026952941036
30556.658848256815,16356.077185146953,24,42041.36363519742
44833.921942703455,17781.3684419496,14,45377.665550969425
49295.675569744344,8110.950012298863,17,36665.00359665687
59117.5196737963,18625.581816980564,17,54482.629843964816
50244.56740919783,11870.672213153666,18,36689.584531003326
50894.89908980861,17073.153178564324,22,41059.75804599637
52873.48943909448,16001.851970692718,18,44319.058358966264
52363.703256375215,24439.702098729125,18,62530.31932684024
68340.68906418764,15323.026010563308,12,41222.62412041879
35881.014612529194,31158.853484138916,20,68061.37546588406
78199.61939957403,15980.228001990105,30,51487.90266127045
70479.20630380197,17437.520163524918,14,38589.03828160387
65244.20076135417,21005.466280907236,21,51995.03167100802
37344.68212276095,16691.738229613748,27,34970.836724218854
47832.061161851845,24515.16868218289,15,48692.1917134918
39006.528173105005,9400.497639156145,26,43370.544577488334
37233.32446638735,20639.624800892052,18,43153.65846789201
45833.98056606705,16408.18243453441,15,42228.64145073187
47936.699300018794,23616.203666449896,22,55792.822918270664
44549.0341360532,19517.32388274537,27,46883.67604350117
50452.44167514529,22241.239134566946,24,46060.68910219367
62422.93356057814,24565.67024723743,23,54869.47837593568
61450.37070307461,26831.174457878667,26,59891.50060230343
55715.33842496009,21725.480883253374,29,51195.405985134144
48782.41848497269,28196.29311558811,23,63125.65073589376
44087.61152804962,14180.379826149823,21,38351.76167953876
54420.05949759128,17889.339022054122,21,45467.364101323925
64787.212769314356,16414.579813589313,22,48628.36311307716
69657.64597551167,20158.741727495042,17,48874.17577821964
31044.5652230702,20759.87380161252,25,39263.82250718984
48780.01126791105,17043.54740950399,20,45126.171586074495
36679.35780428961,25339.348842669933,15,48638.83680035785
28058.450386482997,2935.8155930137,12,16940.402798884417
67228.24830357311,25218.53180042006,23,70312.61079853361
68758.08996386542,16743.761191379504,22,56376.48154252869
47051.685194614656,21908.57630767526,15,50731.35004303107
43110.47529113364,13378.429201358502,22,38003.01592699104
44346.17486831917,20891.36354199674,20,54048.37731429523
23557.451012704387,20961.822090787045,22,50534.13362030636
66375.91220188142,24940.112665605266,27,64269.43575538925
42780.39732525969,24406.348097490678,25,64447.96308305346
46555.70703500806,12818.727027164628,19,40939.69918045129
54483.83417149798,19583.523193058572,23,51456.26136453755
19315.76130086453,24355.509853161628,27,42249.95418789568
50261.33853197829,16801.65460174761,13,48236.45726722245
51968.40177390722,10853.259839178178,15,32395.494745236076
41679.225426156365,20036.677453367567,21,48058.4800969724
81931.01146352236,12793.441584348031,15,35726.46873534811
31857.583257236867,16732.899657758713,17,33211.764311081904
57140.75912610705,15167.525887409935,22,49908.37630846054
34505.980895699424,18486.07069779103,12,32937.345081030646
54106.23821382369,25367.381826166544,22,62991.96130667874
33429.30449307689,22768.036677660162,24,43583.01992068434
64086.97718041168,25719.881490470336,20,54855.308211191434
55225.17891977264,22289.40340765313,19,52335.296214190246
25498.959957299794,20615.00755737429,22,33560.733307759496
52111.37674385756,26275.98959462267,17,53240.46558504176
42180.73593160838,12579.009015331087,24,39588.40971284395
47631.553177720205,26877.560688005447,23,64978.125630977636
24977.93191689218,22619.739253669934,15,42856.48940039706
70968.39757456491,24383.81558904887,18,67370.53244536379
35575.43344495439,17045.165781448344,21,36420.78838116458
46426.56593750034,15791.656374846762,20,38337.47683150081
36768.706948316234,20098.887208302785,20,38713.08433575494
46251.39691805218,13985.357454018354,18,32005.204664726996
48312.303501668786,17629.51352392599,17,45801.55537219332
48726.03624217164,17931.49774616552,16,39453.17965322513
71086.35288557835,17509.64895510788,24,52392.108069489484
48477.871465041826,16388.138581115505,23,39475.69568679915
73915.91740784055,11864.607813429835,23,50594.39407568701
28753.511481196532,22400.1973818498,15,43156.27461769996
67859.67300540942,20898.45052480119,32,59673.81894678504
64775.01693098663,14082.134348051106,19,37051.23419365344
66414.29376889265,21768.40823837694,24,59155.89370479575
82025.85501980632,18441.597343871636,25,54138.262235196824
11968.489046742834,15440.54425151879,24,32790.197020740205
18855.880811777395,22882.700315822458,16,42708.43844076844
50853.44603712061,19963.583575510806,20,48964.523185785874
18606.907607694022,26717.41118397961,19,53975.30064729441
20024.606782770927,16312.669163605351,21,33317.38117953123
46523.48898644144,22146.96863501201,27,59899.90111538949
42606.07881580813,27671.014311388048,24,57739.81196286366
22737.700247144465,20495.58134118885,25,40098.4350647767
40647.04372131742,14625.773632679444,20,43457.183882932724
61234.478828858715,17350.218771911874,14,42266.38121022014
57196.97421704859,26867.8898630524,16,61517.871023894295
61099.270690744444,26648.47300424094,17,69069.57136958907
42929.28124286755,17392.950275960553,15,37285.55160891198
68021.40722117593,16126.128427844422,21,40232.86268254371
77300.55248003303,23799.70957778983,15,69188.99750408341
52905.13942538802,15713.993266215579,15,49378.79123548575
43070.13229003495,20308.972893494134,24,48196.70387802918
49439.795045422994,6708.232153409712,17,21588.28223661204
31278.95191827586,27655.39144415325,16,61908.48746495004
44814.55679825602,21036.714697753316,20,51115.86845235495
59198.73972867588,17747.358844694343,18,51612.656961115994
55302.15187479405,21807.96165504202,21,53229.073807559966
57426.088455620076,23244.74331388607,17,61654.74129409826
25670.67256468297,11263.54882271659,17,32588.647103337637
60429.59570193904,15819.719988229048,22,51910.22446566212
41767.187872658506,18069.311687374007,20,45047.9320065843
46629.83030193401,13116.421005351283,22,36607.6149840026
39075.81299019693,17761.527943088684,23,42528.1459310226
72664.08269053375,17812.666864183087,30,53617.410853505644
30120.07131568625,16020.64186992805,22,32618.797435557462
48463.07594360652,17089.35301459543,16,38100.70336626219
30211.90052735612,18552.549576545192,19,29970.707253162444
64489.816605282234,11371.460075302199,16,27919.916950945506
51929.32059142586,23909.4354123156,20,60380.20385207298
33510.4324569046,22110.377746357393,20,47847.631162336394
51194.00428444762,17835.864000613652,24,50371.66538334472
37586.495195185256,19971.641787008906,24,40996.92951490314
62516.544084675705,19691.391144996018,18,51474.096164980074
80446.86530016885,29368.989950423616,16,70329.45699950073
30072.186725147392,16438.836267701914,22,41316.95714188008
71011.03022335186,21399.92680271159,19,53932.88736837318
68335.18326375226,7824.110379976477,21,39374.05008851654
45057.449738505486,21422.011808645577,18,50567.873523318325
60698.82019857385,17726.63117067132,25,52341.33731197947
53671.058106453915,21516.860279525397,16,57015.1461350232
49358.254365543944,20877.997693810983,12,44597.83172911065
42707.33757069432,19813.442536093593,20,41528.027526655416
60513.12162482651,20779.63164057864,20,49889.992833395445
42102.419848258796,23918.97558587667,14,48398.62236194858
64966.17273527935,18812.922830222793,20,60351.97825554726
37091.17062290502,18303.322275924136,19,30885.029740295387
81342.07805190004,24913.41268012592,18,66918.45178755258
32933.963206977176,20723.143874933903,20,45738.90106678798
92465.8149695413,16227.734980748728,25,58974.151859090976
44711.87771807653,22182.480968595264,26,46488.32167602667
61669.0153864288,18764.52693098667,24,55209.682005581635
64805.86249455586,13193.932903573652,19,52706.86532322967
52724.41931220374,22226.309187300896,18,49936.37957958387
66866.3859970484,17978.260531163734,23,39077.29238225972
40972.03123398426,10734.523708672443,22,26010.877779688366
31566.01727870321,13470.330964295179,25,28415.226927985783
50774.05669663219,23118.43975066175,18,52011.202277276054
61600.064226470786,21166.91005798119,20,49963.01583685452
41251.14888978952,19128.278663687113,26,40784.74677326841
54295.46608514248,22257.494135961137,17,53146.52377941099
30308.45723579375,22921.305994417267,14,49026.886513117424
53746.96895685162,23872.12925172199,12,50617.37995126466
43539.16008345875,23798.127441177847,15,55738.31567644981
52761.841030115356,16976.960624546038,19,53531.268954813626
51761.700191522556,8262.241748225959,21,25406.338998132313
35865.75148085895,17181.466804918535,16,36487.88064968655
52203.67476994012,32078.33926045846,17,60154.91546060502
42125.682360120816,23779.045968420793,19,58246.29934857878
63868.059160287674,17875.165402565715,22,49941.21467123421
64045.5601070773,17743.245860480674,19,52289.90878353037
53083.18555587603,26217.600809108786,19,60282.86221095665
51439.5191827051,14213.546536699632,19,40401.96312339881
61188.82255931739,23256.379989630543,18,59419.285542742
64199.812563753134,12840.278701531644,20,50169.52590538927
73321.30985857901,25622.82639702302,24,55125.07242501821
46302.866170338966,19623.686226878563,22,50743.078836630826
31132.81814158749,24807.4797684562,17,47556.08706741534
64424.64774826288,17755.4745562022,15,55297.98424222815
73727.49826953864,29934.33380547123,16,70639.17111418022
51062.24117266104,21297.879984521467,24,57488.00535970627
49261.43243289921,22856.965505825843,23,56289.56798925427
73999.00773438442,25663.961182219653,27,65302.30380276425
33819.06608458861,28723.425271782256,24,57898.74924831073
45484.67790297752,18751.39808691842,22,45997.70775349542
40463.78470483961,20758.615899047567,20,57549.082539186944
50428.801615193166,21904.779709003098,19,44274.9805986406
65543.99164048245,26188.43228200853,15,66462.37536894549
31339.650601815676,24489.063053753835,17,45553.01267397441
65495.670493432444,11024.227590325287,16,39407.00989495283
37519.544315799576,13060.041660660432,21,30773.796474422834
56616.0773042529,23633.33763410207,25,57348.80280470091
15793.365539814644,28473.26551871502,24,43970.725222110064
19273.23240423894,17590.810950318475,16,38516.684728683635
47732.408230872265,22921.575531572653,19,48025.51158702307
69017.24272281739,17617.09242796382,17,52576.39303842868
65862.65599430248,20731.985533025712,13,52140.42742645306
26157.896804273925,16192.40403085715,21,47240.75082903144
66633.86537745193,17307.88521169225,24,56608.08171235773
57893.40950236511,19274.88984916828,32,50536.45493814771
56570.146890746,21279.211480099882,20,48359.41845286418
84292.0800933819,27544.324889847885,13,70878.59021733784
40632.75510824244,15908.65821864296,16,51262.420199170905
64603.83632339846,27348.973930320677,27,71725.7384922832
50577.22355212996,23553.948684836363,18,56624.827830608054
74395.47566117483,16783.305962838782,11,54588.295764524046
55232.61427961917,16595.758268280722,19,46595.69545892547
42212.14537179693,13950.82920045375,20,43294.45137178338
40182.92802332787,15927.033186940385,19,41735.4140982746
53490.47772180978,12447.610410104728,18,35408.61212474499
38121.02651006072,20019.9536503654,21,38616.65344740081
6345.2983524534575,17837.18201040152,15,37982.00800033296
69739.85304797764,16387.4197978503,22,50249.65417205921
66977.63448020737,26048.339998720734,15,62454.81076969817
50019.34421670261,20741.035599209867,17,48923.84366056883
60660.36265282263,21493.98014465626,27,64521.64644886154
61485.34326253171,25140.1317650407,15,53914.43443578812
50771.766012779495,14199.81628901885,21,37048.75993554032
23827.98261860383,19059.240119053964,20,42081.894685145904
55196.65435341692,25377.207883573697,19,63565.38623925816
46128.38092505516,12771.201163718026,21,31381.62121285403
80154.03792134956,21580.59012695141,23,63748.52759144549
59886.64522330016,27385.842220486124,22,64808.4799055522
59945.748186897195,10863.035477154537,21,38633.870359665045
72314.15915754533,27403.983174424495,24,77211.87787556087
51665.00316142541,23885.75333409674,21,45612.2247019361
79888.17609361021,20939.847916791234,26,54171.44669978629
34651.55344553442,25745.55521573465,28,60959.54182858842
48311.3796256441,21857.50148133144,21,51132.9742241042
70100.48422008577,15121.865944751455,21,55823.47243459899
31572.17774470018,17893.689930136763,17,50188.60930934995
44709.01171653659,19578.243732249095,15,49440.684636379774
57281.96465236472,23052.30538090434,15,54122.87505223618
57990.29405592128,16404.8949264957,22,53341.54487564009
40410.8082147035,20859.678179497085,19,50581.53626547166
71855.34146787241,20235.39899092574,32,51100.66697423608
35032.86091765035,20818.78877134514,20,49480.186302378774
53311.38913211662,23678.280751686183,17,69941.01053158405
40117.173259207186,17775.59436009603,24,45740.342583759586
22334.729762109637,15309.92749957625,19,32508.709721857682
39523.3846471439,19134.791947119476,26,43254.95745045611
45257.73373428571,12165.122249179625,19,33926.585113012094
30565.09377067736,22604.32576523918,19,45613.359246816166
68622.06536906646,22432.173497076565,16,56568.79012210646
52562.557309795455,20987.020649166534,20,49677.53675275562
54429.43994456002,13526.770676249747,21,46340.81225941109
48690.19757030573,15229.427073373741,18,43274.31954467855
48338.07590829208,28156.419776022893,16,65264.118458532175
58547.09619122928,18717.1137537318,29,46685.89014681545
42567.40908137988,23689.357754478413,12,50399.96308194131
16060.956694936292,33122.31745736441,27,60226.12115279656
22182.782596412388,18509.20605424496,28,37401.15947915266
54687.0060154673,22487.23907757746,14,51626.76359423834
45727.0776847881,19610.27184310866,7,37633.78451305286
89838.33455834343,23281.085604886022,21,61305.11177330771
63527.99962489854,22596.936442677757,14,59174.59759133747
55963.100297115154,22603.987444852253,24,58934.81149528085
25649.864894269485,27466.466791091403,26,47666.7581411743
40124.389908275785,16370.873120624248,21,39311.454508356546
64810.23429688129,20975.46718551457,11,48235.646841589405
53081.03762951039,19744.340009997686,13,44059.62390461797
35822.825820007005,14814.985548312905,30,28027.842243413455
32239.980812179365,20874.388121446893,19,39029.11443148629
58096.887467700246,25740.05606058803,17,54830.67421480776
40469.36320148122,12740.836466175722,18,35993.61279779574
43085.610548977085,25086.74679319568,21,55935.93304922123
47020.423144288194,22082.1519153546,22,51133.47270989971
70786.58630480283,24613.543855445034,22,66721.71258173541
46432.176993771405,20177.14228114768,21,52655.113543054686
71043.1380409719,34994.56542213604,20,80029.93183811849
44173.34511880175,22126.53097605547,25,52848.22460377739
28292.65763141346,21097.22879373217,24,38028.81560042643
45997.387410014606,20467.707052732414,16,51182.51539321116
49892.99902374711,16183.756360782289,29,48558.56563267272
25789.866725347936,18641.841744192563,21,40581.0552733738
34546.661976841715,17835.418303148243,14,44669.192632249156
58602.09092371546,23014.84626210278,23,52737.40106748983
42576.62139599119,24893.416335271733,18,54279.57847072669
62645.09408790845,25556.939703415534,22,60948.876488865164
29086.99209571729,18154.026747970325,17,47280.53176816994
37345.1535843517,13286.320225242544,18,32936.39365826273
60933.87832612246,23792.508586083186,23,57172.9884422398
51660.55356986164,15822.957261851632,15,43159.84776523602
24870.99661810768,26011.82294858665,20,55201.909719829804
53958.146736695286,22720.659522531983,21,47644.77403955442
71270.26715029433,23050.570334463708,18,62668.16060165361
47091.279024554,16785.74344782198,24,38071.75518765352
41562.926503393224,18447.143403802434,21,45229.98673996193
65622.98379329064,17659.152544908764,23,43220.80972959093
41398.161998062904,25539.731710431206,18,51915.15608269013
58347.30646366111,15266.884147626715,28,48214.70915478138
45623.96406765012,24731.88624206324,25,53324.0587493584
34077.738787303286,24535.002977864948,16,55681.89498464333
41410.60809812657,19272.57918517918,10,46276.82034543261
16232.0164837208,28943.446492025905,32,52848.93900178237
61870.94427026404,22707.738686355842,22,62616.85778646014
60005.62328060859,9568.982248398781,12,38831.58525728689
53552.29084570289,21831.704085026002,18,56877.40772711595
41069.11792215271,15053.097216892422,24,43750.88877450109
61707.82557194278,18043.42686704724,13,42752.400307072545
59334.2215225343,25400.546512510107,19,60746.19300118438
61808.57638395061,16072.250396231446,27,50458.96679657293
55836.42910397813,24965.047812513916,15,63242.346459886976
46455.46236549103,19989.086129978426,20,42753.18016101651
46641.362099925456,18926.522046824328,21,53121.55094760176
19804.95066132548,13810.189110436348,21,32594.645369403097
31603.756887266754,14720.956624524673,23,32418.354804417628
56510.40654627312,24673.867963407698,25,56433.858157857765
72981.84263296795,17455.235484781555,16,61139.788575481536
62399.18086536245,18495.62683927435,17,44593.67763075333
46279.17669673065,19744.6263485633,15,45189.771568682474
37711.95457063709,22346.618236170092,10,44601.07401913179
60308.710228035015,28974.21448271349,19,67823.13631251385
52710.33353981948,23155.057655843964,12,49903.502773390006
37667.08121646971,33557.975448895944,25,71118.27012120424
53390.41133578342,23161.92367536498,24,62865.65407545299
61348.124934635794,14126.155028970537,24,32674.47829040553
25952.690575497978,20643.450583520455,25,35511.606346902714
48441.2970582914,31924.327675708162,18,72712.74409689063
69270.76465433982,29117.647793479548,14,67623.18706988444
65602.78586267453,26034.30277717676,25,71164.60669508639
49662.6399676788,11892.111761933846,20,39637.51757571995
34963.23802171124,27421.394275656414,23,55426.52402290227
28711.966400165806,17437.656745115095,21,30435.802186357418
63311.034111488974,21433.406077111238,28,49466.05536798278
42008.258780393124,20070.087506546806,31,54041.02511940933
59456.71100492474,18672.530917322143,27,57430.20329439176
67369.31398789528,19851.67886910173,18,53942.2069993779
38485.924484295945,18246.333370625736,21,35675.56548284059
44835.298353667764,10206.289152140589,14,40208.72412568108
67257.7459768367,13824.324639448085,21,55384.83626837787
47092.78948457706,23167.582125714303,17,58217.23822905652
58634.341927151676,26664.575930322055,18,64401.809155973875
45106.91014415725,20772.60356717641,20,51678.0233565431
32622.23373479043,23680.78468449575,19,39019.45211667153
57730.942236460076,18710.87283395272,13,56383.84900415186
72750.72865658828,18714.173212053953,26,64495.45981670321
56153.9751277416,17245.31740246567,19,53313.50326820519
59230.80571335072,12704.195293879166,20,33040.61166817852
59468.253110628284,22533.793176930387,19,61466.70512297348
74947.51602516479,18906.3195555847,20,53225.54574267769
45261.06482429152,25514.14918977319,28,57272.20465081697
16727.380338763287,22878.63778630407,20,35971.378289109845
68921.16645025306,22719.771490886196,21,49881.00710238662
27882.722098289367,20036.070838712072,17,32690.85135033631
42773.885405859895,13440.155051889298,15,34203.74057636137
38073.84864584772,14662.262981683018,24,28379.56256201405
38083.44338093983,18205.94056404265,19,38046.57629234519
63665.47683668972,24914.87505622794,24,60784.13688885408
60482.73517625445,23518.06829218723,17,56035.05784872037
37295.639483813575,32796.76931806624,13,61934.025040830296
68573.0031583384,14271.990927142033,15,43422.595957267324
46282.4219678909,24466.439900059824,25,54057.86474821424
78035.75687832531,15051.073342083684,17,46167.69810594557
44257.25207480758,24832.691864694236,20,53738.26554751211
43321.487839314475,21061.25969902113,14,49227.18965764284
44577.97092519528,12258.049275296285,15,28210.10936605958
36458.08402203035,19457.94176290435,25,50698.419452223075
58379.26049000626,26992.566133098822,22,59766.810847717024
39770.264109803065,20086.260362952617,17,37905.4018690771
45947.08494149558,21920.22141718005,13,50666.35622056029
57158.21220503824,23886.013740100476,16,62405.96331517686
79727.09852850984,17678.444237275584,26,47142.78712528125
39958.58239078999,27800.42912743769,14,47394.77792293705
41846.12409154013,21777.57918862575,18,55720.96783872432
40886.86901064683,26295.18843852636,20,48907.07949418652
56777.33281676665,21850.619661709636,16,45992.978770238566
42768.467284524486,20403.587260603323,17,49614.60169018609
36616.34423261001,16811.24916069836,16,31515.209789706707
51538.49817830877,24037.103206627944,13,56455.57933607185
58718.43329326922,17987.398508769435,21,50876.1106234702
42725.65844722335,18004.897675286928,23,35606.57423233262
51468.275795487876,8951.861788635199,20,21382.760755505766
53959.03807325627,15489.361151787558,18,36558.50933528397
49963.79031541589,16440.44586214586,21,50957.24612464638
54825.25215223611,19615.490851208135,19,46694.01792340915
37252.65753782813,22929.709726573325,16,43947.52438892648
34276.45881398631,17066.133185858023,18,33841.925263187804
37925.03593856831,17075.756019771226,21,43599.0150710402
14961.64718096293,27060.654585713677,23,50090.85994417137
32185.931457685394,24564.123089008917,21,47371.243292750136
60511.51250674427,18697.478722574306,23,42511.799363606246
59983.40784248444,17541.736728833723,24,50805.14580161382
30325.98150210085,14523.03399171188,12,28801.934932549677
24409.581050688368,22113.561100441108,25,46358.949196430476
50359.0542475853,27466.12294661761,22,52429.784502485345
57916.998257885345,17667.771508443573,18,54627.85758055466
38201.864193274414,20627.18088535988,21,44529.25377691028
41115.63066784237,22008.09949102427,15,50951.23449386639
61658.663922815875,16679.277876313092,20,51168.116510945605
75197.49742006446,14502.347051118046,20,37304.940529493615
41139.033919362526,13726.033648075752,15,29502.143279528704
58383.03330179943,26090.26669041398,20,60896.1901055834
49440.6258689222,18503.183301055848,18,32993.84844158926
66376.34420866956,25615.840012733934,23,55270.33236988662
33021.325750185075,20900.610236504253,22,50842.14596057125
50293.41348786305,29619.105296869806,20,65753.32370887989
40273.87070391086,13533.464660835058,21,37859.631019654444
49030.564360729535,24982.4835201759,24,62642.524352320084
63195.36592649082,18413.059366276902,17,56788.63293605106
49703.76189017943,12441.852563044922,13,42548.57659440628
38561.84705128397,17263.04164792278,15,39654.74422058253
63645.122398271254,6333.883438015497,23,24138.258288650628
57657.82932185453,11058.839799264983,21,32786.680785232595
53576.22226890714,23298.181176741855,18,52154.839416948045
31962.58051361334,19625.7782183975,22,46551.86352081479
57413.90731310352,22851.25474344024,14,45274.61882284003
40214.96492313252,21694.99405121061,19,51289.1985939438
35128.11417834819,19873.909584077424,18,43766.02978959558
36145.75120048594,24802.182335387646,24,51335.13076541185
58744.74384881608,12978.841374727166,21,56084.18132131094
56898.52647260314,24823.22510894568,16,52039.35345473368
50227.42757667817,19023.08949647185,25,52328.585966929764
17683.098740391546,20300.597924474645,15,35270.19862802268
66156.38622457576,27101.76958516432,21,69041.3541842157
62748.79186233421,12885.473030496574,18,32556.392570746415
41714.21382379735,22969.197346406807,31,50947.909712877256
70418.70465276342,14786.032721029133,9,43943.72955116279
35275.503296227245,27081.92333499348,22,59183.151040678495
51370.49983920782,29130.502061787854,25,61371.68617951108
51590.147767296134,23502.626997691004,19,57606.1835649488
53541.247144783,25002.465249617875,20,47549.407789905505
29115.998290738593,9594.266726350867,24,27998.49370854935
26456.06550117861,16754.07199282656,23,36073.438079958905
48617.225503316724,20006.245643300932,19,51337.45376406982
36854.461450992545,21706.30918607024,23,56286.74412819274
54972.19302161088,17674.722449000285,21,46036.90644907552
51901.00503842772,17633.003575350664,23,48201.82744850176
69912.3550971897,16201.036320959754,16,43109.950891551955
69499.46156260991,20173.49263196307,23,49729.171192790935
50765.75245925856,15504.391024786637,19,44031.26650682338
72368.27266790076,10279.91102346427,21,43349.111459515334
53126.83065484246,5912.511711436708,14,21304.751982924736
49370.79081341843,22532.630063408655,21,49953.79350486552
75606.45883695976,20508.056867978165,16,54863.22356804699
35758.52715578879,19936.455191507168,26,46845.09797152652
26751.209572245472,24851.446494408003,13,52478.220054781545
46513.60261690827,12127.339045500295,19,32566.225623292834
52781.95319253623,19302.818912278348,22,44675.16857499535
59421.99511399015,27129.889957463198,16,63754.31061990416
32915.73006542253,18058.71751784779,17,33941.66785631032
47624.44271887457,18959.892743084805,19,47909.69225741121
31690.538138788877,24895.59544912872,20,48304.849503073194
45696.86474770252,18735.612202857123,29,67112.2957168973
70086.26236102833,10946.673185527927,18,39699.02262143319
52189.89714273148,19271.036321021664,20,47954.884577152836
35729.293891850204,16656.19334251468,18,38671.20268304576
20498.652793967907,13812.827279101173,22,38638.15635401005
44456.22310230834,26789.26273241059,20,61442.02707907718
49692.85401708895,21035.567778235698,12,50740.45238713389
50055.81042958948,24855.557298564545,18,58399.48691906451
30166.49944169489,12256.76899728921,15,22664.808604746147
52843.34554804093,18380.578277484634,23,49106.94199346277
23105.426084712937,24562.19673407898,18,50637.38458992817
51790.173777103315,22364.369813490546,25,53140.843330259195
47683.17852608856,26212.658288290608,23,63313.314633231734
59907.33518960987,17722.859385788775,23,50570.169420838756
66549.90680212845,20572.424618264467,22,59289.5687936916
14978.371524054419,20977.43478412243,22,42126.25591156001
59999.193287533315,21413.215595935188,15,59861.121222552036
65881.98102954304,20509.035643879237,29,59176.55468873854
60293.47301470407,17869.432998424418,25,41064.0147276869
41881.35788851112,23944.394053203167,19,56787.22248544049
66437.2350542859,23286.549972843804,19,64729.61310125007
41593.690847797596,21205.604677279785,20,46268.69960008329
33734.10431465221,16455.29419625187,19,38459.13249965192
49724.352795307605,18601.36829950309,23,51150.356766746125
48232.51968873808,12309.501127247708,25,38628.718686322776
63089.53135340491,17665.343153133836,18,49962.41084179018
39777.22329989378,20130.672236900427,23,58647.6198725936
52040.60004431258,24779.25290905248,19,56540.01450824478
32795.80104178831,16779.04224017365,25,39876.495959747204
70036.95095796454,17695.16931889072,23,51249.650992265895
58800.63097191191,24641.8057859025,22,59939.27403898795
15941.459528810854,26203.30084561483,25,46003.76193648606
67868.83984181787,18909.861950377403,11,55066.84255126517
52437.605201855,23231.91244806345,15,44572.63156345581
51335.52281350408,15813.29341357269,21,45368.38316429474
76928.31040452483,20897.690266732632,32,63992.962259592634
25471.39184408344,19829.20118519039,15,38460.77353856756
56507.248719056464,14642.63385239821,15,36817.78159722188
44666.91887663734,21549.4135370094,26,54348.515719186296
36282.975805757385,17702.88131362213,18,49549.030130046835
70158.96301210049,28708.45386090582,24,53905.2838511234
36851.64204313072,16960.78329912082,20,45027.373734207904
41126.750220388625,11565.954570551788,13,38059.979745431534
54456.877125138424,20334.087892460306,23,46178.321288332125
67944.87679509551,23547.38032188612,20,67365.26768998709
45178.85342983576,18592.637263980578,22,45921.15705566157
62152.87315689695,22224.046577809782,23,48701.40735498059
75270.26303330422,23921.588071789567,19,64260.115346923674
76593.20244713186,18272.282141522606,19,55465.73149952262
68589.67667869756,33011.14753640926,22,71142.71171180981
68579.93022623824,18753.414786814326,22,60568.02160464315
64744.12434896258,29425.03466572329,25,67183.23975073922
30084.223364524347,24809.128579158885,22,53216.225482555
56141.57579558274,28382.246022655258,26,62352.217245945845
56523.06638690848,23836.170817850296,27,55464.566638170276
58660.826026061244,22272.34998778621,20,49389.157059430654
36929.66068680953,16194.6875974276,21,48001.838892604756
58699.95425916605,17866.80152822986,20,50868.294279849935
65359.48105790911,15329.387949195985,24,44033.84997716006
54238.164861589714,21858.983516873344,16,52925.61688248743
34058.43570974225,25714.833007975638,17,57888.37448950365
41136.59475009931,21101.228797883716,23,48091.30271448626
56064.427808451794,23264.662400727368,22,58809.02997470678
52219.66861099164,26180.689730008024,19,55167.34482759194
28547.649108091442,17181.92643461845,25,39284.383920787186
55010.05212019289,23637.356909347112,13,45512.32179767659
33529.51191284497,26512.23127952738,12,51748.20213613097
34782.063064927424,24641.6489762696,20,47927.548756246746
33183.94501910286,27535.74223527501,20,61734.558427947144
27793.927773568215,26502.935621220546,18,48376.043641501754
17942.200109780093,15512.84437116002,21,28509.269167248407
29619.399425506334,18144.24572883068,23,44718.62166799703
52228.21714846773,22593.235132758662,20,49669.79784961403
53252.289398047404,20561.1855601185,26,52238.117431615574
45065.50189463797,9069.518462394328,20,30398.86436441925
45116.244465425116,8072.769563534057,25,29626.792267969737
50777.68923162843,10003.721068435894,22,29692.69566755204
40244.84476277653,24820.58504482561,28,60066.28586708051
39006.03459595016,21906.49589921968,26,46259.1804774343
53978.61581164562,18659.80512838313,22,50859.92321844855
66826.02209066213,17090.459913084636,25,52579.972095158686
37145.700909237574,24125.632934232242,20,54570.56210836436
51288.3771275309,23335.148928311643,22,52293.6697811803
35578.60973390163,12340.243596884218,22,31224.907090635137
56577.41700234369,15283.240980804703,14,45563.57704588689
87619.90416242255,18180.347652303888,8,51882.615541683015
58829.3211651977,17431.416323405385,18,44935.158291489075
55848.315816295086,18491.867363555237,20,46268.86144121379
56524.45330759508,16930.45934742433,27,47196.25116254035
52237.60628488004,15993.507190237176,15,40897.15579363364
45608.80055636877,21901.746418735584,22,50268.12265865178
30313.795204538706,21595.273884827315,20,40444.367805297894
50013.62118870946,10046.1765053541,25,35233.99334821396
48747.647721530004,16693.622951574725,19,47847.7759481859
48103.20399620549,10539.603288527018,22,30858.326623799327
53511.26531501526,27730.86128957178,18,63777.61339086961
58315.96147910216,19911.95970827147,16,60521.12258036005
56177.67712020795,18092.627142981222,21,42119.886456261665
45955.8714903092,22127.40483338898,11,48551.67189048901
56171.648323024805,25459.798481790247,22,60324.28853400304
38094.862748565996,10508.11289985111,22,30494.307503179796
25799.534169777897,15812.536073754833,18,29073.118576715042
42149.75539591738,19993.809678309655,18,46581.486745536415
50087.434486859216,14061.56273534758,19,36595.62361913634
24130.05187498011,16621.115060698445,15,37974.26872304517
51490.133007701144,11044.889655880166,19,46072.306187517526
52653.3977661764,15427.177559641623,22,44083.39483472088
62343.418815548655,15906.08443606039,22,54952.86986351919
55328.864266768316,28116.042757907948,18,57259.9883262698
30187.357523758794,23151.29936193199,24,49773.401921615776
54523.53714955665,13192.444245661394,20,42388.422255563666
50457.501684318726,17271.969809909126,20,39415.27860075954
56283.230863777004,21580.076428047185,21,46704.37659982655
65880.10857897313,16074.08074584481,29,48428.68485645092
39455.50872477427,16646.106140184103,24,31196.85688557359
45510.247434669756,28154.17777256587,19,64398.70814874087
49668.43494317754,13855.718414297007,19,36660.0289174232
43082.50465202455,30402.81562426396,13,63049.66946796333
20903.186347807175,13779.023021967922,18,33392.71858915463
62829.166078317015,9442.336752662852,16,36077.45376653078
18418.788088632806,28133.546222512443,23,45545.02650669382
54393.80272147346,21490.028401542666,20,45604.28121589475
30793.29167532922,19221.996854943503,14,41040.454768514086
34852.08908679584,21932.66362697732,13,38870.976313155974
59337.44153643604,12785.652615440997,19,36182.35075032308
68737.0514097463,17216.60502373751,18,47209.94332498772
54792.99849160735,24769.450227109835,18,49724.573666869335
46017.660150159565,16566.60013681203,32,47517.41149385101
47500.416116614004,16478.277845323464,22,42322.718098801226
68948.40433441928,25752.639169267768,25,70077.88739438234
67657.78938329467,19731.71941219208,19,62921.412264854975
57551.24307405975,21763.577794124238,20,47673.77790689177
67740.2874366804,12886.56199342781,20,32318.305832834296
42982.59570144109,20008.00849379777,25,46170.45088390786
60442.53916670009,26942.117487138654,20,62368.312617963384
30822.285198781326,10978.18577839175,18,21534.453059940977
42466.79272059305,15115.006981342358,20,40809.318298068734
44108.68926637224,26074.511858973798,15,53339.06726715926
67323.12986461718,21920.65787608255,19,64497.65091356782
46867.54990555806,15947.67270609313,21,38242.66886635799
64285.12781489212,19544.93635383367,20,44223.0241331539
41390.676158944254,18491.835330651924,26,35483.83855819153
61217.87095115331,8772.870582630872,22,30137.354122650104
58086.56908286196,20305.377552887374,23,56923.278389639556
16897.154963403416,12205.478824172293,18,28693.796260188326
65017.21483707281,21362.81865052594,12,53643.048997784696
41933.20364202157,12036.174024634289,21,32590.054315223126
31516.4732918272,24311.66434919196,15,50327.02397402872
36830.399725747986,19498.278063474543,15,39210.32467688098
41626.87361432264,14022.583525631839,26,45054.994208960605
37450.11582263201,14102.932501233221,18,28781.502744690486
36751.81996770282,16508.401177591586,27,43923.754590489436
46302.16631369175,19490.961946213694,21,45330.15184532147
56450.677006732025,18461.174709245464,19,56155.50848468487
67353.51885231232,21281.239511392483,11,49968.972239106595
74014.61523025349,20896.749612836953,14,54717.688887571654
83221.92908329413,24609.699144081605,17,58826.44614030889
54664.43739526952,30550.72307573894,19,65511.9550080501
47760.850524507434,18785.244309851718,24,52084.64019189904
60784.02374237363,19108.125607244405,20,49914.17830432024
32849.0271725714,21899.69875443865,21,49867.304672663566
46574.31397305161,16063.576387132634,19,35463.27067468933
55989.67455539391,13047.705337447012,22,51222.48566095954
35967.00604754873,15956.028743908826,20,38421.650105679764
64774.44674261633,19874.272966631845,18,47393.56997680171
57044.51830621579,21161.775828436894,20,47090.68750999137
44412.076947626236,30007.656067923708,20,59676.14098645771
56079.366131874565,11861.559952836786,18,29898.066696620634
46726.71509272933,21297.641843470647,24,47832.853690484284
23844.41549394495,18325.61694876771,22,42182.15939605962
66468.6640967094,25594.358219748137,19,60010.03455678426
48976.871717155314,13858.100349480144,18,42769.3485265337
54298.802647202436,23597.701147111784,13,59851.53780913271
59753.82376282868,17122.204335124792,13,39845.98062803398
22744.159046596236,24544.67460989718,22,44835.78687807741
47990.697518635214,19567.492128616188,18,40336.84092987269
39256.315159824,24034.359703075956,13,54590.3743506899
70957.58403646389,21627.060082944186,18,56728.57231125325
49250.1760213471,14807.62671069181,25,50277.68771954637
47802.28286278414,9606.914785837957,17,35098.83727431216
43809.734997162974,27491.858775721455,18,57612.566435999935
73505.91421856382,18454.85714713909,18,58686.032133398316
39231.76441585089,26276.088913982396,20,63371.47693624595
34703.68665192785,19586.111621540043,22,42945.688249382416
37684.86545386883,24874.69703580348,16,49612.466073796015
40558.70604199501,15090.065512150606,19,37586.45783022946
49407.89109812118,20802.417625136015,23,44447.18488503111
60289.218317099476,35543.04136613941,22,77143.67644254823
37663.83972211019,15067.753228012232,17,37402.48284394112
72152.82634502287,23046.065474686293,22,56022.92412756281
54699.31483869784,19766.928667170978,21,57453.512932372876
28356.00747551348,22011.767089479963,20,45076.31598196515
21194.39127903757,20302.727766411634,12,46497.264881341565
50260.112305852264,11000.178822620448,17,35558.49788926537
39920.02957818996,22336.282430461237,17,46916.70765919949
36773.50821067818,21846.8018954999,27,47753.828547505596
40852.590617324386,28066.450138176024,25,56077.82235615521
40991.82600377797,13872.15507978687,21,41669.77114128061
53705.03710209396,21413.558357190494,21,59077.283527765794
56946.52639077546,14150.421665371821,20,35436.26939500874
48516.48036148939,25113.055195613248,17,55982.48634441771
53374.45422535329,23620.363368782375,18,56566.49347808942
35003.52582948674,18715.64962038055,21,40175.160179609906
44964.200083497286,13354.394665845386,18,34911.45374970574
52764.036145556776,20008.641784572388,17,53355.028471982056
50371.45622157463,22657.67461172535,20,47848.97532032545
61272.9184493567,25430.467849166635,17,50357.89666249005
51106.87583882474,13424.82770259953,26,44124.37100053283
19349.402190942914,14945.745656572875,17,28807.28476744747
41284.579242289794,14692.777637427167,13,43292.99265789863
73855.02348063391,18846.652144077783,16,52462.17722826434
40634.263101945246,16955.360188847088,14,43209.89178614513
46717.414223723994,24253.808215201745,22,58023.99369216543
17794.18975716655,22722.089855391045,20,42656.79050018733
34135.113365444944,23846.731142847188,25,48584.879610326825
39186.36999377336,26156.287252540853,18,49918.094415220374
78826.71455822024,12505.259048560705,16,48684.90107814807
49917.464232600425,19477.25566919681,18,59132.425557156974
47383.73695463766,20544.308414372146,15,50894.917149476154
45040.16819458378,15729.210687021943,16,42844.87236814309
30340.730463908196,19736.45782826521,26,39332.200009635206
65920.55240227611,22104.84042705032,25,61919.09628653451
23762.324989843142,17319.34080727844,22,43844.874467102236
47833.861121452035,20202.480390871246,13,46118.63466660131
17859.299584801283,18239.506139832534,15,33234.63355720619
41152.09262064683,23031.23117375247,27,50783.85980460661
15135.30398952894,24606.362432671165,25,42897.65939876976
37911.17508922148,22611.715044283977,17,57562.85789223966
63474.94163804339,27363.516976424264,20,74310.9809950301
27917.863673581243,7114.974738995867,20,26364.30915282478
40927.8982577333,17919.49696822947,24,46646.52744850382
63137.318077672826,14364.353150398776,15,39645.76836521869
82490.00369925836,27756.968282814745,15,70655.15256023553
53473.66401556721,13692.564444386917,29,38986.40832879068
42873.0891775113,27088.950645555888,18,57734.50129017474
45248.85305244797,18411.606672434034,20,54738.93533411394
39448.70115206085,16375.815675085674,16,37171.51500746564
46543.84415065343,21475.92525361679,19,50068.91878919132
94402.62231553263,29752.956699237897,29,75136.39776472672
64257.472147425186,15560.762751386239,21,45384.632377909584
58891.00899473954,21259.452508056293,16,53363.30978340533
55391.96121893276,21785.55880315762,17,50946.61326421708
51655.47964002059,14979.663975271762,17,45816.028080074655
51910.98132667718,16756.837976634037,20,40999.82386335977
74485.74431249138,17241.605567897575,16,49589.76568518127
52150.335890564456,20520.825147629123,16,49833.41429384787
46697.23737188723,12782.93826994405,21,38668.8519591774
34334.71253357262,20161.551030571252,20,53589.69052857293
52074.98592993085,14192.253710867717,15,46764.62777341118
40958.43435893079,18975.663543193372,14,34418.08486516908
47412.576765170976,14227.556127973927,21,33325.22995185066
35608.65941589552,26600.53339029759,22,48803.950356612404
50960.32802197722,21324.55646053922,16,51375.6873407623
40126.85845029929,15999.181809371636,24,40513.72381227422
30946.192903594187,28426.183010175162,28,70661.49244851148
68936.2787802798,12344.513211106554,15,44229.480718839295
28219.121187733486,19861.117406446956,26,40899.031708763745
38252.54358643918,22164.403405762605,26,49568.2974678102
55674.94196351801,18466.911871327735,18,47424.27275405925
65000.09630243524,19255.378300976212,18,51178.63416811768
49562.95260553427,16500.83700816058,25,38312.959700458974
48155.6832476757,15657.180956329834,13,35542.08465056235
30314.044145830536,24326.63304833918,19,53414.01056343727
39654.91717754911,20454.153809559943,21,47860.84116725934
24608.521016093033,21543.87851695572,24,38741.96774513885
47408.13611220051,23258.211016707064,21,55185.700154670376
57202.956548949885,16863.903847796726,21,47345.68727378211
55815.153709414,16483.173058758235,21,51893.825266036234
23454.54797414167,16300.3734454757,20,45378.674600781276
59281.99483148407,20228.997480135193,16,42390.6035188704
69331.94287703808,29692.229696092836,20,68226.36261835661
44347.5585309481,20192.2970357508,13,46467.37524938485
73639.43500438011,4777.637797455851,14,32646.008847789664
43214.322990790286,21379.564405156387,24,62040.35220239447
26772.51440434297,21841.39058781129,17,34206.87365019208
47754.528272357886,24929.150413475192,17,55026.410311722786
45485.575066572055,26426.442086617368,17,59634.77437664123
65848.09310344042,34342.95408824178,18,74947.05488680302
35041.913959425285,19689.535601787768,24,45388.17697685754
55936.51873847506,21193.745315206113,19,53478.82803883105
24179.478416465256,21680.377208071364,22,46237.34247011704
41796.49336810799,18271.858088812824,20,45223.08998673218
44302.0503901289,18824.64752347026,16,40398.24404059264
42423.25745238971,16393.856775407232,21,40867.98230878085
26526.02033737911,17975.850962299723,23,41290.459952824
41827.11057074978,19371.575294969363,14,40229.7841438132
50449.29789132007,22435.43688178504,19,51035.846073225664
65950.52109492765,22103.371826410734,20,47428.011786064686
38516.34842537217,14383.154934195496,26,38871.994246566595
34706.929809565234,13273.498055037166,10,28855.9159315301
83959.18410874144,17572.83228087804,23,59348.31739935632
18075.698250677782,27880.5701594983,17,47723.00053633359
38548.11464531819,21993.157057379594,22,56634.308088878905
34141.475293288655,20738.557162103305,23,46515.28800037327
24790.17178218954,23680.810187845153,23,50928.58315731138
48618.43764046997,13845.816301102452,22,38145.097849970305
66365.23034436289,23642.554705656315,23,62533.92941497416
65616.98144179957,17061.935921104636,20,52207.03995599982
58587.038355639816,11958.149640311982,12,32346.658379695655
67853.0831267186,19070.981000121745,23,47208.5872861158
46418.83595200509,25298.682302454177,21,47631.03902995892
50030.72636235864,20954.529725965196,14,53501.592370118706
53637.966464117184,19407.561338687672,18,44991.42191905819
69039.36455132745,16191.450231453306,16,50226.92494406814
43944.84097215734,19197.835727374124,24,47164.325466443486
67972.08807793989,30786.70939886335,24,68286.08466964983
73683.78722684838,23879.65412854619,25,57781.172650927016
54703.387175500975,20141.896893582307,24,53155.015638417324
62151.51460817985,15253.609507209829,21,43988.19786441033
32301.547072757978,9993.747105860792,14,22239.606690121076
58549.04317430123,13812.911493482714,29,41167.09082467837
58493.2777055958,18296.050487471508,23,40896.03038851201
53870.898933429286,15076.780304136573,18,48911.569043981035
63088.14880761888,12491.389947701984,18,44160.985646470755
52477.054002001845,19201.12714843825,25,52975.02249548238
45015.42075632565,12852.69152218305,12,37227.24549778453
48251.77120806217,21945.205029112203,16,57487.26101808273
48712.54703365226,24176.02566681005,28,56340.27347878548
49857.58384409256,28299.40081852847,19,57389.07937140899
44491.409268972995,14631.321231502072,19,35568.67868747942
43854.484617867965,16824.806871185276,19,46285.612421381615
59586.8467195896,14666.511340708481,24,38090.68068735608
50720.94372424476,24759.504981509825,27,63225.12566254191
32602.35888005687,15488.618552356395,13,33826.89929876907
58444.82414551318,17579.697565496765,19,52435.17328698519
36427.86070798714,19932.46068153851,23,45928.679937316905
78284.21711266,14834.053776031418,15,45967.23416771299
34847.61595571136,26306.196940901333,23,61817.45832736535
78897.1388460005,13822.208067346748,12,46838.42121825104
56845.86401105027,20722.90960216735,14,45095.516827136904
43659.111690139536,15014.963004023208,26,35829.573204779284
38250.42277430926,17442.276026290663,22,43080.10484614436
58867.17620226146,20098.836734973138,20,47102.94743006153
44526.19816740776,15258.23257404468,25,39994.48210215199
39020.90532217064,2333.7304935548746,17,18689.739902912374
40626.54154917809,25503.51330803256,22,53042.479536528845
49624.87470651268,10423.15174314755,13,42345.43581709082
51100.64168406538,17443.18160442412,25,51578.61139457459
68153.78220238214,20112.101561058487,19,49329.1558922079
46434.298490596,19850.056448966632,25,50646.67600139483
58581.74400742232,20613.44172940177,26,59925.67117477495
43552.017694513255,18815.80456003902,17,40886.3664724922
36254.035513862786,20647.429876737137,23,39555.88463581023
39311.32957557806,21874.055581887907,14,51213.47588441652
2672.5032178619804,26777.804711905155,25,44588.72299938106
50362.58731520913,17128.798649747274,23,42448.2637090436
43539.02344735847,26296.23787628226,15,58435.79695095763
46593.26796463711,18592.294831622552,20,45203.06070082314
41678.527931216464,22891.794029090102,13,51628.61855557771
50676.69160924868,21197.869271035102,18,60061.61896424499
70517.93115140303,15118.501599097312,21,55615.57430453695
59787.10345730504,12521.791481645636,20,46710.70325506984
36876.871616955345,22102.2239989689,15,54680.1565271634
72082.24992965668,14237.699374683612,12,50957.7431435998
86859.68771127817,15060.9947582292,24,57725.737179545584
49470.08762343356,18281.499446037797,20,46639.85021670541
48500.73159082252,25384.64367602655,16,54396.027060131644
62443.833672430424,26717.981758979633,20,66588.89361683647
59864.17072143847,13057.075197748814,22,35011.61507951628
43664.470603251684,6211.095359058627,19,23974.82322075511
42393.56571087923,19163.039243003863,11,42358.79641822817
43363.02662654499,16577.356197088153,22,46385.210414265144
68848.21395743002,28202.86014793557,18,65957.82177070256
44752.91902806184,23629.28036091667,15,56624.74250654614
49967.34991396267,15830.55317594473,22,42944.69279220725
64868.61167160515,13227.929539674858,16,32876.33070531959
68988.91706027892,22306.65256137599,22,62923.19448296317
36412.381986004395,16815.826865405423,19,37003.35676008692
31514.51915660777,15752.937569073903,14,29531.663646000656
55074.16520896659,21491.3417167714,19,56299.780101990036
51463.1438651721,14700.853740518309,28,33146.012416617275
61432.84436010931,21175.181557823882,19,54021.85816342291
28474.142932724546,22071.275698288937,18,46016.82182102043
45014.648819336755,13248.590505274322,16,41238.40352950325
53185.50446354924,22026.500930267604,21,45455.06386732171
35346.27982828306,19868.692633323375,24,47364.62093668879
57393.15890797558,9859.864710478503,21,42084.80756633187
68088.74494931122,21088.02804649502,24,53678.76530969181
35613.094713695245,16538.988671022882,25,37600.90534581979
61938.3042149105,18198.442292792664,26,54839.0428862264
48301.06782607442,23135.707554763452,19,55334.54414655515
40831.369031226364,17973.917589599718,16,39584.97650883036
43146.46817474629,28086.89765649363,21,60657.61504363934
63727.468212428204,7441.232278361998,28,41771.92060833067
43648.56750512082,20698.503845202697,18,42096.94350972374
44234.97808446258,15894.826651908457,23,40170.89267537879
65325.13916811759,16616.220545188717,25,58602.27229251629
61944.43450766787,14788.341689408393,26,43215.36065927145
43108.34633163157,23086.281957848943,15,49199.939198115375
77834.31269799302,13385.269645546698,24,53645.39550231048
63217.03390919338,27928.612217114278,22,57248.870449887436
73143.4964084462,23822.638308696907,28,60984.77113368954
76588.87640348404,16532.08211185096,16,54176.91361899579
41464.128283278646,17758.309050372736,16,37212.37244709327
39814.88801341315,24244.080430784652,19,53764.25770344191
22736.050259692394,20931.829593933864,19,39528.1789728689
72136.90457530848,26482.103541715638,22,58127.25252168301
25370.881311634446,18953.06103513223,15,30648.597417794583
54123.17497469263,24872.63507589959,20,47825.32368326286
32779.49878996344,23448.190632959748,24,51369.02890357339
48252.9439007474,23438.963689423384,22,53932.815006668774
49766.058210425705,19271.725482975842,19,42665.540026848175
76951.46616417274,22431.680560653407,17,62462.365179564236
59648.136695003064,17720.116796598282,22,49229.47550104051
94046.80289439918,16282.025508038834,23,60853.97096824708
53093.82626613099,20859.078050132423,17,53145.85141703622
54509.03992993031,23370.0658797009,15,57003.10240665916
33667.03449470585,20146.846178502878,13,49498.28999373879
39865.84654972813,13188.909421451644,15,35836.122282491604
28402.219850961377,18527.75995405734,20,40887.722701872575
49278.291869195025,21313.016838729134,19,51261.38169730955
38240.301717337585,27859.767216840184,14,62031.642111751644
43983.18492918373,24409.566113492725,16,61941.02283162824
30739.928631945728,25522.222412081035,20,47359.777910786455
38198.50632032651,8427.891622406714,11,25939.481404188686
50363.70215986337,29004.06107131148,18,73605.55335228455
20202.70820678015,22408.041193416448,16,40893.390219674104
77264.76914994963,14189.73003366714,24,38108.73189715797
70386.06112678131,13795.771223177639,20,39299.933340135176
84840.22180892291,16678.60240268523,14,49990.84655599382
35244.22900539433,15748.948143969788,18,31338.8220881484
42542.39450716509,21378.59275788936,17,52980.05005883324
81006.28053703344,16663.714784137417,21,58829.27605971802
76497.68618632351,21335.538801625433,24,55616.63307563088
43005.475761261805,19213.478120263844,14,44692.57532303993
32515.660101973644,25037.436432376024,23,44541.09416351705
77898.90364252903,19551.04335453797,17,59981.53223733612
39309.912707854935,11772.371707005064,23,37663.2268758988
59726.62589418242,14535.78926069484,19,37828.761344900166
59041.08133402471,22823.839251076293,17,60607.38633850833
45227.21134267347,27425.128755160116,17,55650.68366246016
30877.398741096433,22112.11779752547,24,45043.97406565322
66251.08880095296,30390.22395531408,25,66406.12172037108
29924.323258122306,10073.213209949308,25,26640.82167049241
27487.674627067518,20758.677096735304,21,37114.90535399528
50728.28101818618,12319.538623772925,19,29110.65112626655
29544.201929925915,23167.829440238216,17,49504.71967483581
55469.23934657102,26516.488438105313,21,66330.77611412808
72673.59634310371,12797.57018545664,16,41068.12168419311
65702.5786144649,25291.988186917235,17,61793.94999758829
75671.28050196984,29375.65294620925,22,64843.059637820166
61929.230976885694,15639.826139295561,15,39621.198240156235
45413.49557601382,28648.876576411058,19,61624.49345219819
30092.452614055186,15811.566954041162,18,31632.448881769502
32576.863936342277,20976.46670405958,16,47612.982230158996
60585.12509771323,32969.14951860891,20,67532.07255453584
61087.5563324743,17546.835044018284,25,57680.23210872195
39420.71925004166,18545.13312504723,17,49760.38696138398
47082.01404614721,19765.6908104121,21,57067.782199422865
60060.96521747332,17963.352109507792,16,51382.007239863786
43258.099318663466,29197.17574805247,25,53819.14036690804
76998.89332760418,20788.945917044613,30,62361.38975379846
54499.617620063655,29333.307578890024,20,65704.94363768914
61151.00566882629,25014.64537412257,18,58043.23918918704
48804.224240875265,14269.18105196837,16,36652.95328681973
56307.85518673003,24633.62942479597,21,56275.14549550839
27328.182080258153,19393.34745860894,22,36274.887333348524
49476.74633153005,20352.689251935823,18,48293.864356909
38480.84521092969,29467.58198540865,21,55163.97409033778
87681.58984398827,17563.6210625166,22,50490.20384205859
52476.23477749804,19749.739246907287,21,45842.894377207565
47229.18158521392,28293.308582202895,22,58217.75216998259
55905.09987531892,19286.720117124823,19,49268.22425445665
54830.16171894395,21579.73132886977,13,54475.23856246236
50029.154082653775,18461.65247272206,19,35670.12954755083
60051.8184391042,18605.540593166807,22,55221.20840009279
58711.350406258214,16819.089863538604,20,57819.1902957149
51234.602049232024,13458.55493942807,20,50852.92635998197
72745.25543813055,16799.51813576499,19,44707.61659514017
26138.715757845806,21705.356697956424,14,41874.8038802424
43611.41745057275,15170.961579032966,21,37181.19694588191
44063.38410907381,18805.081807415707,26,46565.521936038625
49578.63859935793,25150.49562311448,20,68208.96653566635
45728.63954983426,20369.29523295553,15,44024.939302163744
41910.94860737876,31143.846748848184,22,57423.203761214034
68596.06522437811,23154.864742473277,18,64420.4703455373
35091.19624796814,10703.029102291093,15,32173.311719776153
57052.5489045469,15077.928874874207,20,42559.94872303087
42169.53078295341,7940.375044891651,16,28823.073738936702
55704.13845599481,18937.322766501187,22,58719.674762469454
69713.51750592732,26931.10294817106,20,65536.21261394874
2324.2642668021363,21156.258170372395,17,35282.69781131901
37564.54771113826,16354.864978067702,25,35459.796093628385
37619.1601766873,28224.454126496203,16,57474.46633767946
47608.81822144184,15692.187065577771,23,38527.00224053593
63738.5156767873,23521.622018859052,16,55063.74197312328
77628.14540534656,16285.688365546644,21,53015.017137576346
63495.088782989485,22188.409084424344,22,59056.647482617074
47858.72726844321,17664.313320639907,21,45217.865473410595
42271.554357667206,14243.757406994899,20,46959.90250287168
72744.35476641673,11986.35124622391,15,44740.037146696115
27679.346470155502,22476.959949870838,19,43076.16515606013
55927.234714300605,24358.25753851833,17,61116.47690580502
67969.24705580864,22831.664734537866,19,63984.86035026929
45512.38754437062,20164.02692332274,24,45536.525940327425
54725.30707816338,11851.200551420934,26,44419.584302693016
29872.77981306487,20517.335109981235,21,42878.69009867681
57440.91810900881,20685.240686156776,16,51863.14705663902
50966.73590945185,30075.56980907418,17,59588.711562394805
58160.03600986235,17705.395188100752,23,35634.00367557169
43320.0063522016,18045.403955956077,22,49491.396967440785
33323.172884488566,21178.804509376365,15,41233.01376492009
66549.3342898755,19636.99079044003,15,53428.017488922684
66896.44804717031,19530.18669372325,13,53691.07523373542
58478.92519671737,14175.959807105075,22,47363.65425941441
55917.466953698735,22082.222766172374,15,47779.0789766776
13880.735826837685,19186.547865633416,22,34606.85397521268
68093.48734436392,13474.288074287339,17,45742.98358504759
57088.01016115598,17079.582344758466,18,51126.83736859336
68993.86694400074,13968.000915284498,20,49036.09908559156
32237.66016356911,19620.63804161861,17,37512.166240287974
59842.97916530697,27139.22260891841,18,64974.51829352121
58892.18136787873,16297.437669716966,21,44642.950542803956
-1347.8201555358683,19570.849201784924,20,36833.941132011685
48537.1343098178,20087.17316738965,16,49517.99256166761
49916.42683154101,26840.322186613645,19,55584.87298931788
35471.943784969095,19954.50949164046,20,52071.67322420499
57116.18698730121,14009.099752586159,26,45724.115310870024
53416.6360240323,32709.972358451378,21,71660.10499649028
40266.78984726789,25147.672056650044,22,54620.51006340915
42014.633621479414,8073.370652082445,14,29172.952454179813
24976.763860729956,21385.922055758634,22,43016.671008104466
56655.97431196925,25352.44499548637,24,69674.92346683446
54713.076613101024,20218.259301682698,13,47431.35134430271
48090.09460812132,21893.085969553602,26,51415.36607079229
45820.05753567617,19824.609122233833,18,46111.19963314489
61144.414662592186,17705.65877209146,23,57623.37286994141
52265.972576308886,13692.563993101783,10,37072.70344749028
62329.04715374187,17935.717602200522,12,53829.114063160974
53100.29377433423,8270.626552501803,17,30937.444094628278
63866.34464531997,28936.257747046788,22,69716.15241895507
62857.23212749418,20120.05267547883,18,62256.99335632469
64322.92925664624,13529.185610912262,18,39269.06830561537
40901.3490367632,20175.362905092024,21,51894.25623100094
60166.20633772328,26336.355133108464,18,53784.78499892935
50038.5074895786,23435.894423430153,26,53369.938043498885
48063.57021132195,14776.933146934105,20,39217.19722089255
42876.18349770868,18184.668503221557,20,43807.219128202036
55046.27560006709,24334.695627070803,24,55066.44751067015
20818.677471079118,16372.445610059689,16,35776.02302849852
55155.28662155789,21877.96994077706,19,51367.941294031625
55103.64472402157,17218.12029518558,13,43402.86224691402
66029.3619127783,19593.155663514855,22,51863.536516615924
52010.12857344778,25709.320587683305,22,56531.232041091636
70620.39387445897,16827.966076073317,18,51192.16856531635
44113.6151786749,11647.028959877625,22,34882.63490236255
42337.151220335836,31317.01190385098,13,64279.019072712385
73960.02985620432,18446.94597569733,19,56901.563808262996
41395.26896085326,21673.0423596253,29,50782.02656040256
16727.33176998039,30545.126263742262,23,51822.72969178671
74189.15555630231,22763.49121585058,19,56476.8213882362
75407.67463306806,19592.074484756555,21,54513.85919115196
47636.30896610831,20185.63832606278,23,60057.64797225048
49074.469856726806,29687.6640318159,14,55344.817747014175
42487.812535665114,24494.25757608172,14,50396.449629876755
78154.60733364521,17622.674409306295,19,50651.00495461161
73073.51191362776,24587.14304048586,17,55966.65705631334
41854.66645025113,17148.998101032652,19,39966.93256945655
52164.91937544135,21376.790549096255,17,51720.62812289604
76983.27694252452,23506.79997677193,25,70530.77164761671
80932.60082435125,16442.516997712723,27,51187.98311999855
56343.16005258652,17694.8357241151,23,57172.82956479634
58654.721537295525,17347.00308811474,29,41980.41193904259
50851.475700236624,13950.493191711032,24,42878.22843033758
42861.54871393725,20339.163637330337,22,43173.9362059891
60900.79443635087,19659.49405958731,23,54106.749324769946
75971.53175234863,21445.5646767339,19,70088.58726180161
38773.72702847669,21970.144309552565,22,47496.218907644805
55164.99254474569,17433.937099023507,24,49065.34526988605
54504.64655364106,24166.638940152414,19,58225.098526152164
31991.802473688283,20621.93797201352,19,44042.06294228328
52609.73267775746,12691.024577776447,13,49036.673773864415
49661.83383290764,21695.259541978987,15,51054.04631918361
45666.184233741056,16713.140662446003,14,41490.637115648184
73120.10327362843,6550.004519025211,21,32338.08341399007
46027.8419196964,29036.96207143351,23,57207.74793258981
38661.581486635005,10538.41800091865,9,35142.04251506258
62476.60824754868,15325.439741617585,23,55197.2106146461
56511.74700852698,18658.619773873863,21,57797.96700355149
53436.80897617531,20718.66258149249,16,52715.16334977891
62779.602871814175,20931.55493818811,19,50755.10614465161
50280.74445304913,18240.030149599705,16,40513.19100212602
47529.611928583734,11840.58667774795,24,37444.97564146928
40815.79467424039,22197.112878824166,21,52826.48617878084
64975.86116462178,14705.8984366398,22,45347.80568502634
73549.79145976533,22745.824987380605,19,54853.23621012474
87134.7547345424,22945.531332819697,21,62029.63883474808
62288.78319875653,20264.937448527337,27,57808.201998963814
78747.69980353836,14672.277163013823,24,52016.813504930185
42506.32974745286,17666.228526764604,19,49463.923706062815
38883.66170746023,29108.88627032688,13,65378.4609279526
34310.780990235406,19264.15165727699,20,56685.326936482
52305.81529549335,12186.126720818123,18,35258.4302307499
47010.25170533668,23404.144820193516,17,57286.47133212414
77446.95584061492,16472.21712496576,21,47121.66966050208
46086.29496126319,25912.09267753026,21,58730.74500288052
47321.00040112021,8210.556300659533,20,30340.774637035185
64560.937333295835,21449.477930695164,18,55267.08755513982
68703.92859889919,29924.2902042927,26,72740.35830391014
60080.19892587119,23844.034647340777,18,52105.49904934931
63692.65052752243,23430.76251817114,31,51930.15766448241
63947.022363346754,15977.47150435781,20,44545.737064143425
81717.24654964032,14873.38469272282,17,49383.625850175384
24211.28177046996,17579.90994738742,17,37450.34545455909
42574.50365858754,22787.97527978137,21,48089.20109928143
75228.05694467237,18769.387475686675,19,50812.23317332333
50929.657700677955,12012.98222736362,21,38152.05760384879
63153.29516671559,23422.535136429527,15,60683.58640134746
15005.892192135558,20286.44689846498,11,36161.78461215034
40655.49240626584,21948.7025808552,26,40471.702467206545
23981.91136773702,18136.038840830486,12,32463.984138491993
41143.55863622183,20336.35679213705,30,42943.57358649274
46122.11692710389,22829.619245648326,24,54496.1741297316
55586.220306489085,17798.010718147707,22,55712.35722057281
70846.28961711423,15394.41870052213,19,45218.66942981535
61981.800364524825,13100.496664450267,14,40550.97818669853
60527.949880585824,19724.873506610624,21,43279.680601850734
44103.38184904183,20948.010534865458,14,56374.102511577585
33152.62453052329,24236.314110278312,19,51897.65051287694
48814.58171043964,23661.099082282788,15,46278.81850535413
38308.05651486467,19907.602995384317,18,56375.983024018235
36802.26839696597,20976.003913425757,25,44851.85019347303
29169.887508357308,28622.074725142676,21,51315.562245035515
51472.2619048833,23212.76816650982,23,58624.839749654515
52890.86406002338,21279.32134616983,19,50553.473165097115
68912.06603371984,15075.149732216447,25,50953.981839325475
69477.92910296492,17588.117670118325,17,60867.400462811376
60093.219292403555,12175.132184481266,19,50861.51434379581
93062.69140945963,21408.631399457376,22,65128.13111494203
41304.57933119414,16225.42815988926,19,38574.80203092844
45354.80290332551,14785.063299536625,16,31622.499749194365
47337.00407296331,21691.91151477077,16,39994.87154627757
46522.652406828085,25284.842746137154,28,62325.940925960385
26062.52451518196,16628.518926340825,20,36269.7334825797
41595.58373683595,18295.977607779467,12,39238.93052282888
56768.893267480926,18454.392403727434,21,50714.00897395048
67364.28942171561,27051.90389715013,19,62297.06530438964
31409.256221541098,14164.267435070671,22,37703.906950182114
32993.2654743523,7317.922210418457,14,23705.83677539243
36084.221814896984,22018.67802842164,22,41432.57672789953
57761.94347976573,6934.289087515364,22,28245.24819386138
36680.539497583035,14844.499769991442,13,39154.03795835431
30056.71092872463,29763.768774843753,24,55027.55948788776
29669.31731289974,19615.418702911476,13,37080.31357209805
47020.423761795,21775.63935260134,22,59148.99256708157
50744.37290694227,24404.526183872265,18,55858.09768387756
63022.71419688433,12566.4434486172,20,45892.52342945534
61081.04169243196,21315.403228950287,15,59234.485234167696
66910.97842828477,11022.137889780892,12,41529.60961588649
50508.01986012054,16121.329231931371,25,40373.30864122452
37939.59611833045,19599.441912895236,18,46678.659767048026
55023.14020198707,15255.31675846091,13,54183.514147536815
31111.718626178234,19362.515995055735,22,40202.141779321406
57988.214931899995,24164.48823449087,19,62729.291276810254
56556.270368082005,15813.04438863503,18,49473.298243309204
69194.57173145443,22605.085529760723,23,55661.94318296515
65226.35713400847,14933.76851956347,18,37318.53522145783
58801.98128577986,25767.691857533402,22,60078.12749745865
24827.269052300362,23526.31314008349,19,39933.74008324419
44167.09206442791,23378.74707987427,16,37522.514671094206
60302.52294454924,24285.03793897055,16,54209.806024084464
72843.0462171488,30460.97206844041,19,71836.63655640124
61057.92578797687,21171.16021852545,24,63276.834424208515
30799.844034283902,15470.979165244325,18,30477.025109677037
75871.87248981939,23049.228812836882,17,59913.181579207114
52156.2067734117,20914.45638323009,15,53347.813694451754
58538.72172116688,21090.994928214037,25,46076.437342750556
59812.98095763457,21570.605135926595,22,54179.75880602975
41164.360541820955,11575.395651185365,18,31876.54670861759
38401.63374437026,15383.582002135783,22,30239.309573104372
54629.973833086595,12933.472511241678,23,37068.41285616932
38620.899900333396,31470.31224267164,24,56730.85507841996
42615.315597562636,29752.219513989232,18,62684.547493495316
45993.48601980615,32049.428592733624,19,64887.849249880805
23445.963064215626,28727.93852223277,18,53616.97352316797
60970.112226382975,19531.418874965166,34,53572.31055605341
68994.64719450382,14321.780839303421,24,44667.75581452466
59145.28976999554,20415.38557012607,12,51376.96776013699
20902.71919625923,29340.669629909742,27,56930.42052086476
56900.2417295199,21500.930267562402,12,48058.512030492755
67499.64081062053,20411.166061191616,14,56331.083681877055
43919.04232776035,20753.2517304768,15,39894.93400883813
55413.910053443986,20393.977269991847,22,53553.663858729225
59207.242470786216,19802.366317294247,20,58277.767376855765
38239.92648100302,18201.019294321126,14,41971.31032608658
37722.29161292047,26759.974026261556,12,46468.215051269144
20857.997004518224,15214.81887430199,21,31418.303803510214
42157.65078329383,20819.637390971016,17,46755.62661589601
37247.99883823047,17900.60877324481,17,31662.209528383388
46495.69528008056,14371.365612117836,28,43588.18000690544
64128.36749547949,17082.27710682155,16,53814.95902017893
62304.11140506489,15477.42470835235,13,49985.10372712408
32905.75957610971,13926.520473272296,25,29369.47299404871
45540.925197567994,21577.118375679744,24,53356.118383461486
51983.33387932885,27223.399664498775,22,69614.8596844699
11453.579873495655,15178.704245996421,24,27853.529473609226
49207.29051020971,17494.410947725148,22,49675.302657141205
46452.14850096644,18669.537632441305,17,41409.72860985558
46494.13801949803,21191.16696612445,17,53269.37200072323
54959.152112301905,21394.984949153302,30,49608.03310940933
33091.627180223266,23171.995290955132,19,49037.67613406631
57472.73062705731,14110.732416303643,24,47350.76761761478
52808.84986687502,11879.13350959628,15,38815.719866281885
72484.96453698073,15410.972957921158,27,50150.553536241394
50184.48783866144,16575.595881739275,18,44910.134055505274
71197.99751110656,17662.655798851945,16,53454.826118760466
72699.2102046322,14579.639841315393,20,43778.93539115752
55640.13847840452,19876.44042154257,19,41011.952814562406
48707.45906827335,21705.743412565964,23,45416.32148436628
39722.56005725029,24124.39337272932,21,51755.34466947317
54426.868025736534,15926.219214053282,23,52777.12959595654
77050.0166443407,20370.228396118655,21,49610.02343626493
54649.28864472174,24925.63360676511,29,53204.12693787866
55534.66046542478,11458.341856477258,21,46560.767226621814
73283.9332092189,16813.573970587295,24,52156.761885346255
77644.64526685304,13362.242663264604,30,44938.73758338911
50081.46605762135,21450.530397074715,19,50285.238049096166
56488.59603600596,29094.426257955238,15,60577.12734611447
37241.905007947775,16604.506992642604,26,39297.16471276004
53579.69075435557,26595.999158622413,25,62257.97907463835
58212.00227151623,25027.377380690014,24,58737.246064971056
50123.66219780145,20337.631558635643,23,52849.370271479085
40631.698833289454,18009.111579211705,18,38877.302276375405
38132.74392091957,17392.996718254326,17,43917.3264255527
64247.316849639894,28484.54469896383,18,64127.57734558729
56713.10644340931,16299.809202553628,25,54030.555992521935
51277.907440300165,22217.380399459667,17,57397.60965859267
30135.41517909869,16066.277855901142,23,41680.82141812988
49475.12188641521,11959.970342111792,22,37415.841522735274
44944.328328908545,15831.451104611831,12,37177.08815547218
29172.75302041313,27636.629470745513,22,50677.09681605369
65076.91136522849,26330.69980267868,25,60474.59176688714
61324.98283522701,17553.435458369993,17,51460.53505725436
52882.98602496059,33642.93459390045,20,68866.1479514284
27362.866436913846,27096.027089678006,19,57344.01455844471
63520.81291590724,16533.44782520834,21,48697.09737630739
53150.964631591974,18686.21535555303,17,44784.311555757085
52398.34063399879,18692.71973885968,20,47177.642830958386
52844.4524926847,16639.255315019236,21,44854.3869068129
38834.65135284116,22846.320979323682,23,49778.376096968874
50427.74003149622,21601.860353652723,21,45853.896922583015
66760.49553899637,22648.71481488442,22,57145.37416471382
27207.5625032839,22775.90906429881,24,47535.49871722961
64954.597753998074,21642.9772820088,23,53426.50018783085
55895.21500187618,15496.150710928425,21,44356.12533141361
59088.21117644472,19210.688847726335,21,52187.42865682995
47489.60711053316,19892.784850588047,15,49894.79646823441
47724.86612106429,19021.910711988592,17,46329.07660058595
30476.84394020738,23556.396110995192,24,44993.70384687782
44869.954965985766,19947.8052346101,16,42055.35461098471
54785.410093887236,27431.27636511183,25,67602.52148536977
72452.28734771842,19193.1346117563,15,56357.00720434649
53911.53237067419,27693.26801689851,23,57281.69874149084
29791.64358302214,19102.827972276653,19,38965.338354540945
49400.86843160302,21306.341267507287,17,57001.4989888552
41246.671117656566,21466.015899892252,28,45985.68602423458
49051.26176498533,12805.881605583389,15,52459.26647328
51548.4564720631,12715.392308739607,17,40484.23466590035
79715.24566518495,21169.787344387143,18,60752.66088180477
55741.437723888026,14098.954918770949,20,46568.36116366322
55595.10501244193,22562.901109595354,30,53606.28654615737
56988.89419181034,27775.411981243284,22,68465.67784689307
41122.874931747734,15733.93834463226,22,44015.859616721835
72774.24333330599,18437.810924516205,24,56389.174537803214
55787.17698016388,8144.668565339063,23,36013.49041402348
46431.690772712784,9916.038387533074,23,42980.12138894773
59060.12615424754,22841.79816649028,26,62840.15978457577
71082.65121485172,20104.540615663856,21,52453.255249770846
55200.320538604836,15935.61560168464,21,41832.17396538813
50187.13989658866,6388.486025036684,26,34690.70742475668
50809.17425001876,17743.300483225627,25,47255.98511949789
61195.50575477142,20638.739098752056,26,55716.72925650568
57151.132761077475,26456.0336471909,16,59030.43473400159
53688.49902528908,18346.528650161443,19,45410.37616211839
47555.22978518213,33404.3329458065,22,71704.14223750356
54653.36235961802,17735.329875946358,18,47408.86538920586
29072.8448550504,14115.187490303513,23,28465.42929362448
69142.76697477861,28258.51010037675,16,63455.68299856937
51322.84948353983,27053.23030902548,15,64218.84695082388
34233.94967975487,26834.576650825176,22,53386.99676333945
45517.28488070932,28947.730277930285,27,61917.62226168659
62025.37660707422,23170.391118932876,18,63208.01345457693
73321.29196153133,16585.440593274874,21,52876.925205849504
57929.56510943456,10470.283922993181,11,35391.04497428419
60027.84421154588,19340.286977630316,17,42811.47769186889
44638.41892703446,15148.979188792038,16,41653.6501655017
79086.3659917901,19200.3230264507,15,50526.00049315988
47547.90237315616,9253.518882046836,18,34606.397270285815
51266.53988824057,11530.870910032821,22,27651.198813728464
51558.9560836063,22103.87064060677,22,47269.47899934577
74415.94223034875,21655.82369813412,29,62056.86738154902
55615.8690013082,17639.63147103249,26,54650.48477758977
62923.83864079185,12137.854688699721,26,31545.23591059952
42334.17255372511,20800.6198064853,21,49565.52957029316
56964.497297922826,17592.591617092065,23,49873.67884806679
42675.13894909086,17268.037522492905,18,47827.535534324175
41707.21816358524,25833.917787060684,23,59320.61649809314
60141.362882176945,27068.710814982594,21,59818.445072473645
45820.15223318203,22387.59895185595,24,46660.85194564941
40694.094291271686,21862.535864990474,21,44461.5496479978
68858.8665843893,26789.263842603727,16,54013.83669376189
38217.16406738483,19457.438438867448,21,39306.72310656419
78987.93836660418,16986.68088868384,27,63848.29126881555
65965.42810895148,20127.584130218613,17,65285.60531622622
75971.67945361255,24182.97222986239,13,57216.80579455651
39751.789059401184,21278.225216285366,12,45128.88122750343
60526.26072942731,8867.30311559502,18,41771.05991112109
53351.01458773752,25379.648684170068,20,55118.942246553735
64064.1900713853,22135.358746224832,20,67471.16229990657
41782.231070480826,21759.712940268484,13,54445.66457457589
66508.95011799037,24288.876630485996,22,61648.94510097777
59408.54275592585,19019.05808188899,22,52108.20956176205
47674.46370062575,21361.85259211915,16,55943.089349173126
27364.695464463126,24196.15714985875,13,47147.18936559026
65145.66316501057,22902.60524935554,18,49700.46856179299
48095.44634354466,15498.52800327002,23,41149.142884272405
37877.56964385221,18725.015468707574,20,50432.36774251096
43166.24644604524,17224.386456997767,20,41465.43310187915
59597.148948056914,19129.480714263147,16,52835.52944181341
47792.536844993854,26410.8914490072,18,56396.92657594632
52350.56354220732,25179.79293248271,17,62857.50125129023
54214.74403255601,24209.600005523254,20,58161.00522216618
35242.60452847635,13566.674427468872,23,41420.63086910789
58831.70454267152,17839.422446856886,10,46170.98119014976
59607.01301326581,7224.512493542563,18,36829.671471240305
81806.82545427686,20264.713961518522,23,56671.62267317789
60000.97975996475,18582.774171272857,14,51847.447088869514
55218.3629431149,18415.38818678185,20,52292.268489460446
25365.45437962774,25892.153238438055,22,57462.01416077802
60086.13069269045,16769.68322963151,23,46750.55584650518
77781.43470163498,22287.50137117309,25,61204.17959055475
41993.767524021125,27326.80071660694,11,48691.56137574719
27758.7640102846,20749.65662610524,18,48730.6609678401
39434.35805834509,25329.66794106715,18,46308.78519974515
61361.33744555103,23469.381462807098,23,45272.86772047308
44156.85432926503,16878.323036343194,20,42762.80203460574
38742.88898857073,21821.540364877037,25,46490.164052529704
54396.016171850366,28711.36080042077,25,69326.49363712387
53378.87815202557,19336.765822537887,17,53208.047621467966
70913.17428200152,18715.598494484486,23,43834.18165817488
43632.407046591004,20511.65511924443,30,54494.086708360956
51639.26061682985,37506.945447349186,13,69042.46946320085
18713.26400422659,17253.356061970007,14,35911.81821272896
41984.46960203278,18643.361842735274,23,54921.96114861775
54384.943774956635,19352.448529769314,20,48167.495919126144
46105.786442952296,17550.350432526622,24,48421.47709494396
16581.649935184723,19871.326840553946,21,40294.02049262897
59288.853459805236,12655.914707688147,26,40191.368067689946
57867.99513278785,16288.719742917066,16,44100.2075252236
36318.45951960589,15919.395839358207,17,33434.1295568151
60552.16125232112,14349.318409275005,30,44043.8897939953
30792.74053927137,23861.594247348035,17,54438.74905689207
39080.60038487939,24585.055090157137,23,55953.13135480679
70942.03971441122,23213.961346676315,27,63756.16048946783
69497.44419716066,18627.902594686406,24,62828.62520751773
60251.2307030234,16429.383773611633,20,53595.16048448501
40799.36197450188,21376.062103202767,27,49983.69952505551
56749.16766481477,17824.750290488562,14,39704.048522698606
57563.64486637781,13487.786004251699,13,37275.31280677606
23876.841066897065,28345.37094408832,14,44369.1618234413
34176.573231526076,10125.989070238014,25,29253.276979146787
66261.26778496419,26808.37967146484,22,72559.85877992815
11264.960315611926,15105.34567490188,22,24232.902356879655
51246.324188817765,17589.27697228395,27,49862.54761988155
49277.90878893267,20882.328254774657,26,47351.43207413214
38066.71581453166,27154.894886331836,19,54711.789137018255
50113.655069711596,18186.289260406233,22,50898.00264890033
49931.53489171762,16958.801493237122,15,34724.92580150452
52141.48725896702,30687.26351012987,16,68214.86524082726
47941.90171899394,24449.7131786342,12,53222.549787357
58384.78123057193,25999.54655032448,20,59205.83331781641
61067.1598382627,30306.98262508957,29,67505.21125396855
37140.683995242754,22268.104191782397,23,50297.44442434218
64922.94488764275,22755.21376115317,17,61417.33519976099
47359.127327111964,21144.253034420923,17,48224.70277856653
19190.832781237845,26666.57325852154,19,51856.41385134457
43232.68400934373,18003.441228321306,20,51162.0861785489
49174.62698535676,16516.37596447368,24,43632.56811603199
28196.925308215858,24311.017468528284,23,42730.77573454243
48176.73071726648,20177.970925826143,20,52511.14251297363
45079.37410723007,19906.882886843756,21,56878.36147193081
55022.524116577646,15752.11742301661,14,44548.91186882812
43448.428020618994,11285.801198389352,18,31825.573247385157
48034.25978287639,11915.403346550724,23,34888.15277182601
64512.658585599784,24581.62813986409,22,57706.49190894445
54537.67736785414,13692.24334263381,16,37666.019843986745
54297.2738165239,24847.105963527843,26,55755.77535162108
44939.92910942633,32956.04819233755,14,70823.19037177398
35179.03374695539,25942.341084663676,18,55230.89030544239
58392.072348462956,21941.195839489035,21,46035.503594013855
34604.08785497696,21620.387686632566,14,47865.25466350172
73704.08085529023,14263.107393631575,14,39971.36102718553
34081.56286147806,24529.740272451832,22,52370.2815221044
46547.16110826763,32046.329987603152,16,67137.82754395415
64875.35924522384,13072.587148459774,17,46783.29485105353
48868.12936077275,21626.937784895654,26,56092.03396464408
55845.064662335026,19252.446855344664,17,51935.871238590276
52268.4003451304,23149.999747555543,20,59345.88254372047
27816.82279761124,19479.723840832794,12,42597.557098036064
35437.860547278426,28676.133219408253,28,59492.578049000185
46079.41103110868,21229.124622008963,24,47097.23552331349
48499.28293173543,24507.41295544283,26,54072.9222977404
60912.967223203945,25337.807451069544,14,56296.14511503771
51169.98625373231,20684.92895750369,21,49867.354593940836
47887.04631140624,17473.70214344899,14,49439.08684671139
44114.91573661357,19440.269368246045,16,48499.30318481123
62249.99862368117,24176.392755815883,23,55817.07302722969
39944.09849268257,26805.25383962067,13,56400.436237915994
32844.42927654339,18997.488619408687,22,46271.3552421599
47473.51381556112,25178.42761749519,23,55521.20971551377
62574.561546869714,16160.62772220447,22,49558.604343075036
41108.02661586588,11329.720401900138,26,29879.390187370373
53220.450199157516,20161.913114977113,22,49817.04776531187
35967.15272091645,13184.89278445666,13,32358.69238375937
38728.22493676373,24795.186364790556,19,49046.87143536152
71625.39590457271,23728.494873886124,15,65648.04742704862
18908.39015154858,29241.0833499957,25,58522.33550389675
38841.23655838925,23456.13833956261,23,53157.4730711848
23927.990091554722,27752.172999744835,24,48324.02625509106
38117.28234177182,31928.298509776258,17,69644.5200129537
62196.66322121727,16086.78889195786,28,48950.132216827085
72532.84458566562,15636.599872685441,15,48215.23453531255
31230.282941293393,21058.302966675434,23,54400.89172180829
60753.45309988384,16236.606909458675,15,48143.62868447165
30118.85636749317,19101.290626956492,21,40163.074968433546
40134.72453769589,11014.096926572573,19,29760.081736358723
53947.30543689669,19887.17879768953,18,46007.4639859603
23379.632755748895,17277.267914254073,14,37368.22049245646
39723.37748504174,18990.821273227964,29,56273.786714636924
48725.05761291382,23069.22494245099,11,51234.53682716636
18823.743936624585,22360.97144807206,23,38960.92002724974
37560.474177321514,22069.63761197563,18,44373.865941917764
42242.88261163718,17028.59839270082,20,39540.58139861026
38992.03199344451,22416.974309356297,18,52710.249252856425
42037.91650058373,19338.684209060317,18,47721.22653413572
54819.18789954284,18530.526794201764,24,49393.99434276854
53049.6159733446,23490.29928316995,20,59878.98879539156
68986.79110105123,22685.33537726437,21,64161.86344185835
46148.93151511156,22437.653952124394,21,50283.616671896954
27204.119537954055,17819.92313428154,19,36986.651532115444
18211.011740717695,17196.251215586206,28,41747.02946685338
69979.00339085113,14498.049490943165,28,53451.89191035849
49071.39198509481,24441.670994214448,17,53659.854849069976
54499.7813314649,23169.928561277164,20,43492.0446343502
62246.6401427743,23674.035629056612,16,62177.92272746779
53030.80362844186,11354.783747186833,16,35096.20253435961
68094.9657877755,20137.258835507007,22,49245.60817991546
61147.268125282244,12421.841201924173,30,47544.68814801819
64810.72942262645,14206.107592381246,21,50495.250155209586
37688.2649379287,27203.555257107106,19,59410.13423301801
61553.382731334976,15013.987127996083,20,48854.44710818983
56396.934138828656,17446.67555387684,16,51453.689642674064
35526.11318612537,17778.510023722814,22,39603.13172445069
73838.88219948449,15525.518129272436,27,56432.74079521335
48458.59306885197,15088.802659648183,17,38983.52763000143
23589.233893789697,11176.744337951362,16,21879.80725916206
60787.263477396795,14288.642250696195,21,46216.9208818416
57459.83826837588,20935.75707419649,22,49448.71207565499
45820.41888359495,16618.63388748386,22,42713.223827337955
58634.10588352747,16632.542180709846,18,40652.43743408596
37480.254451806344,7341.999678604647,23,23766.24188657902
57056.813044569135,16628.19172664417,16,48072.5007440241
61291.69825355198,30682.423654425867,24,73020.44700690781
55186.474746133186,16215.376403073,11,43385.40697692911
50270.83192820712,24040.8418773569,19,51398.120917605884
47692.67064193793,16046.239490072625,19,46079.3239534402
71387.15364725166,21932.72785772396,19,65268.56272169384
41792.068756456465,27827.294869356778,22,53907.73254687979
51505.267737807415,19788.647530813214,12,46051.793631089065
48496.07994519415,17552.160697695635,17,42607.60470241017
55091.93087628082,20409.808845261814,24,46750.35452306696
68877.91767368498,15066.029271163905,17,42877.48057930352
68263.78430281428,20664.387290061226,23,55993.44614224396
59962.09564060443,19533.12718536096,12,51294.92567605169
53775.25607312562,21473.82852556818,26,62116.43811326567
56121.51526805988,9365.849341495144,20,30746.453079207993
71283.87730859667,20225.18611710236,26,50761.17803011717
33639.80262684758,22893.65670670456,20,39083.81594388492
45498.352353472124,19792.304140642747,20,49454.76314499327
39713.4204282533,24436.680649186525,15,55485.4372815352
60079.83319011216,15128.127507080542,22,42975.78480347736
46496.01017234473,16379.225535371654,32,44915.540983447645
26137.904587786044,22987.61415201589,17,41074.52980351131
40704.73056705872,24223.154078729553,17,50670.31152113372
52354.587041029445,26538.939816005375,13,59806.72461394696
57026.86530687885,21004.871776486434,34,67189.34288277072
47535.961133988945,10745.174304886203,23,29289.46323547151
35845.23707458688,25807.06272033116,16,46709.4782194824
71448.99273000091,21552.620759269204,12,50424.2333256471
57679.46669630614,21007.23011892502,14,50230.588588848594
56644.187336765375,27751.089531696543,16,69224.2616445675
54170.092607658866,23673.836123121095,14,53369.63426344888
33230.880320453114,24352.433229828737,17,51336.901369815976
51773.694041277995,9872.476510807835,17,26462.496780509173
15564.033953385646,17537.102876970956,22,28901.166066363057
56130.673808799154,24934.28551820897,21,57033.8861989465
401.81077897993237,19708.342992646914,19,45857.23234713056
38481.56557188271,22476.74534067735,25,42144.31759993154
50586.9084061537,21067.27435464654,21,56972.103126559734
53904.309007880154,24972.143167920472,21,56214.57916089347
30990.528453206916,13615.435601275743,14,25536.14758391257
39831.23481126272,11673.240888422151,20,26810.17853228671
30780.738993545852,18913.819793874034,15,48522.9832691769
67353.80584979164,21866.182290768906,16,54120.82200489042
39400.352732273925,17446.870809873897,20,41865.21346960561
49021.95636861299,19739.768210655933,14,53301.931736091225
53193.96676259031,13123.709993794626,14,39136.780249561794
60025.041503087894,13541.066628395896,11,44848.34012264573
57592.581179308705,16492.753214500044,18,45175.798218311946
58783.4830345783,24316.55235301942,14,53750.84905204782
32432.749909613256,22135.330627212224,17,43294.010074242615
56201.20545647229,23578.218663452433,14,61271.43821016623
29265.726709272793,24526.140900279344,20,51553.49797100209
55988.72947106535,32039.345843284304,25,70246.66422377284
68903.34624231137,12406.645794965516,16,34206.53209042909
33559.824794996326,15690.840852248153,18,41246.17756423836
28611.89398941355,26678.082450688344,16,62875.263886360844
74924.75558283266,19077.838344548116,21,57950.70203085134
41198.23304288265,22407.13332571431,17,47537.0411206582
58654.129493507,14019.555398041199,15,44733.072127304295
25730.365345512826,21509.686173347905,17,49661.575567727756
63718.93476041161,25234.540341262764,27,54983.57982449732
66010.15399370565,19359.801089745728,20,47347.02367331228
73745.86209255486,22139.51119363918,15,55541.625777114496
76736.6699179476,21469.33281431003,20,61016.49185727736
36186.946527625805,24095.295212367524,20,46468.07271992406
68576.39248236094,15578.142537253934,30,50474.22496353094
57569.743694538774,11804.503672881543,21,27893.262688433162
49191.57610601937,22006.130005620656,25,52782.016791957496
53653.280770579826,24432.365914859198,19,60982.48948788532
80964.39838795348,29530.731567189767,16,72664.50809197075
36352.66089994656,20533.359958942125,22,52776.050477926714
52701.79303146252,16313.161263349986,23,44188.87345978552
67362.37507730025,19274.379080942632,14,55110.501234187104
54746.35416513414,19836.42068260613,16,49310.13385939521
30289.53858595502,18860.064031667214,17,49929.9239734536
51440.646531117156,21931.906995626894,20,51105.69836312128
24106.30079533416,30752.829203371537,16,45155.73074200403
43958.6461729152,26440.705636931125,26,53043.41585405417
31441.28720858851,11923.51561719003,19,35324.455150828726
40534.12828893487,19963.06357791873,11,48572.914477261045
65146.29643421259,11921.945223921497,16,38422.26828033222
42180.16244991595,16431.049334053565,23,35026.884389472856
49104.42426745895,15949.87997466117,26,45949.326331267395
74394.69434726053,19355.189439773912,22,52923.98278860403
54375.706080596916,19122.761728498343,14,48715.11694318625
49144.38538988138,19191.56760021313,26,48002.43700691918
45464.29422239981,28571.38823678997,22,60414.97876457584
55493.96653401464,25223.342921275216,13,60070.222312924336
69871.59644249766,18928.98905025991,23,43947.68773068861
35649.125938404024,21864.0912363535,24,49559.14878084492
55626.83789560661,28003.26512499794,25,63810.68521932558
30870.196348020872,13037.397935495714,23,38148.02736451125
22517.639992475837,19596.719730504472,19,39256.67594393777
54596.16975711754,21753.73070754799,15,54191.60268678109
52339.2273515151,15950.441541733831,20,44838.21922283768
21388.895551468242,12407.11166130721,22,26437.04092121195
36501.817239595584,17263.281973941015,18,38737.82410545292
41550.5581508787,18742.15249375678,17,48362.39275925676
56438.82020803643,24950.846974476808,23,54599.827602146164
71527.31310025504,11063.495096129176,20,43527.40297701332
30662.07312241215,22082.35680213476,21,44572.850710993545
46216.53160852261,18020.34052731705,20,44988.6940553709
75853.06061158987,22054.47287961872,17,60315.81536433668
68969.76213559738,28253.613492456127,18,60827.69022012339
15501.160663970913,15632.962410574713,27,40886.500110827066
44511.988449185716,25657.138721975043,16,57269.26327292374
56080.63308892049,22308.56404106236,21,54043.665402218314
60903.25048918078,17977.47226816686,26,47988.69492096673
66869.69097190283,22863.294655511843,17,64840.06144429762
23935.634612788264,23868.553733196302,21,60737.53504921481
53111.24516879769,16008.706179558214,24,40151.764329530146
53598.66377861909,13778.747036402003,14,39376.341110021116
66932.22678930263,14138.122958153472,21,46255.75969308765
57582.08534086195,17782.975012650593,17,46897.581912423484
57114.41134535482,16535.849640350345,24,49418.832183156774
55545.74046739202,22856.963123202026,14,50760.22654392953
50085.76906551359,22731.98492080972,25,56355.40192063988
67790.5633420476,21040.254734926733,21,52834.70620918643
35119.346211408105,24769.24588603904,24,50105.892776004155
68562.06528246419,19805.34949958072,11,48792.06666254498
47120.74397672467,22106.730834116304,16,51487.461379307904
41834.320603951586,22437.70376627429,20,56159.40109392334
46914.826453588816,17967.455641429966,17,39919.082218189425
47216.77753119903,14493.534293399876,28,39307.548121668086
77121.94386897619,13862.277541221247,20,43719.9282113262
31631.00631295567,26460.908970540222,17,66514.54717723824
30489.052926730532,14916.791777653812,24,39722.87599817643
34018.35938207035,25039.76156190711,26,46267.68805354358
46575.61174979765,27439.545319346078,28,63529.605541275596
38138.60474818923,16549.235245636497,25,50681.30660857646
14012.45471774989,21280.354411636523,24,34919.52091403852
39689.01414495555,18294.01750939645,21,47620.467744630405
32490.20498718102,17901.871775856413,22,38515.41051189412
64884.874161977095,28854.304602444387,11,61995.86972133258
59379.91851983858,24364.187510266547,24,58956.374744859066
55294.21358782698,19329.54324089468,13,51986.46074668985
24108.197683236256,24073.823899002316,22,42828.22306094181
71221.03906714868,27332.018498783942,18,70786.5568660542
37666.01517157202,18031.099502787587,20,45945.24775026534
62251.13183600257,24258.22285374445,16,60237.60522850095
59118.691190244564,15384.729981662229,16,48117.24712399651
37856.915914981684,16607.603432018863,24,41836.32688183928
55036.6384945346,21523.069088829357,13,59155.23213791267
51395.726828968116,20063.133239265382,24,43140.92966747353
65982.94100863188,19599.500669521436,20,49554.92933800764
40071.7872456275,23839.269900164658,25,50486.90018834083
52499.3947068273,19298.507327864147,15,46691.73026614103
34842.09031522141,25007.385067311443,9,43692.81075504839
68553.64447899119,23348.319765523764,21,58983.77112093701
48178.13953167185,20420.755261035843,17,50219.81868164474
36022.77329135487,18833.08160292539,19,42274.98516777981
59218.17420076488,20032.059520838968,31,49594.33911069243
65904.94876497475,14428.791224938446,22,44006.536002592795
42908.338459769686,18648.819630050137,28,44214.19181172691
81201.81139645226,14506.099009001817,16,50535.516978484615
72733.67429646384,22209.951613181205,20,62641.98811046639
50650.942864133045,13164.188386142578,15,30256.22751137427
43503.37292218893,12446.79560229047,17,35688.51100312938
30349.49832735115,19675.771130102752,14,35997.26866415859
33871.6016549518,23147.576217782633,25,50406.11655246476
21739.957315633106,19743.14209239133,17,50840.52260237161
58894.26116635854,25940.89205710247,17,56212.508727275825
48882.173078677755,20639.78629091768,24,47466.774211302254
41941.59348796095,31484.102791323676,16,64365.416284672996
7236.662785436696,21077.14985696888,22,43074.19446708837
57966.18592994505,32308.459230183806,14,72301.47832539197
49315.42150004379,20078.034075246887,26,57350.26608331346
50226.95630194582,23536.150872359154,12,47114.69372111586
50008.4549394214,20796.420666819424,20,48090.52528388955
65337.265803289665,21893.80942102506,22,55555.30953429849
25607.5327578175,16764.73396479502,21,39144.829328105894
85167.61932466802,22688.57828520865,27,60842.14733820817
30139.819013026095,13746.535116782763,23,39414.89354836595
46482.38520309375,19568.068051852337,17,46832.95967243718
9281.118384702146,17249.787208885034,25,33675.96498921123
52275.573265838815,18027.20199718811,22,42377.56826166289
45181.73482950892,24939.998455904275,25,60975.85734966742
49684.04215478795,21981.34571929319,23,54032.5526201277
55452.44656166095,10579.387259101966,21,30163.714906090096
42352.76210616641,24417.743087206563,25,55439.54980423939
73286.53070602128,20055.38136222013,18,56838.89851216776
42244.81997359466,24401.13730574895,19,58098.53303165662
57955.978496639706,20664.951644676374,22,53097.23351308487
36798.7099312903,13518.03593754385,17,37325.44008221343
65233.31138674122,27079.756123651234,18,62249.28865172906
34338.42418865057,24045.940952957993,23,45587.02884624483
46191.810808424234,20520.103707717466,20,46430.61116982736
40540.87784053926,14370.654142613263,25,44058.506591066005
54514.60500562699,22039.701125678857,11,57107.740492683995
36744.83445117691,21454.43741161108,18,41356.35746931964
39513.25698432626,14741.82054718006,20,30128.691087943014
47354.39180796298,19638.46396640347,22,44909.69365731313
43333.05206914809,10694.785421622975,20,26171.35883996373
50369.98387747269,10760.572151588185,19,50714.100393686866
38059.105455645215,14389.851791421004,17,39148.379908757204
38693.00544389823,20286.342199380546,28,52158.103139251434
49421.809023007736,15666.217873357846,14,45997.39353068798
70765.9721142078,25255.78083004571,18,59696.57487183456
45284.53667783816,16204.944992788842,21,33655.78047291702
60662.61073956913,18107.723596892974,23,55119.30417161585
55902.46492848164,25465.32278683455,20,56541.132800271684
37823.23035005115,17730.465151403107,27,49147.15711339754
60815.39567171989,20075.747772852148,26,44061.50804866538
48518.9618235114,24914.116411174557,22,53364.83467408387
65013.963316803056,29647.53997753248,21,67198.6845021303
88849.75432862746,24465.22760117073,15,67980.684098375
50620.066413371664,22253.467756023972,19,50121.74549549697
68100.44228443528,30806.58046978945,23,72105.08240298617
65615.47068739547,13507.848469021119,13,40709.72244026331
43414.43542246498,30399.90995019029,20,72507.14042611417
43111.22154865247,21140.985238346857,24,52481.26617102516
30223.43946332997,22145.551485040596,21,55923.4032579581
67188.6689589604,14427.099784308171,16,47236.81646790889
36594.59047820315,13747.962713995428,20,38839.803382288825
41148.73102142986,17544.30631583064,19,37444.97896826494
78516.43774599742,19765.24057354294,21,60362.331317180826
42297.2459948062,19919.349919437736,15,44661.361125117284
74560.14215117662,21232.367561648203,18,68466.54374535075
79245.66212554584,17183.519273344984,22,52729.678584477566
36861.60489612583,22266.430096635,14,54734.9362796034
61081.68465183481,12178.420435545726,16,26481.126457338996
57119.888846190835,27221.141034994856,34,64423.63454119785
61882.32009103558,17096.640352835428,19,48232.56265498315
67539.51725503716,20825.36881767572,21,56851.550105110815
22763.94730836785,18213.66444842469,25,39296.93037909708
58725.79141615888,19876.522146391,10,57689.41297343421
60406.313064270915,21429.15193087712,24,58752.61883788984
42756.7979292349,38166.0846105635,26,75602.67123123398
64127.856744344135,11055.12595445154,17,42813.76605366845
68563.40992173809,15459.455135941622,14,43148.859706452335
42726.09428613978,13800.209606893608,9,33781.78142485017
30473.21971938538,21514.697277827363,22,45109.33710946781
77875.11009032745,21936.816173933996,26,64051.83632901302
37643.804449420946,26966.36561516527,20,43615.72575835773
29993.609300581506,20252.27381324349,18,44908.33935501833
52973.870097587824,26433.06413448863,26,57864.46565065791
16011.95361777844,25586.837410252323,22,51955.65972316724
51210.60004984149,19376.491818451144,23,53619.271478311966
62549.10504186428,16558.88219784251,30,49478.34929080434
41630.12964438037,19305.08887740924,23,35913.00152289628
57943.52683357454,16681.637753183048,21,45409.601264213445
57199.99457111642,20376.561966828103,30,47437.45973080903
57586.22617395362,16037.342827130775,18,44588.97284717603
43945.52249319695,21721.39526575403,24,51356.250841822395
50566.85548524113,11845.775939067691,18,35953.70600260142
52775.82997674803,21897.044887110045,25,52271.794207785475
51103.54039360004,23457.40834803816,21,54662.65735541079
47529.40877798432,22872.944022331296,13,49810.61436111611
77092.62681281965,6985.716936038974,22,44802.87860783783
54868.79781941131,21093.778315522475,17,55804.13176881532
56231.91859166356,22106.443905855605,19,50560.98893397824
31635.981890284605,34328.93841833473,13,55869.514823220605
84507.7702298034,20822.432986883996,16,67311.21011503329
63196.40334862375,12636.236469602347,18,43634.94389653394
55010.304295485184,11546.212789582229,19,33250.95917991144
75806.59152016557,18856.62809838572,22,47042.015404558304
32324.52579934681,15713.372000353815,19,36073.743891112485
33509.69787421729,24100.672925158287,18,49877.2388903075
65845.94729991269,28232.418894164766,20,67961.76905949767
68863.41113582542,7939.176360044508,17,41170.887852695894
22190.343854250586,18355.878598769996,20,37034.349754557195
35190.06169040028,26442.974364538677,16,50126.12065659818
27287.708422821786,24202.723574273045,14,51062.2719899936
64525.0677709642,15840.638655710194,15,44208.123757582805
51435.479881065345,21890.380247689063,20,54731.55099045305
56893.01215977903,26016.6672386834,23,58751.6347811529
34407.93261122616,20162.285014654666,21,46571.92317811202
53942.004862246766,23280.191175468302,20,51130.86884356284
26852.810500777592,26351.94967139457,14,53163.23297156448
62376.169747178625,19605.434658397204,13,54530.58783263206
76986.23722267558,20458.74862600295,19,61084.041108993224
15969.53776261065,25134.58795195836,23,46882.47062315173
70677.15362253861,23582.52934102046,29,63136.58452471763
48526.47723982515,26805.267592476524,19,57921.69613205413
55323.417974740965,24680.478181928316,17,55516.32695798158
44236.764102871275,28782.75944615066,14,51385.78653703547
33997.1084651074,17117.274428996687,18,30402.54086427296
75113.56304175421,21679.631725725274,19,57239.67349500457
40612.66934305457,19304.885813874902,24,41735.718449005944
73130.88942725668,11702.247501358295,26,37512.45044483384
61993.960773196115,15094.284915820495,23,45521.38855282693
46533.16632327566,25545.075268954846,23,66231.81689280584
75708.06974304312,23339.014615006687,23,56791.390317844984
49415.2713753562,24879.56159073052,15,63322.424209767836
69832.85891160692,19061.6679332315,23,50911.133321590314
68853.04991151259,20897.914247428325,26,60490.66685911976
31087.90796766508,22225.13464554751,20,40560.720808779544
38473.108010432894,18614.82337066463,20,50151.75270721612
47111.27584268414,22029.655233370464,21,50234.54374134095
47427.02906661011,9521.638673712658,16,37840.94739054861
56932.10541040706,20336.197741146658,23,52425.96433975385
24402.03909106303,17715.311997524735,17,33672.12864994098
49367.40314376987,22619.120402853994,24,45541.80759340039
58346.48274856739,28589.54875663644,20,69161.45855642538
63020.65294354155,22890.695312317188,31,60076.876805867905
41324.20826662645,23226.48798695486,19,49978.03931891949
34742.03360089322,30963.43777550611,26,54831.76403967147
45135.47186008592,18421.65538482092,22,46592.332352014164
58221.23798361182,15730.310012758298,28,47647.15333892828
32059.758813557146,13254.260188268687,11,24996.68888623284
45867.71988151834,27591.366630159642,27,66113.36124598875
43272.48347219077,25768.03909837704,19,49892.84803391577
26988.470020824938,12915.776445417136,27,30790.954326798168
26296.598634460042,25628.59862821149,15,38683.597736981144
72363.33075409703,22582.018693253965,19,59071.899779609026
62200.1281932027,13145.98511949426,25,39881.57213932224
65184.93497041496,22220.38389919298,22,62676.213016591966
44915.08117528746,21015.269711704514,17,44405.412632907304
52217.495301322764,20062.969685965974,17,46961.68587952655
58620.722042314475,13203.488658414017,29,50462.63412975514
73649.7127287569,33588.51706988196,17,77886.23528115619
55883.03572587013,14227.800874547771,14,38770.743649059514
39971.87814152132,15365.464284838114,26,33209.47383195724
59939.27278672341,13524.128326195458,21,42701.24616895544
7471.98095121084,26763.349189378838,13,41635.02726496794
36707.68258167719,14470.583158537047,16,34536.80686655318
51583.47942924731,18194.647947987876,27,48008.88050842472
59673.266256645205,22361.243334094408,22,65513.36129190173
60426.06269321102,9426.381442456046,14,31241.60014401479
44017.02341278919,15411.822803604879,14,39700.415638029146
48021.99459368382,16228.686096762447,13,35988.93999649583
45088.57331742729,25479.80122233545,18,60528.6628336446
60342.53088780081,19187.689658019037,14,48383.37136779979
57970.50222275513,17830.93680103824,16,41465.41147345039
48584.16333100672,25354.602236914336,28,56397.994311830415
40490.55960857867,17574.56689062492,25,48502.145256634045
55835.63889288546,26592.636454048174,17,53073.66512072577
51442.46707330495,33427.58595911119,17,73861.4186666712
72621.73185768168,26375.64947096203,13,59801.59195334058
49284.47485334079,30253.191114134428,14,63805.000540185094
46772.801121673896,23176.94333897245,26,60414.821875130605
37548.75860076094,21428.813132681833,19,48499.47822319437
72911.48043080447,19933.7239266679,19,56398.19657042632
51243.13804854016,25328.79925953231,16,55675.450781660395
53602.353905495875,13662.013401784268,20,33809.03745622796
75659.5290459786,25498.738281423735,14,64909.19281344228
67429.79317637457,18074.067702010325,17,52364.74038674374
29234.353067349028,23327.71511611477,32,48937.583259339706
68011.26921461077,20996.287062644595,26,48055.55664744677
67396.19274797956,23622.903438280126,18,58243.68636377691
23805.428093818322,24069.51516947227,23,44881.484932426865
72689.38152783694,21522.441110602344,23,51343.33088129171
41322.92393952775,21229.85364014028,24,48368.09329151276
61366.75203385607,17736.070410877626,16,43437.37570352604
42294.892168161576,20302.330615299066,15,45864.10828748363
84104.45585828021,16162.941512923684,20,51905.54876383563
53126.97611902098,14298.501019713365,33,40862.543123358766
63565.18856338134,11979.889471968629,18,34388.15288115577
52333.157105779064,23862.26424427696,27,64182.21291063531
34233.145339090326,14874.926357988308,19,41395.468933331904
48708.575672594554,22920.93409375177,24,49426.12169060476
28923.952787896007,20464.19831914048,22,44302.68417929336
54453.703225868456,14015.066755617037,16,42430.78163247667
46892.15976954311,11820.775349813688,19,37918.59038849507
29171.397038626597,21864.993907671775,16,46459.66828106196
43205.65191941808,14404.963131737892,28,41209.07538882113
33748.443789509576,21327.130254684027,15,49741.66251406724
43134.69813052268,22725.301759687434,25,42745.87204102306
47735.768046758305,14587.644380615104,22,39175.77210713905
60888.64383782572,13125.426114694563,18,48827.68988415271
36833.211834844216,19064.12656639839,22,38191.91021698686
37648.95662357287,18472.573460025505,22,43911.9049812201
55108.46999061205,16395.25412188323,21,38017.23657257419
50915.6725869251,9825.233108556611,23,34704.34015102223
61268.85870315268,25045.89865233817,17,51668.5593835279
46917.60859509684,19531.8530260542,12,42712.62468473564
58266.13977761276,22863.979907313467,18,52412.38289525299
6498.990235123907,19685.815211165052,19,39132.86597072508
38989.0745427284,24436.404932479338,17,48815.957086136645
50502.09272995026,18719.745993907243,22,48229.78420486565
48361.96602306321,18352.248787144978,27,45836.81233656594
52178.62792965573,15705.000844722326,25,52161.3316483769
63203.092949452104,21310.813373642024,19,47128.10793660649
42099.08248868616,18144.60920581327,21,34183.63388189164
54507.06334333976,17435.19522315474,19,43544.09824376042
46498.82640069104,11497.444523227894,20,43730.081136813904
56981.98908116097,17897.41990243918,28,45060.54024838757
57337.066294737706,22009.369880499005,19,58916.582372935416
33489.62128747589,19329.825834677686,21,43306.70540553259
55157.6327934608,22825.28388615328,24,58446.41628151724
58894.385560895025,14820.215621515148,30,54408.410758644146
52195.18943037403,17159.247721581007,14,47844.72176645288
55631.91462409272,21921.57520302956,13,59685.84736992524
52489.91266576169,19870.132700094422,18,59075.87633542071
38296.77982400844,5003.230796802205,13,21561.897581500434
43001.149137933375,17175.527952378372,23,42869.97506485214
52544.44457780206,14532.149381965752,33,49222.127990116445
48809.815764368446,19190.18434390534,21,42483.34194310142
40102.572319514875,4548.087615662818,17,21325.45612625121
39655.62241977124,21014.884968715345,21,53190.31544282284
48965.53454300292,23316.868231712666,26,63358.91444492793
29103.504305337774,16917.216862847617,25,45048.06936794873
42554.69054101509,18619.440732449726,23,45164.889289978535
68677.47328574023,16418.546003865697,20,52495.94637040421
54069.58180100646,27920.366216056198,23,59556.68781965853
43225.120791317895,26627.402195200993,20,59703.96561759283
43151.84289786078,25747.607191522657,19,49483.23150884927
86073.30073748768,29486.29347872738,19,85248.03177866904
49486.32688016039,26532.52522009219,21,65200.38889897044
58060.52781065539,17354.157414439396,17,48722.777877013934
39168.34102950132,20545.470557414606,21,44558.79197015058
57375.33820997088,22758.311543840115,23,62094.93384161466
29379.970070681564,21600.600092698573,16,36706.14977584951
44018.638670581706,12730.268982138607,16,29510.644243989474
45680.560887823245,23364.644028171722,18,46974.93138041986
17660.160576107613,22607.956898888377,19,53313.64232936209
56996.210306790184,22911.724028796234,17,48374.333829389376
42485.317650480676,21627.371179901813,22,43795.44354787845
62318.41157316635,19943.905769800796,14,59367.013920174795
46148.77481002937,23173.227212676273,20,47978.99610929548
35356.21637529998,9861.666899669572,16,27608.202122015227
57908.722847916426,22556.24703722882,15,59037.53359274199
47940.88277754963,25136.28977871309,20,50998.57023339052
50613.18142414864,28532.05569662653,16,65056.25483970321
57779.39563525255,22769.75383438981,17,53766.2362522677
53242.35773652045,15421.384309136556,21,30253.221899392927
40487.1457942042,17446.63138532017,17,40641.7251301863
24453.4095873,22441.80358187364,19,54478.7298868065
35719.814473540304,22161.214331396885,25,41308.41751759827
47224.62635804778,14782.168440903162,31,53178.79802862997
49639.114964466666,20739.697324846024,17,49830.97293445342
71684.6179117751,19082.866738741417,23,51045.3591165898
81216.5918264792,18571.303036485286,17,54040.60399587069
48226.32164602125,20436.828777214574,23,59440.353203266524
56526.25007044828,20286.65158886968,19,44883.38790859434
43076.9721280335,27830.583088097846,27,60826.310381982716
39894.48658681034,10115.759149672382,17,28122.038200083018
46775.529426376204,19797.996356642343,24,49576.533007963895
40973.380830928385,20013.15071452747,18,47940.542893429934
38689.686103799955,10851.842870540508,27,32042.80061053479
41778.337169061335,23519.015773145387,21,53525.15994962168
39728.12076628543,24242.85218206828,20,50732.293635061935
50167.93859077714,12093.915296579642,24,35949.73478790034
52207.2546268516,23964.784875275465,19,55881.36843509875
32841.92913090777,15729.950885503691,17,36960.08570264535
55287.90388551929,21819.03997577538,35,55581.1025460919
48717.92901265476,21100.426417151495,25,54590.48068461246
46917.480036618785,21204.729914335225,18,54044.9990960966
54920.475415872905,9344.728520422757,18,39315.11898904103
72585.52855038167,11607.260690525427,20,38419.01143896234
47895.702116452296,21089.56260800473,14,48602.724687381036
36022.88737360168,22649.953847057724,22,40176.61601998412
57743.346322728976,15384.11941026045,20,42560.08478858103
58152.71642014022,26864.42420661417,21,60608.39177845183
53938.576948020316,16807.69149203022,21,46154.33292105893
49556.67468149645,18275.128703672086,23,48621.92277654024
33506.43906509942,19188.98871843497,18,40328.1599930393
32806.83873096383,21207.26044329149,20,44110.48302526437
44255.25323461647,19497.563866449123,28,44494.828484311685
34668.159894093784,18486.245021511455,22,35690.53086825963
62110.59099803775,19501.644453473684,19,53693.742401614094
26403.77984222948,21155.224682794626,29,49477.6781718231
49099.364959178354,21210.256341927932,18,43146.788721429766
47820.021181812524,21397.221307898468,20,44814.10499904972
58409.66542599378,19974.570084023515,26,50548.257205799295
60782.39096751395,23432.383669595907,20,55936.58359494578
38422.186550504994,20827.586634875854,16,45524.730874273904
69312.09014539974,21444.033977726765,30,64615.71336175144
34197.23243688438,21986.29830575911,18,41606.939763224946
62932.47312172547,23132.376564889862,20,64148.10680122423
58931.73633881175,24133.326745980597,25,50943.307939675
22755.156941121197,19617.176679816595,16,38571.70021323436
34094.210978822455,22719.820555160866,22,47912.387627514785
63553.12893548271,25791.229146255617,21,69021.80739277905
52498.39732812555,15433.103632390188,25,40999.286125942344
50968.4978509569,19808.877463383615,24,48499.80573403762
11189.724925121394,18326.411868566975,21,42968.3191684666
47424.79554676056,26313.149855338772,19,60685.245484122344
39968.25856150984,13742.954569315545,24,34568.95940422255
31345.336178020585,16734.57214686371,22,45137.05325686219
60215.5126034271,26337.235178239167,23,59292.57851875489
50662.93916517499,20799.74931386312,24,46159.494187998615
37142.869772846665,22211.516805664018,20,53622.27341162163
38545.20222704514,18893.86744665997,25,41170.785734276025
51595.34675718272,21943.317254678866,16,49040.881414179545
56942.24372878119,19573.36536247605,22,54846.09081569577
61207.69126628765,14569.965245831634,26,50309.97826179903
57997.78096251674,27222.931255228475,24,57447.0658965207
49540.72471275533,20231.451103227428,22,54746.06871734962
37352.52269637977,21186.902331480054,20,43147.78708738169
55112.27924662783,18625.72606185519,18,40677.106445260506
35199.56901965415,27658.217818391535,26,56655.38624422994
51526.78412004858,22845.96225175617,18,50146.03115975935
47576.067047911114,18785.989528989747,14,46628.489657361206
61981.308405231546,21309.768203174768,18,57740.47887235261
60830.786530076395,15496.153378696465,27,46688.05596743989
58764.31783848957,19588.879463744484,13,45896.2495827302
57186.104450217936,17579.80416709715,10,46795.3043379403
48597.00383291386,12986.697681777123,20,34501.57754235051
73268.42458802825,20642.78955818609,25,60477.32295093782
58854.09982744415,18123.183058070368,19,55057.28371958286
72266.1488339238,27411.136728512814,21,69642.40261120224
65843.09552652245,12607.43898691026,24,38648.914001400604
43717.008490472384,17861.254807757574,25,51085.54533154941
41632.45956690726,21366.33061436437,21,38579.15618425233
57381.686485731516,24521.15106769684,20,51002.55856236933
32103.600212717363,17770.427297295246,22,39932.02144111762
44711.33019236724,31480.94601042632,21,65861.72741470143
39748.50787064915,18082.917747113806,27,45366.34376655172
49622.22274577325,14959.10236329198,24,49850.1277589854
18158.615711617625,19390.103886392764,19,37200.76730798631
82092.32495140732,29080.339415215683,18,72101.96095218699
60511.68732793358,25159.876890400454,14,53182.31757377185
65525.884419939415,28647.04825998733,19,69939.0651813761
52320.34186959289,27101.37201725423,21,53558.63423473133
67996.76775609663,29349.678285081536,15,54115.147832203336
58411.79664723884,20100.590586120004,27,52868.70662269056
62377.15989005318,29392.75256389443,35,72555.2418718101
57335.55645282677,22179.248363412204,22,62283.652917044616
70365.04583389465,23376.57038129462,24,58626.15131449334
39516.53328011374,27228.35653280014,20,61724.904694794604
73420.85426712787,31744.71532661887,12,70976.51124081988
47587.95922088642,28501.89956558894,23,67033.00634665118
37999.22337336799,13604.19032125401,14,35031.64807335589
56564.446937908564,20206.651063475136,19,57104.08564701582
33428.9862463406,20087.709756057215,22,51180.21302499752
42714.52317894842,14915.85958355305,16,37574.27919051637
45851.95599094385,14277.226255203459,23,54009.12505111606
46721.5097716508,17382.902710646274,19,49752.42569722171
64579.851401114334,23649.365956735302,7,53590.05583316127
62402.00121577272,24182.01125861376,11,53464.74950804319
45359.13731614471,18450.89410642139,26,47773.12913377295
56628.96006107611,10475.766823142474,23,35675.15437843417
81619.34028071421,20847.030156591936,23,60994.25564504191
31911.14221956213,28090.413806075303,24,55006.05556006304
34930.341265131676,16538.329126728557,16,36344.6560239791
50713.38235755079,27964.69734117904,13,59716.87617091216
90671.75110536008,19787.148307104675,21,64312.49772104927
37631.517277874955,25218.50162031322,26,53163.486295912204
41231.24094860243,25831.41401258378,19,58197.44878166136
58395.568243616945,17329.9847721912,19,41172.40786186847
64220.58409125872,19533.552989400654,17,56020.764222615835
50109.469284740015,23111.401504545825,21,50890.76089857303
53417.72609107346,20034.47399979853,29,52740.41379635415
49785.96519673586,13693.473687201587,20,33677.15941429484
52701.22199195169,20661.701492685814,24,43673.313584629024
28224.14709475438,22690.574344892466,22,46409.361458394
52616.81721402375,18078.000106094136,21,37247.77269436429
50539.50175751845,13657.461549376985,25,40647.360121626094
55458.75416937232,29003.964272522073,16,74074.41455586818
41894.81620978546,22745.40590002541,14,59341.80352204802
57511.74031713678,25800.176549369266,17,56137.10658542546
62190.063111781696,21008.515113321224,19,53020.35245730812
87869.62606468282,20324.02353648247,20,66734.94836886211
42981.2715874797,26156.700956310826,16,60798.692992368204
35317.59427563769,19463.714924479762,22,43790.720609554395
52641.862188790365,18706.703404051696,15,46802.51850686631
57787.98751799936,25171.039464892507,14,57611.99206581477
51784.38294764681,26734.127895257196,13,57949.48446614093
51914.59692216402,17566.348951926968,27,46213.135217593815
41685.355482027546,24236.244824471843,11,52989.224349327684
26607.349226652965,13469.170904553468,34,26824.404286666784
68680.17525449577,19398.6045708089,20,48967.00931393109
74203.53113494469,22615.02959628484,24,60571.015057805686
38987.18694913924,17081.60205865584,16,50052.80025816549
40898.04282549366,22899.671088695137,20,52219.53568857078
26270.10565590932,22137.824291870285,22,46339.454890876295
44044.39744152773,22834.328799424835,15,55366.76865700434
55129.33943108709,24729.214409246597,24,60046.06759429428
40330.057926089896,19378.93419843719,22,42674.77518293452
61280.36890460379,15366.700880902725,17,47457.4003093333
35900.47830769015,17242.277651633118,22,44494.17665195904
59426.884689671264,18058.216644882392,22,49141.42324990482
54640.978191159345,30667.085380068806,15,70664.60889624845
44853.280093658046,12975.382703657018,23,47693.270784771434
46201.90099434666,15723.430969500623,18,40255.02524495663
60669.696892048974,15766.471245313744,15,43466.72117124945
90837.8091872957,27873.01984820888,15,73844.61551605603
48107.91939268506,21275.622043244362,22,58463.03532593124
64922.23560013588,14510.516053282081,20,43164.027023561874
74458.12142554023,20431.574297039824,18,55656.87909798347
40118.16714853861,18406.27148396751,10,41191.03340380336
36718.70302005707,18020.28193369855,16,43196.42123621703
50158.92887839702,23057.5871103801,28,54870.558460130254
52661.03780497442,17810.332706639376,31,54754.08863552909
57576.08846540843,23025.817412608274,20,58988.3658048744
38047.67504305203,23256.31734624004,21,50840.878478151426
61181.7964757826,15501.626675140174,23,41491.532969280466
33260.68038732548,17438.865714439944,22,39169.45686171586
49726.90397349303,19758.037027618357,18,49890.07286291633
54728.39161546972,30986.127018981657,19,66851.13523207784
29418.47093936351,19755.82813371142,23,42591.778487635864
56412.82645214527,21552.15804774147,20,55930.381738315096
46616.429190917486,18942.371459732334,18,47216.62368006581
43177.54405974301,16860.266926064694,15,30950.585595335382
54595.41178974135,16415.118124947014,18,52352.97844348442
28080.46593987606,21289.558326837912,33,43988.11201525743
56024.313314688494,22840.250007580253,22,55263.83407114537
31974.0486712984,9820.394876346512,17,30313.1999443914
55307.79736462626,21716.296789918888,19,59136.386418596594
51618.92594481455,22351.685512995205,20,54703.27363430518
72546.04411863547,27163.216260395013,16,56641.77530014208
72565.17611231345,25107.404479087425,28,70129.5912918663
61550.90841834051,17523.29322568001,24,52825.95453844632
48909.55248907339,14972.46364069718,20,50352.976001579766
49814.66019647542,17057.62238136102,23,46128.780982208904
32861.72850718742,22156.301430939635,22,48096.542790509164
23048.973755077142,18307.225264643832,15,42512.927276234026
66169.26305156817,22550.501566244886,20,61642.621998480696
43500.42057463074,29117.97902241606,23,59161.93850294248
36728.36063852408,24848.46228103566,16,43311.361449985576
23405.57310401352,21881.183600813183,17,47925.04510663941
51974.75187510603,19912.50827626642,26,49315.76116678272
46007.870297665235,19398.83513188635,18,51795.407625943844
39749.223863749285,24074.13530645892,10,49774.218438530814
38991.2993825601,20063.226172348674,20,50110.18643827256
53913.91363795752,22678.856867085568,23,50547.18935915545
50703.0033417855,16404.99458945189,23,50761.10633204863
24157.07242604983,20168.625236162377,11,49379.827375261004
36565.08109604868,20270.816253581655,14,45539.557614054975
62883.26002012653,22361.62352415279,14,52841.21657101421
38560.49727490775,13474.70105487141,26,34730.5687869498
63685.33652870202,22756.886006506804,18,55622.499704143236
49939.72604828335,20429.24260599643,19,46019.41884964526
42620.32169168974,12027.206049942057,23,30870.04203550833
43828.750774102344,25684.776711391292,25,57714.16375115292
58576.16517335871,14528.790744211565,30,47360.58367346413
35792.579431262864,18449.94806929984,22,40378.789282666075
29784.56362014986,10014.65785158552,24,24508.963040014394
39011.08571808277,23512.74406248383,19,50120.44272253574
31002.399523660093,20836.302661035403,17,41933.772886132865
33848.65986961123,27176.200321804703,22,45549.43375229284
33600.69648193898,18744.262424078708,11,44159.20554742269
51957.9475077166,22587.873878063587,20,47884.45549176275
20397.640190377904,23720.259036024465,21,48834.237764932914
51371.4274455356,21151.23000272826,18,54016.73496429566
48086.40045198683,17943.834128761802,20,37985.58817911876
60588.974453519404,15418.488136338943,21,56826.72080998198
54474.59146400291,15698.3068394513,15,32780.058724982315
53911.88319254732,23401.80727617602,16,55091.785234643365
34834.749496340606,16430.19920680616,23,49911.22196301582
43568.51817695402,16667.700023321675,22,38482.92912494851
26967.279574292726,15883.822927859146,16,43456.332999271646
67404.08631751839,19570.10989122447,23,57221.25622254004
70055.21804039451,21664.739627731207,21,57635.81435725784
56667.31489895112,22800.998380507903,14,52092.72450387274
31503.97917462272,15713.903048388484,17,41401.407741886615
59378.92941172321,20139.267321388983,20,55262.71734183821
42806.78577717266,8040.969738161546,20,27203.976170924227
24778.076441723384,21029.213193641855,16,38592.086510997266
44204.84888587073,17359.704857773853,21,34512.73199327556
65167.22613826159,9574.69999071004,22,44984.25787572545
46553.92393253633,14325.552674871673,17,33303.25748862766
51426.19282275636,19606.332759418914,19,46834.99843583392
31784.08145001136,16868.209306569108,19,35056.48509186879
46173.69911889854,20218.50928991524,26,44788.52963215997
45768.68836585175,20679.33570457512,21,45782.24424727004
34425.66115866119,21391.050477881665,17,53947.94171254645
52514.138251702985,19620.150696483728,17,41606.89608031501
45723.3288445022,14136.334133427037,30,42376.988791150005
57961.01239310219,23466.131591323687,17,61680.674846600996
41926.49190561158,20311.042847683962,24,59154.65678150697
51933.54633539304,12866.460708668576,16,32228.39038658788
38710.58531295754,16144.483158272567,20,36230.60131169322
25816.86519423262,24491.74341588352,26,40150.3704651248
65794.76803976431,13042.68121720539,18,39229.76974169058
42670.55971399209,25520.425208164237,16,56514.6605680015
36029.66149368082,30712.486459093612,26,61237.485238059904
57573.097951875585,16992.591186712758,25,56464.61308404412
49927.54346792269,16047.024049820553,23,48563.491121432846
29907.2714205849,23553.670877820605,16,45450.18283465947
46567.86548146656,17953.743102664783,21,38796.866967378155
24842.11813516277,17422.876515844582,16,38039.987349055955
39716.29056862199,22772.47854254904,16,48563.05855105682
70056.74088715887,16858.983169729334,32,56947.31848339067
33869.71954686957,18521.8851215706,22,41921.42934717042
39087.43435085233,18118.053001659286,19,44968.60767003628
52847.04414615527,19859.25808337029,18,49254.014914891355
33708.53977490321,12520.467893181129,34,39400.695640977174
39010.01371348661,17858.94977255788,26,52333.76900284842
65317.14912998955,15470.977150400406,20,43081.30127572734
35932.40353261637,15018.553406679224,16,37904.488064380384
46040.57201195246,27501.704446857435,20,51713.302435287325
39148.316883673164,30997.242179982895,21,67118.66387796742
42130.69080219464,15029.365173451737,22,37120.35522261631
51948.8301044091,22204.181145448085,16,59001.597646118316
49971.278560551145,17185.198520001577,17,42513.5085071073
40863.245842614706,23136.063544175588,18,55094.86217381913
48100.348004910105,10606.480773809657,27,35954.71237926319
63751.696062444054,16742.50129965399,18,38686.29702280364
48472.69419328498,19316.884711453018,15,43130.89850092375
49708.92227993849,10261.00370168273,20,33986.093482791985
38923.278099910225,21413.093865628947,23,45615.08028338819
57673.6090445296,12147.659791024915,21,46567.0938298401
34833.477659956276,23885.334623984276,25,60302.11380420296
69871.8335061136,16173.874223641275,16,46663.385118219034
48242.197201351104,17236.0032645297,21,45255.4353982169
45352.56390357738,19818.85949685106,19,39577.83499935039
67696.3015659683,18451.46794023732,15,50614.83868822528
60522.62799207915,21393.760943226316,16,59262.91505084033
70965.36083115303,29094.258346218194,14,64574.1435339038
63464.04084882575,25714.485911635587,27,61480.34371611359
40905.84772343811,12720.323127895841,23,25233.947080956183
42471.92907233983,15977.097551283343,21,38239.869911698486
53442.431121367765,18537.879543437488,20,36347.46506456166
45028.113569554225,12989.5702097196,25,30205.562560105926
64389.65587043862,20726.55657943887,19,63963.50803080559
35841.92647280933,27126.335992755747,20,52596.678226751326
47932.936264260534,18270.77785020979,20,51449.07771627254
44363.85333808899,21259.546742152757,28,48531.30499968558
44052.78600667881,15187.433994616995,22,37311.59877333641
49561.079019065895,20407.064074764392,20,52937.34988047162
43757.87392478578,18909.342177324652,21,48044.58180933246
43984.98306483319,18656.36918415,24,40770.91171350472
33360.31787569451,16919.560182278467,17,34228.27695826059
49156.36088385829,25086.599000758404,28,52943.999100971036
39245.25899459327,22768.759492420795,20,55143.613550356495
38845.73563956139,23220.918228423703,20,57302.031099368025
48281.355010390485,18770.650174843213,22,51287.0938710371
53836.10324190249,19621.437430609916,23,50728.939555934696
75714.87293367893,16335.737852264367,18,49281.03457016519
40209.34034960915,17196.70286199082,32,46250.146906319285
60727.261011678274,17797.992417400532,25,52054.76946311058
45842.882945530255,16711.410192511554,16,39386.76697235933
72141.56132017051,18062.02230096202,16,49166.32246920853
79320.68836691612,28262.368963771263,16,70226.7011328452
35323.35420955678,22741.66110233078,12,50605.128444853995
52054.05134561072,21043.567798775755,16,45686.96469306587
55179.313311399026,15149.491718935693,24,48351.79907273006
70859.98501629765,14958.475286172486,18,46790.96554568942
36041.40358041037,12797.46804762714,24,32778.27878848948
65171.71813559797,26698.558535462616,26,67312.27356989028
50608.979506974865,21123.097487695162,22,52183.75114984281
22371.308009861346,17771.61535693897,20,27702.848440603255
48774.9034923436,20408.04078403495,15,55728.5972795671
60141.79659198724,22861.965939206195,23,55162.94174005428
70464.37573626284,13577.874319904231,25,47182.22819072391
52416.08599023382,21563.77792294127,13,53180.40440377437
48997.104424701814,19495.00538435268,17,46608.416888818174
23028.055929909413,18438.793573963103,15,32694.329242897056
55016.28037335049,20885.764183779585,23,55394.15691330195
40335.373610791445,25079.937874970026,30,56027.28504875559
45643.41363012254,31178.6180034258,24,71773.59029960392
63277.30743754425,23559.481648117773,25,53372.87953935161
58046.06683841321,10552.09065855356,20,37087.32987898096
57089.50841989256,21705.33894824803,24,53291.03337194569
36644.83868506472,19665.545213379104,21,57065.44843964452
28804.29125898108,25209.02350344139,21,45983.66823018675
39455.21789056914,21569.485851518086,16,46533.08375076882
31160.92876888849,20962.352669998305,23,46416.79696626388
66283.03770928658,19964.481727080747,24,57375.58072263323
52769.01016195298,19193.74159293666,21,39643.704121454655
77752.41712624142,20285.995932628983,23,58782.45127826897
56657.578630280485,32502.939540617357,31,71650.09521053293
71327.63075238882,17957.18036843093,16,51453.67831109928
56431.86663355785,16218.045562097748,15,50790.84914267716
66603.33981258835,19881.461512176982,22,52039.56105767318
50197.08762380723,11339.558184413885,17,36746.678072798364
68818.33232177101,12326.716230537044,24,41389.23841263001
63002.07762466695,13574.251487342091,26,44052.118572017614
29199.160163590725,15422.482429282652,19,36295.69637407782
63447.74645756,35621.935888001055,24,80406.5394488701
60203.7450018401,14992.642566909817,27,37677.38094538968
21049.323715807648,19551.746790051966,20,49989.21158391351
47994.38735648085,16527.67262932888,26,43368.57579528602
65809.06328887203,20309.145063195057,21,43865.86233871597
17399.45690893338,27565.87220782203,21,60392.600168733086
60103.02900719275,27131.40487323588,21,63789.74862763393
55563.60588306318,16912.670395149962,24,48183.63417885427
50767.036721824676,17973.233718382726,22,40602.60407731368
97483.78556117101,23126.46048992389,21,58828.22001958893
60824.52411481055,23448.976808401112,21,63157.47895692532
41979.660603468634,19608.903267762977,12,47826.564473438484
45638.53907570374,23248.834049708927,13,53096.2752619071
63548.76237436131,14267.233289034291,17,38230.63150670769
59118.713513462346,14643.14807717386,19,40341.19226387028
46096.27869969774,17494.533147702354,21,54502.591963343075
65076.009984332806,14667.56597308618,23,39650.93105151487
34397.767368631496,23147.10508930021,20,41707.42931652612
63383.74379652685,9807.771292236828,25,40237.393104046685
43134.12754213385,19231.674577034893,30,49346.282321248655
59841.40917702026,18481.273394965778,22,49227.571088065255
77164.95014011316,21821.03658571872,16,59121.70904147289
22152.544920007083,18698.994301486495,19,34288.08900082935
44700.39129370819,22519.85626909351,21,39693.67287301713
17265.309410521713,17271.601001205785,16,31746.54388468273
59526.093181485645,15448.606468969978,25,41665.45932607868
67441.78574692953,16575.358007684612,25,58440.29007780205
40040.81765092515,19021.898517361442,24,49648.54384922303
56614.70613386943,16951.425354583327,27,47721.77816686482
54926.29368183122,16351.697956256457,25,39034.063817239134
55270.886435613895,9794.59232036428,21,25184.157531714125
59796.465812623144,25589.30150102485,20,61787.01554926329
58285.55616836623,21132.65436005108,18,53774.73245961766
43207.0868077747,17328.566746447086,9,40135.69696926736
44591.752976949094,26515.563999964215,17,63337.78396671495
27651.434292740265,13453.949679483894,24,27946.700822670144
18065.46185773601,16727.82973695287,18,38579.397161393135
49468.2930566132,21658.575411930535,19,50889.37875216471
75621.06982893718,18285.87561562268,21,52265.3747438222
35370.1933760012,19986.42742062967,18,42975.02292850991
41198.40952201613,16380.237985406946,19,41135.45163206019
50935.20340719115,13220.71049119942,11,37464.33093877867
44909.63479742921,15786.998074072075,19,37665.64556744669
49539.1261373606,22379.127649290785,21,58299.145268742235
55266.028270947194,21636.989437630196,16,58786.73314217415
53102.6494673652,15104.823092170547,18,39789.3850907614
35632.51694938286,9783.577726216468,19,28067.602680087966
34154.32149613703,19777.994520761033,16,37653.09496021879
53192.87754519759,16689.208031422524,23,56098.240670131316
29656.720126912624,19342.109560367844,18,46717.82784843204
66250.35183964162,22595.117312171245,16,53471.84546033425
54302.93793431445,28756.925966610037,28,73525.07343115503
66909.29405362194,17310.44481499098,29,44937.57917455759
57617.94127468658,17946.706668898478,17,46204.552274435526
48897.56955776253,18362.824338398517,21,45603.72197356146
65150.310829961505,24324.431704040904,20,58060.01272620586
49656.705958088234,21439.867087958304,18,45520.009031382724
43884.458309313995,19922.52061272791,13,48520.828790024985
25244.701676683584,22111.873808376247,28,54181.4509380495
47764.38123798426,11841.446950255595,18,33306.878937400834
37956.50438125616,20759.089565349317,23,35645.176117481606
38846.200481884334,26225.092157797913,18,48578.87850758409
42485.23095143004,20325.749965821666,22,49118.55270445188
57771.80459598618,20514.210617339268,14,46218.89512282917
34566.28014278266,20058.09982314855,22,40074.472990452734
30362.851404483594,27736.69176692863,22,54704.47527604623
23100.824119993787,29637.88383661038,16,54045.738279366095
56394.48773655669,18079.09882794407,29,42395.8413952798
60172.214286174596,19410.662127326927,21,52979.57219035766
41890.239999180274,16004.982854964908,23,39341.376520064245
42831.47196071229,24642.227445441742,25,55128.585456779365
63030.351531184526,22381.700907944523,21,58654.75284765781
47743.05927004244,9403.437577858516,20,26658.407374945684
55597.27705299276,21480.745064741852,21,45074.65285752028
53466.00817955734,17514.404892273902,18,48931.81336275748
35005.93836192576,20318.820000831107,24,40314.317521114535
56345.22584882897,13088.371434458175,21,42752.6175538501
52479.19620510652,17049.61923883118,22,42863.153785806346
41425.390210416794,15694.933942039028,17,43001.072590987074
44881.1922009775,19453.397358050923,25,50932.12544598277
29371.37138979778,18108.583338404977,20,39734.00836806709
61976.9515542189,20872.857195192213,20,61539.13854253257
52836.624852127694,14539.074316368837,25,45014.69512843279
51944.06530912717,14907.278347672858,18,38156.783560989024
51217.40709349666,20217.497108510375,23,57302.924235762606
55809.20388797589,14791.161578196348,20,41495.98987219471
27479.51092137421,16247.797020603539,13,31620.859073014166
91210.23844106858,20508.46431693722,15,60705.28786665598
60757.72079744087,27542.54870660775,29,62917.42457552161
55435.451762919714,14975.604327206678,19,34835.449426566156
77732.06380867296,11183.522010413488,14,45627.439244935886
55262.76975688071,18033.99497363167,22,51479.373462483316
78885.7111538387,19008.33885114854,21,56562.83600391898
81808.30562953628,27897.260482461683,21,74455.1381460976
70454.02497730292,22045.92254825315,25,63369.55390368095
49935.952391864266,20408.358826864296,27,55668.78472756357
48978.541252012394,21584.274189785185,17,47211.93900206625
44573.10631271791,17926.89997110934,23,46389.26376873299
62153.04474950271,13992.302324952836,19,40508.98615151303
34565.17225881064,26320.36916918842,24,47999.40840774825
47746.72697174768,17725.50693034543,23,35357.449165502134
17228.35789421323,25433.65216017918,17,54599.98871469853
34351.57297404097,18537.54491911547,25,42813.193249758064
51490.213024766155,24362.439282608066,19,50234.635417131016
58800.78807501114,24831.227982579923,20,52953.59546425403
65114.08791825517,17291.160979642103,18,40368.26199630851
51159.74646845202,19278.57060394727,18,48627.7336598519
41674.90457464311,21545.619870759398,19,58489.101597962406
41159.812063613965,24274.456053820817,22,49843.404588895755
40196.28678920007,13619.573133742375,19,33002.93933487469
80510.93389548024,29372.9847889182,19,64632.7701980643
43564.98158917647,17032.214405236602,18,45096.23697784025
55794.25049496439,16477.37411757188,19,46328.53766013687
46502.46336865032,27031.846802455813,14,56567.8320274293
58931.56549700392,16788.682482421034,18,48487.972204753256
35377.48341076336,23123.5682392107,15,40665.20586236581
41961.900410320886,15320.94139455936,16,28851.21896776956
56794.91776256216,22733.068679769698,25,49480.95758792278
39965.51327047139,16673.871819679916,21,35751.38891048979
60104.413503587464,19347.85765512129,19,51256.41452436973
57907.6463186595,24562.276789337266,20,54382.51562170358
50050.35220328577,13345.115833116386,20,46239.32302053858
46774.64304835461,24025.286664169875,25,62846.95264355519
47233.82913149355,19357.48924608363,13,43074.49983685853
62283.01453917473,23706.74381548375,23,58044.80352218604
57771.8807692648,11398.43943787932,20,33697.707265432924
73565.32286281473,19880.923510974622,28,58933.53062779968
31311.974944762576,17032.95424758052,16,42412.84677877644
28424.72613018151,16669.226565600686,19,41429.05031355009
44689.069434681165,14358.633323982684,18,37006.64393292938
46599.91969995704,19623.74270266189,12,43084.30137501308
48781.75978794725,12320.810222806438,17,33247.61385244253
72816.00718493923,12701.314473837227,20,52533.32016721253
55042.90153327346,10448.133757046442,22,33881.49296345993
53298.9448452074,11813.721408415739,20,41981.76649147431
41719.47100957042,15912.232504264655,25,39716.85987706607
47809.23041161018,13076.94584636598,16,27999.717205220437
52156.87933916923,15374.830501478806,20,42215.08028045153
47831.38777342663,14591.257606997468,24,33582.18702105952
52498.82933938622,16279.934347706972,17,40724.30702954115
56234.891617180394,18537.59480728671,25,45297.664855254276
63783.28612769768,16990.01469439921,18,48526.849438723235
63803.32316895761,22403.669356465936,18,53620.38308998797
55528.84113151334,14948.549593726004,21,38938.657298428676
68912.46721033694,23810.02437986509,12,62049.784124342
54837.33530703976,9943.676021858779,18,32376.226633860348
38263.26148548663,20538.53408847434,22,47329.56277981535
25919.093596275477,12810.314578031877,15,30437.649819379276
70696.58314661545,12441.834277996446,19,39488.74859856951
41492.62643777185,20826.059425609357,21,47549.98622749233
63833.56605047317,19029.164240060705,23,48824.17387143577
72368.09753156929,27300.273734919963,21,65932.7518681078
36110.842994256316,15953.799762882305,9,33879.69712770353
37492.3434110848,15848.183435154955,15,39718.576708101755
63921.28249234891,13360.997979186917,11,44042.07040180476
56535.05056211566,19071.114106027413,20,40642.58123084146
46179.02542062428,24788.903753039893,23,50483.93663314241
54566.31896392083,13217.552406929924,14,34372.96046277786
61184.676593911645,14656.158882419506,15,41641.1815043678
62813.331495267266,19092.027445786254,15,57529.63223805289
72119.74550216529,24623.851921111185,12,52162.54873743121
40453.67742083005,18137.41192319781,18,45222.922735167165
67911.25903546487,23517.325423548624,17,63396.74671098142
79492.28993793888,20012.326833173734,12,53315.193738699396
58071.46938065016,22105.795010509766,17,54920.771838755805
73077.74527096626,18648.97621363645,19,56595.53096179068
47327.94220933301,14032.574752890107,24,36776.67796753421
52963.744278509024,23562.063331047415,21,50467.48152582132
57827.08147415247,21669.46113031957,16,63417.2279193296
52705.8159192352,20820.94651205731,18,46458.5568619751
39560.05836027814,14761.801531753295,25,39405.833993287655
33715.61165145313,9926.42242750814,18,23313.190423825465
64749.23700643294,21916.18175970676,22,61313.75039827946
63470.660992723424,11695.48415760426,21,30768.641087979762
24829.034149037612,16114.503604109512,24,35536.5557911309
60542.09735636768,21592.405350171077,18,52064.33333038893
55878.38822374742,10571.683069438985,20,35781.37202819318
42123.71401811297,19848.803240158806,17,54283.10945308651
55648.99693794014,16438.809560220674,14,44796.351877295034
35760.99260260853,17987.583421738324,19,31989.57375673271
43841.64232269493,10074.256546799585,22,29759.834268220147
37815.083574356744,18275.892545064926,27,41437.508739515746
63405.22642557809,24849.2997530807,23,68412.52590132828
45313.60759564157,18354.519295846134,14,42046.317885373894
42855.84466006828,29190.81434872464,23,59124.32187217955
39581.25229308413,13478.255869104873,30,41336.9083034458
61216.533234647126,30209.96907768803,20,82922.02648548795
59382.98664513206,23866.12584417448,24,47402.07201105635
44611.27646707091,27930.180813627823,30,58171.65981169465
56651.31397521582,28477.169888817763,27,60059.165751871755
6537.455071310309,22311.902172646856,24,37394.97024333589
37502.36349653718,12573.172893822157,25,35282.09392141413
68055.38029601486,20850.8989582621,23,66347.87734543695
46542.57021936176,9981.37765885355,30,41261.03305132933
32980.30772108387,24969.34923406056,20,48368.405906198044
76465.88375527528,30230.696955728446,20,78883.28260452699
25593.462403399197,22067.106697828855,20,48196.200748466516
31654.32947784385,17003.796528705894,16,44621.320128925734
36906.24363319568,24610.710741599,20,59405.02739217558
39097.94569089926,24118.68979703314,28,45471.20218736364
70352.190624403,21400.10483919322,21,54169.24827535631
47103.174645374726,22316.554171209413,19,53042.744868375434
84869.20504799354,15773.31183406743,21,52216.5534857682
20885.038855649265,21259.901441978785,26,46396.815227913576
65093.12652967781,23047.592900620315,20,52834.445768785925
44060.766630689475,18670.575922934186,16,46400.92948698672
44076.52671037789,17502.488455747676,21,41983.36304608068
43012.16300806557,19888.444473903357,21,47265.5685248712
45672.91660967538,20817.309780531206,17,57891.72139520361
63366.427659962545,20167.566975885922,22,53544.42167543632
40157.95686599911,21309.79778811598,10,48839.94339264515
50048.74631030362,19810.51871250651,18,46605.77714399967
66405.07827028025,21848.611178882635,23,47369.19122849546
18364.473434188545,23276.60414519221,21,44523.00247335912
80733.6042339261,19100.27148108351,22,60223.60368186193
68407.26326319911,19339.373041066443,10,54991.57041576572
57480.28788762171,18279.168599684155,28,47747.57749252497
56157.20205111781,15776.294105803296,15,39865.513557211365
53835.37100935994,19422.24682257083,24,59052.97912776827
41136.93596645414,8364.041202771623,21,40076.591446778024
63086.48462703964,21595.237798029113,21,47129.76151828334
47331.732021122225,29149.675722688728,33,65294.41241564651
35238.91571614883,16905.372538523014,16,41726.91548226977
69366.35668934492,26207.163498025904,25,67318.26408089073
37148.096364191995,20411.031263581997,23,50293.02035715953
63620.692477202116,14209.03225440229,20,46411.856139124066
47746.536121227306,14363.585213076698,16,31675.064925004615
58733.344003736885,21556.1809080552,16,52628.87869685759
35791.45459879857,16871.432242971867,21,41684.42312186422
35399.660559766926,28953.19058839901,21,51497.67339190497
61575.69344345763,18600.35821701978,13,43439.99865777177
73221.79235953472,12947.193439707398,22,39693.677796495846
68187.99114315672,18358.289266313397,23,43484.242733730294
54993.756069972515,11162.774167408854,22,39422.5521273988
33461.22836228988,8878.113852721477,20,22144.4916499013
17578.262031166298,19469.944115888815,21,39674.90755364608
78478.63799466603,19134.098210377666,18,52372.97548041665
41942.50327853544,22448.36677072691,12,56827.73877948694
69975.52929066852,18504.59962768648,23,51317.90394348728
58802.14773287807,30323.546359938526,17,65382.705331331716
18502.717538956702,20764.154618820194,16,38569.69121355423
47560.95415538481,26077.458672291777,24,55334.53715372574
56956.38271180969,21149.241311595768,20,45938.357866500846
24973.25156641145,23232.105873804423,23,49374.11238189695
44144.86100415823,23696.541865487186,20,55391.73699351287
33834.50145342921,24174.88946528051,19,44641.54584320005
71362.82859052993,18293.527340850982,21,52523.91548646128
37782.37251759234,25959.440066208932,22,62115.867754926345
56645.11691797597,13138.539578689037,22,44838.37098527004
37573.26286728255,29354.016242633832,26,62889.94251466994
40004.40464225075,15213.197356913324,17,34084.80666826411
47606.68721311922,16523.88458684807,21,45083.470085753426
51617.59064354427,12894.441037748835,25,35754.12917027771
50747.74389758723,19135.71766887262,15,52785.338545168575
24902.05240974667,21770.968188645642,18,43414.543208392504
63795.83196842429,23566.581062928584,24,65930.52463266725
73217.02458123742,21028.454109013714,13,56437.30991766459
52780.60138039744,29631.41047213191,26,59198.91903684833
48078.88096252919,19063.021723356564,22,45249.75807139942
66588.63931515164,21449.49696801153,17,48144.72269137147
58306.65613649096,28151.125393527713,23,57752.258715864366
49960.30541662087,25970.732868447267,24,53653.433876148265
43536.56155474121,17655.837054978198,16,38904.66929515407
50531.223022035854,15004.767677369011,17,42758.92385318962
23444.574060517647,20704.229880114595,28,43282.71469076574
54280.00311486318,18093.531801890298,18,41325.228429130366
72510.09861309943,23525.24937825348,22,61309.52580699565
19107.989194902868,12534.179647469453,18,24697.28753154036
15751.59434315405,19828.9196526893,19,32079.430760850275
62814.86731101006,14533.976963079573,17,47031.6483427223
82917.64610016701,19891.769346689947,18,54464.21002049939
80164.2149408251,24557.500686548785,19,67705.67064489929
47011.11592253036,33256.747030983315,19,70689.53548466912
60144.51084130685,21217.75005303185,19,53557.78116763336
68803.99757627366,26473.317433266682,15,76853.44220125393
28938.95039533473,15571.626665901535,20,35629.84874156825
23300.621488629873,7995.672927306165,19,21407.970614109126
47225.57061149918,25583.979474194904,8,48287.32899828741
36965.64757790521,21722.235565414056,16,53775.96250040612
55240.178628461,18796.66829581308,24,53218.47867245038
45037.20328500341,16775.738312521982,21,46163.80578903848
77865.12387916044,21993.08763801764,15,54897.22557339405
61059.442640284884,9715.659066146132,20,39274.67784642891
48094.10050221892,13986.9259903917,13,37019.41689065592
19636.975833084052,16886.92901642245,17,37110.876200645
57288.30160396916,22073.800178027723,25,55266.825072306594
55069.7532516658,22285.406448353242,27,55447.00295268935
47050.46572823148,23402.07791376712,18,50315.481117190284
41855.86523355939,19370.341255788655,26,42801.0503796716
42450.86527171286,23600.92334173713,25,50258.79477939296
72900.36826212842,13563.362320388107,23,51533.290497445465
70881.31653647276,17590.86724704469,20,59777.1720532693
45485.56654505006,15106.190764323816,21,44568.905981807045
56880.18357020056,22423.05260504316,16,59164.648316013394
57872.057498489696,17390.020967685712,22,41557.65674262788
31608.293921770313,22879.36467845579,12,48143.98885336481
40169.72301168753,21923.508352809873,24,44585.28649720843
70685.26119967355,19366.232625948902,20,53070.752460289754
35490.64904992463,16107.555511800936,19,39000.95114041177
42239.027894209525,21395.507284976346,13,46069.95874291135
47638.54126768096,19384.33753119116,15,53461.576749628875
47286.04769323598,24089.901155089086,19,47363.38506570142
36673.87899424392,11143.470529250895,18,19845.968745808183
45183.871312775314,20324.260939392938,16,41469.83064990111
21491.68007118873,17795.32098569811,17,34893.20183473245
60006.8829725597,16827.476437962723,24,51143.215762907275
48870.91983115967,27387.29168103165,26,62145.35777833424
28889.377720399865,17221.56826849797,19,44035.947347255475
41518.07239682663,9003.719625577603,24,20584.912560916957
18111.16759235514,22705.991833855533,19,46851.94364479992
33116.6525467404,25272.915560863778,19,53190.2751453136
24514.67646353036,22295.46682918726,24,44937.1907894095
84690.85874270764,10136.563097623399,22,44369.69091233691
54413.00867572922,19789.183106966724,19,53306.31485587915
50863.21579759222,15454.152265108623,21,47343.25178862754
36334.84158762588,27574.788915570203,21,55051.676187683326
54522.85082194265,17910.104899641483,29,51792.10697535628
52644.967658122936,21648.17257754866,16,46084.4883872619
62018.55227479473,21328.262700768184,18,61333.87435979671
43089.18052605905,24308.779995846042,19,54937.14758110139
41233.0200903012,27404.010916664887,17,54661.648040062304
40848.21485856407,19472.405987154336,22,53185.75284816576
46453.18828660334,14153.625286354227,13,42276.19101393954
52624.58422202405,28104.866180272453,16,63343.58603005583
69866.74228534012,17597.371715114,22,46647.35172964881
68942.05060008302,23217.266863308007,16,53282.86655057274
47223.74573949786,18045.233741025426,15,40070.672568366346
87623.54157064084,19555.299151294308,22,59530.66727690882
57627.61046931193,12414.060343649628,21,40263.37548290738
58826.92201280323,19189.367068249932,15,55644.77961093044
62598.54189187777,22308.70982140157,19,44605.14931047191
69206.21635754418,15560.590989696806,21,45914.73166672246
64962.901521388005,26156.416028908603,17,65012.469486166134
41738.88103721634,27697.703830581144,21,57176.588468764865
44884.06333667062,20402.111301367095,14,49137.029057284686
30535.52490356655,21982.96902944488,17,39201.9984359174
58651.4327037525,21821.351482012986,19,54852.79777341474
64580.78885925348,17747.863607612584,25,45698.95585157296
65409.65495111578,16494.49309060279,19,50052.98375621098
54286.63503602255,16041.09074845964,16,43461.47017417107
59865.04157764381,13999.232514727228,17,38068.66576184928
25566.370348725613,17041.822898458995,17,32000.161011373737
43850.980088524244,25056.8251307584,23,58261.839969691726
42474.071935975226,17587.548438517344,24,43211.34603337358
72091.58946524907,22671.151159627138,23,65684.19469100579
55319.684405392705,22400.29234885688,18,53141.91674826216
54772.97789413438,20527.42926314681,23,52928.12462781371
30048.259602341008,21431.530923796392,24,48246.48582144938
31037.465969499786,14074.25163520567,21,41407.023828224206
47110.03731240619,20469.21724526061,19,50887.60455630407
61635.00662638227,17030.623628546302,20,50138.04607131907
36933.946110044206,26071.870220255852,18,52171.261492475336
72115.43572864632,22269.74467363469,32,64017.19763661557
38439.40065221428,23976.447899227664,27,52752.7136432118
58191.62348116447,19197.448582725006,16,54948.00281501836
39984.36522633911,16255.095676063527,23,42599.066096051225
68895.28839142759,18811.656147102633,12,51825.54635885917
78963.04421548377,12272.526471483627,17,44191.682038257466
59427.298502259066,15483.093015225582,24,47932.85890714634
40759.92548950765,13082.323638639322,16,38818.310912361776
36928.098792163444,18766.559807819518,23,46501.67078059384
39448.93681047731,24289.733833213413,22,47929.44683636865
43182.35074409,18559.962552933914,22,44487.472814190456
41556.82525292454,14418.459736889954,22,44112.32373506576
69433.30799045514,22818.784384138748,27,56000.403610312205
51875.13954861989,11210.820261918541,10,41512.01938280583
58460.06841496974,13991.468051642198,16,44015.061977891026
31484.76204065951,21379.021763611556,17,43390.36426478075
45113.94838643337,25589.715086871038,28,60990.82057144279
59416.999796340286,19006.566322314047,13,45833.71352396627
43552.1261834401,10761.398314836439,19,34453.804873749694
54878.57499387435,20537.737597117506,13,48715.04133018288
44111.74656268892,29404.136735616477,27,63149.065712826894
68085.83738904753,25015.875909426137,16,59462.475436427805
50366.96480137752,17252.940204076127,12,35318.904629551194
41000.83292705065,18415.801531126497,29,44852.1862153099
54779.08836988497,22803.326140661804,17,54895.06041273596
54817.254746983,22608.00593050655,25,57030.93838165679
64530.387964158275,11549.449420092673,15,46937.57664558735
31780.065022294108,20424.258174360315,22,55117.55587997663
36173.52931240982,26736.907049073056,11,49976.412492118936
53629.47199802993,19272.0533208002,28,49281.596956251306
41873.36383557221,18437.71885745213,20,46016.97906537568
52265.015720777155,28646.97209654079,27,75590.72696738028
53678.64973524124,20104.097101093863,19,60329.861564114086
36441.86117338705,23657.201866400675,22,52465.676102060024
54245.47987333544,23985.364859489662,17,50987.335377291856
42054.455645068374,21137.811330577344,14,39948.98784427761
26335.71436553108,16025.712504430352,23,29768.729922570754
49827.02923189423,11132.107956001852,18,38995.198994803795
43855.6943355742,16453.961456362274,14,42646.38964999341
40503.66933812592,17696.04345417697,20,47194.39020490279
51633.8534425535,25329.55199357634,21,63407.38549994532
57435.066647535794,22841.199698453645,18,58934.30270565609
41708.565691949465,15391.610340560506,22,42834.931039610565
62797.4835373246,17926.918971247713,17,53018.425465253735
35907.28218730214,16334.035874464982,16,32922.63899274912
41688.45681162505,14398.684456998104,27,45492.0661487627
72346.72155232352,19131.64750794337,20,54216.25145907123
38226.7220021393,24541.188784900143,20,56673.78577285494
49794.32976126297,13179.928356352104,22,41230.14635934796
38566.646025382826,25913.696372809893,20,60232.558000440156
71727.01662570408,20986.055338939947,18,62189.59465151374
37310.6324921311,20733.98553030268,19,48957.27653756287
75325.29765663939,18720.360973477193,20,59165.86178572274
66254.86059640649,20458.919811579442,13,63158.39894458472
56264.18055801495,19666.30345005923,18,52630.132809636765
62950.947088304136,20461.62877775132,18,45744.97643513651
79382.5184690578,17362.60600945396,21,57986.12958441218
42017.790885541726,23204.49984579288,20,49499.49905059148
52475.34520966425,9405.917074358504,22,39856.562957416456
49918.27025743425,23888.1055544031,21,56885.51806059769
38359.78561208758,22830.955164774263,11,45529.308289697496
43897.16414456432,22563.329729915156,21,54598.01990630572
54345.40250874918,22084.581812045253,17,60412.44181089119
83868.8602371162,21424.392097076616,15,59266.45056533103
33974.28136404465,23767.9954330427,29,45105.19396863402
49729.81269260607,21886.861455533453,20,54150.76018291347
44487.080958113394,18155.338124573587,27,46158.82813385784
58524.76633511668,16794.031305496308,15,42610.09485303544
58738.54971639683,19738.06843200002,18,44882.96508923184
30163.763495205476,27071.185726101823,13,46321.43665859115
52611.62849879159,23919.38517228339,20,58587.51488568307
18849.452769593183,22452.08294699888,25,43175.02288869582
66975.15123277277,4504.6508213308025,20,24414.23073493907
24209.138028763333,11897.884502487024,19,38701.1260498458
36319.145384471645,21636.06574235048,21,48634.05526205766
56587.453454088674,25924.796798216652,21,62674.37674382951
40169.84905726054,17567.10857502137,18,43843.95077722488
55579.25772432933,20280.304186643276,13,49965.33618575987
77157.36591845778,17684.173404492438,23,43635.85908098881
66086.1525349635,14208.403383953291,17,43976.06304164464
42761.42524934999,17652.313560853083,18,48483.74986651855
46565.60706987629,20662.257323640883,13,46588.002597980885
32148.297856383975,28601.63941624357,21,51284.55276576044
65760.6665967835,19264.079771968743,19,51544.21262177401
57525.53675375923,19997.618742979645,18,58616.49276031417
37595.15105719988,27288.26039842202,29,58962.121004073546
54854.60046402152,23062.367272304677,21,45625.96642956264
26649.782216237974,22956.790638692073,26,42499.33957992736
55448.01539923456,23183.546625953964,11,44536.82210594564
69299.3802694776,17714.010316605378,18,49512.825960346105
60798.17137892572,20352.98738173185,20,63814.29083439445
54236.8517810768,22186.184441388938,22,54053.896046365386
65886.73178371253,17849.23908821516,16,44963.13710385259
43429.20295582389,19242.742293340038,22,50946.6795184994
17626.935418529345,18944.812102204258,16,29731.94025395961
70875.11094236476,13882.086486698865,21,47900.788922677864
63343.30793570854,26973.14920288139,16,56391.319911628605
55149.09957573833,17965.533282761306,24,55067.291767094466
51614.62458605532,16854.674190584883,23,44267.75035936402
62468.64727693141,21768.433445884995,18,51421.501844949715
62448.13778000219,27891.605667400043,23,63734.459165925226
47555.27731740874,16896.80389577416,26,44308.29718524209
69732.5625193709,19836.01498124472,19,50263.24941065871
61695.75005700872,5065.741047093246,18,18089.347765751845
41269.82236498114,29480.21975251752,26,63461.310437153305
84698.49450701987,16867.22971553819,18,57503.8183961196
38403.19150671819,5690.188290262915,23,30211.262226419225
20801.370413085275,25197.274968680515,17,57468.0401745171
30221.25523152037,13393.609577151597,13,37661.696681347436
67950.40573975118,13039.748226672808,18,46390.72845795454
68592.74764612038,14295.757337189958,10,50966.333206824376
35656.272743609414,17084.417382940934,14,36777.24163857491
41192.371702493976,28076.25227260997,28,53141.173287615435
41349.480377245505,12673.506294171819,26,39023.8095730724
62851.361606332146,23760.166822202278,26,52934.95847559217
32378.557896198858,15898.48771810329,25,37841.652901651774
64800.22781068103,16803.487154976377,12,45282.207300064474
52874.73954498831,18092.809089766997,17,47134.695815627674
41884.797121199816,19127.33016727979,20,46240.674020105296
43424.8520917844,21539.627218069203,21,50161.89677218495
46572.696154834906,11158.367493645934,21,30528.827797481514
46876.69079646206,31463.25278530877,22,60734.03943208037
39753.54499162508,19694.845288027598,23,44503.68898241885
81489.80555168008,13578.575492656983,21,50196.2842103764
58682.22846720128,27131.29068826251,18,62918.22931356367
63684.85524670378,18983.35574157684,24,45469.22281210065
52322.134891376154,18844.744243982917,18,47665.733723956735
54403.36874721954,24276.050515063274,25,55474.33637125572
45362.95836509442,9992.712500963395,17,31608.73716057005
67021.17398894714,23229.98518162771,19,61611.502433169226
51332.52841274567,20853.499323897704,17,51517.17415395365
40066.98059370671,16703.595097659607,16,39539.27105974211
9974.589455352645,18356.63208069762,23,34000.55606648387
36952.809594733124,16283.337657320128,22,30086.575599910113
47488.34070312502,20322.938398139664,18,50257.040797632595
50864.381951792195,20997.27004992542,23,51889.44269527518
32495.34098224122,13840.08856929612,23,28683.642286241044
17779.02596354591,15776.198517894873,16,35449.53357549936
83228.70781695144,9836.820681687166,21,44036.95810367053
50055.33661148235,13930.47943942954,22,41866.68966001369
45166.65852529529,15544.154884069314,21,48609.48901798981
52905.71370450203,8198.515614897777,25,36630.678246481744
33965.10446699711,21840.99626643927,16,48512.17697833729
66385.60389797817,23388.746993866007,19,54961.69192422998
42810.9471272761,31388.162335470184,25,63137.00156563911
39125.61895049892,21841.462892370782,11,44143.354444610384
41090.608234150604,15529.76962436779,23,42799.16929191028
39891.09530357415,19798.354588120055,18,49298.2061346974
33104.95018777727,22031.163540602814,22,45698.45865135234
56616.03513333637,21661.89923101793,21,50502.895100151734
58744.1824542694,14705.18019179878,22,45350.042504380726
30273.369034138574,26734.912789320617,27,51463.8653789271
45916.16976514831,23302.45313857591,24,51204.806500148465
52003.933882472986,25053.43683228883,20,63398.23878466703
42370.946639939015,25644.953411268354,16,48643.76147210099
61992.26581578788,24065.590503529358,14,57283.363806115536
73360.23842709298,22863.515268771742,17,68001.23474891754
57086.558235023585,22267.649407558492,12,42751.67469857309
50018.79673938216,20854.300144944544,26,49171.130351396576
38513.96941982744,18897.116404916247,17,44485.17566084833
28013.325433555794,20679.358095919983,14,51629.58790264571
38015.94913078847,15545.789458422434,22,33417.38191629455
61090.30724829881,24254.58114692946,19,57311.50717398241
35244.35717492644,17413.13959710846,23,37725.90683100744
68491.98705013462,17246.274905609247,22,60300.45752782423
44183.65336858704,20190.45278970084,21,46261.430779641254
32931.2026495492,20565.127262885653,19,40800.04321728041
53304.30720327986,20503.992102309272,18,50210.4233442109
36888.097039097556,23897.86307685725,15,52863.51405388988
62917.05308256925,26382.155877398727,34,72877.69435834627
37764.33025893428,15952.935380267412,18,33631.836306420446
19532.592996655538,18639.856526187094,17,42261.555477004076
42113.87809435621,18864.460291098127,15,45545.87691945618
26240.526865373886,19943.995321005812,20,44885.239030561694
61669.40333929984,20850.887068422846,24,48352.10188141733
65594.31662744765,15126.052260861057,29,44517.89018535994
41281.43530679594,23269.338142904922,10,45049.23193578563
73387.19798941852,21227.83368929137,19,54483.88443691002
37357.48468535341,16731.79435768724,15,43695.5552697532
45288.236336609596,22310.054840062086,20,53537.52049285436
33736.4985642465,17819.633246746685,17,37581.78495733377
24802.931542808838,20207.74076819364,19,31554.892601387663
55621.97204524742,16229.93413566046,20,42909.220099305254
72450.87984269211,23761.94338405026,17,55856.15296174099
43225.73138378146,19309.78036571722,19,53494.11636599205
50041.58262433969,21479.844669454582,19,46704.20202211678
31262.759021280057,22676.91305274538,18,50390.19945766187
41308.94472726377,24077.759244686018,24,58439.40765878222
26934.864446660402,25040.969957531583,22,50972.159354303534
72452.48813997112,23996.20567916785,29,59751.56304741711
31988.85459223851,21129.644611416974,16,41534.255736051
49976.68190875072,21061.19688225092,18,57225.93219553244
73749.87792851185,16073.140957266985,25,55202.20003720308
51714.22902720618,23765.77433266392,24,66979.73490422424
48449.51001000168,12219.903208135529,21,32022.20024752116
54801.96872517209,23666.256464568807,19,58305.83706121483
30792.395455400816,16165.022790526873,16,39636.19361705956
22668.571388168806,27240.010708604255,24,52779.64240064475
53497.7363961358,22276.964012908084,25,57837.41583671134
51825.06008877168,21238.82902594054,16,53010.56350286263
54679.235257962864,20208.399310808134,26,54466.11761998091
12011.876655494008,26199.601485285362,23,44499.03795770089
29821.468187497943,15874.863580540517,18,30704.528130152736
51731.72617674131,22981.867244605317,27,46091.1807749163
47485.555487696256,23206.817693743764,22,48013.41182163847
63594.009787242685,20246.17368639567,31,66908.33947697456
54516.91288473365,19619.07488970464,21,47415.65022801327
67896.28314198129,27264.860489778588,20,72276.5972665479
66934.51471687149,15136.998691315534,15,45436.62045203552
59178.66754519434,11923.4025676596,20,37779.4958947164
48311.975632051624,19517.83816876952,21,53238.20483546205
54889.02979451822,19195.93819727866,17,48286.89643319959
56414.34340478109,20184.133167717195,16,49095.8708678355
67990.25030330919,17150.034560171254,20,50196.00511580677
44667.85068602876,20031.880853790466,18,44571.58091599723
56339.774159180095,12788.179446716156,22,47379.3039719326
29089.968453306425,31449.06397555375,20,56769.00245797432
44303.91351097166,14598.524569148596,15,40891.97188262985
53437.043318376505,22592.555543578663,19,61755.63899727023
55678.70264694154,19537.494989907587,29,54635.165358475926
59346.36208077619,20021.86828594514,20,53269.46546478063
39196.31815298182,16928.53062773704,24,37844.47422927206
50821.61919020435,24014.44399892674,25,53497.78668147861
42515.6397818706,18295.13734887855,32,51519.66524887333
77599.34789908417,18961.389750253853,20,47815.74960444734
27404.47124434649,14830.873194868209,24,45512.65189867138
81884.45456653011,27165.50701261869,22,68675.26442394915
60130.35709794508,18667.057164767633,31,62267.09620304436
9538.327070169187,16946.03545441234,22,29077.05793123159
42526.29842929853,20061.956001217528,26,47374.11717037862
53685.12548315359,30413.13746668294,24,62306.3420249716
49269.53511764724,11754.636527736044,25,30674.089273742284
25779.532117200022,27430.312014785064,17,56981.87529034816
32611.88570077285,28067.239219519048,22,55910.23088614392
51789.680470580846,19425.729338215526,23,56715.52063902642
29153.390391779605,8328.186086345768,15,26342.089729773124
62529.65157994353,18412.922677455772,11,43194.60937688971
46002.74324569096,18098.683106075398,20,44473.45117799979
58877.83292548166,11386.478149725463,21,33780.43883637003
33457.0338791588,10515.2719649754,21,31999.432679698173
29667.696746307756,25721.70967380132,22,47768.49639138326
65494.55309612032,22833.492732618473,21,56609.05920325188
49017.905985029625,14188.608175716663,20,40305.105340950046
25205.027010527483,20999.509407614893,26,38422.50261429472
37494.7051087872,12845.359680878095,23,33737.38933729157
52996.85864540163,12891.713037109761,24,46999.167239806025
27841.55507179467,17020.628119479792,21,40845.466926233996
7327.544729222325,15852.070165973644,14,34242.84079565416
27390.35692129799,18260.89401115438,25,34643.71582057001
61654.02743302104,19519.91230791268,20,50119.502380350605
23857.877235237123,15952.175525254788,15,29775.529726828154
64340.517473748514,22821.592138156342,15,59094.852768056655
54125.32046034673,24863.50894010733,32,51698.8987059014
38758.328043911046,12440.491085767397,13,35389.12014975612
67274.67694388056,29065.506423391485,13,71874.05214498524
29712.447392952086,17960.15395328699,19,41770.61337251389
40618.42358834942,19865.938309656478,17,43571.46678068109
48772.37117594323,19183.34388341845,16,53304.34655657254
43052.24783022169,21900.43250858973,24,47987.66055940234
50708.284113301364,21199.614411451603,25,52389.30480046538
58554.97129739537,22299.12952738597,12,55387.95244227555
40640.577989400335,11089.988032256806,23,27992.1298927089
72159.75057681906,30037.822291158507,20,78514.09896047336
35874.47646421492,25506.658634735468,32,56898.46244154736
45643.42182340001,12951.44588838601,22,40980.04411801255
56393.00109270002,18013.70752806704,19,45959.09943682199
47015.082302125134,7868.3733408893695,19,30098.719146430038
28277.797532393197,11566.15010319564,18,30422.462024077315
49280.097338679916,18893.618634431776,20,47113.69316884918
35207.566154217086,22328.533915605814,21,51130.96500001811
75618.85834902845,24193.62788125467,21,62856.60449639683
71246.0666473113,13220.170176449887,18,40099.60328382821
51538.200481119566,29914.19137446769,28,62844.58986309979
45343.52784636253,23417.863447816133,15,46978.32202859281
65893.0479403668,13619.207802637273,15,43751.51858114478
67706.1992447862,20929.06160640893,18,66035.58321066936
56928.58866890116,17924.75711166825,29,50176.321281603545
70819.30452085934,13793.428377899176,17,39566.96235631161
55290.65317038264,17411.3554398283,21,45897.331055028066
51952.889258148454,19830.5214311916,16,49459.38123687464
54069.93091126339,11967.275768340463,19,44863.90073075923
41068.49101918998,18700.24639103304,17,51495.53664394609
61535.66119047719,22279.286553028534,16,56357.100536557744
46473.2890384438,25154.79175659339,24,63572.179883027806
54355.69179927132,22461.171463125575,13,46600.07511928689
45403.8417297659,17649.163285838,20,43360.108237199216
56555.90437311105,19943.753824200998,15,57056.70617247615
53395.55937930421,21539.51329857677,20,49366.167699048616
64679.49067384146,21201.891427321825,21,47509.30589201556
41354.16313652771,19671.67457884287,24,42948.90212053819
40785.109330962965,19513.705152616494,19,48798.54339474789
60241.274221227904,17373.761529713836,23,44972.50112887886
75155.6652643648,19977.513467645545,30,51949.85014236079
45654.79086201342,18348.065963334542,26,39772.77646945212
59070.8113467952,14105.145509300899,18,45748.30623102917
36681.562642690755,23674.76227114332,17,61347.2900992381
42623.02080732398,21193.896647698344,14,46955.161223460185
50590.61200078908,16807.174023400956,24,44067.841461144475
54548.64862495326,18975.99208818301,19,48677.96063967355
53509.78996575232,20379.523107099063,13,38073.69402306307
46330.091051441865,23604.175419608153,22,53721.635022871305
28158.169484489357,18260.303388635584,13,41813.67607575123
30634.1432431295,20058.524169948283,16,43698.289607716506
69556.29927419721,27090.87440008994,26,69093.29719117568
43846.176081136946,3407.162656706005,17,20568.425565181686
49421.064159431626,15284.672549222334,22,32717.103020241717
52785.14585985879,22000.75714864241,28,51309.25450575643
84698.51902149228,24545.1473379224,14,68258.50381246512
45948.550014431545,14557.49395380586,17,41074.65398337501
64997.69509372253,15379.336224826984,21,48553.46508620778
35283.773520701376,20182.325751799395,20,48023.280578953934
42298.00058104734,11684.01686939902,17,35856.73490929756
57174.553015870755,19093.101759760237,19,54217.92262600929
59297.93746277211,19209.93469809808,20,53900.487256047236
55796.84366854072,18946.195539961624,27,57543.03027370642
50543.89633133099,15193.643683492708,18,45438.754637938626
48804.75814789868,17092.28305769857,28,45614.727899383455
68988.71861913019,11232.477560267764,16,46951.00316492008
72415.55012278442,13668.239130980524,17,51540.651802445966
48416.834578140886,18174.97524145376,15,46946.7165248557
49286.96555513207,23036.08084856823,23,58910.15278735465
45807.17484678814,21125.68275533511,36,52053.00719755326
42586.586549417785,23434.38467724882,12,45747.905769159355
61499.75686695572,21633.682996565614,20,62030.31981391591
47419.71168359408,26917.013496618776,23,66168.85385117885
53219.94354633019,16165.950646976395,20,34477.85358542191
56133.22378605091,22297.990111106763,22,51705.81740180939
2716.1924603343505,21277.449775531182,12,39717.07132302107
40505.394686407075,20201.152741015976,16,36627.6455793325
51272.63253515972,17164.75031470115,26,54660.230694724494
61023.86006118321,16285.020247939327,21,56195.72783055705
73220.29222892149,17932.330163772847,21,46002.97599038391
50234.747096262356,13200.853095815746,16,41675.067828892876
27776.560309077988,13796.623481375724,18,29885.014844941008
58239.8588368269,19790.841385930056,11,48327.45726896719
48318.75954016545,19799.923070532204,19,40434.38398732353
79995.83095496325,19403.512620751295,15,58160.38481683099
68407.94781278993,12606.265652609974,18,44861.009830061295
30741.74426847033,12554.110318006144,22,30650.914460571206
40174.93369377501,16941.55136087368,18,48410.39430615565
72182.70531613322,29844.587615782053,17,80139.79054290304
51570.06073490137,15110.614033405975,16,40384.557858407716
58637.59443263736,23416.76430071636,20,50781.9087197672
46112.99253513618,17592.132555038665,18,33812.66291180391
77006.43815642392,13902.140617709916,25,57865.432431454305
52179.68382618982,19843.803402783735,20,47756.895685942676
62087.163108473,16162.370648857088,20,46985.77459673721
28349.02482764107,20731.665494378976,21,40800.87778725287
31749.70641024716,20521.018072157854,20,41121.65973229912
81097.3904508739,10211.723873372039,15,45526.67658990469
32717.70779684484,22545.820224619532,23,47437.73912699436
59249.464867766656,15149.98683066943,17,35622.056610448155
63943.05540999053,20943.45070907073,23,56597.895262492246
54317.44389995736,20388.479772109484,22,46642.23082606365
64692.357508182606,26294.489007921562,27,67821.81082392116
22509.378415685984,19752.650253626725,20,37948.22543123102
68253.80763277717,21205.03342590056,15,51160.742985405785
14531.325217456048,13493.734384650636,28,26999.06209308984
62927.565104026624,26240.953373613942,27,55207.4313352101
90486.15169637263,22190.353501256395,18,67090.59157529913
68972.74853997477,16970.26506986849,22,58853.41417496679
51232.72047399331,25506.772515552333,15,59924.655794515595
46644.47915859527,23386.605242479243,26,54218.27053910984
49763.3203043821,18501.756629212865,23,46850.16574798879
33849.241281074515,10571.689900515456,18,27509.882145208983
47259.98545165084,20556.21806074538,18,42940.41964587127
28018.672038975037,18631.505423684463,22,46592.04706797891
37006.43556162332,29041.24390213549,18,55803.48965096813
63518.26308693286,22011.470640796142,14,54744.06467156339
62109.46664014981,14235.879633059189,26,54363.1127079774
56178.85957100739,24569.72948067989,28,57830.9312041877
52531.20611014346,15215.806141384377,20,44210.230755029705
23781.205891343412,19528.286073213,11,50852.2299950149
44221.637235502654,19593.225725513912,20,44181.91751676814
48892.53042470334,15770.201897046949,33,49868.47287337207
26202.85867993754,10589.441962409901,25,26926.588413421076
29046.29865959742,22898.01779371171,23,53176.92609925327
64467.99061703261,20900.153167459328,22,58292.22340551108
54812.91039514192,17557.453524998196,20,59791.27603205855
32721.764026152527,14119.312956708249,15,26223.715035230623
70534.18602548345,25818.5090153594,21,61110.41155159914
64785.212650277696,15844.125084099709,20,42066.18719278898
48047.416405907,15568.651304973053,23,41666.03795372079
31030.58574429909,16454.513457017725,22,43057.29674166104
73936.27981660538,20982.930476592464,21,48736.0745724307
75205.96579187906,18845.346458042102,16,56496.837369881076
67492.5685688733,31032.869440682443,12,69554.86465395716
66750.61816781852,25677.483929833674,19,61635.371534829166
49187.427985399874,11758.539587581434,17,34737.14656540542
51594.17686363765,20623.924406905244,16,43827.544700923114
70422.70884793047,25300.737219703624,16,76998.99139519317
53745.33121803707,20994.521189052728,9,38688.3084596192
37526.89224720938,14079.58578530472,17,35668.560357010036
36058.535253349386,23459.950065900415,17,51045.24329126215
66438.2836672963,19636.098606929412,16,54792.763159916816
81670.99686878937,17737.461472530395,21,60660.55920670485
58070.46200093468,20454.54958915556,21,53278.515054306234
83324.46591301855,20444.62674085806,19,67807.13140713761
20468.187886658547,14796.763020882208,32,30439.701008219887
31386.527483472903,12082.170897829259,18,35905.76219700211
42338.829333440226,30935.41568046329,15,59068.15720810227
20152.87948558267,16597.597181352878,17,30370.82444182818
46732.23960255994,18883.706348497097,22,50616.80163481688
67692.31663081418,21602.614061219894,19,53350.7210833124
19472.363974599306,22311.491300796275,21,23654.873172957075
63843.29178235671,18342.897716972835,20,53780.56105493686
31576.21761991042,20249.754580210327,24,43749.562424571486
37759.02970921909,22533.747577833903,22,58071.12512756162
47990.52654897406,17174.756000208552,19,46473.33574882469
49116.656089963726,15516.57427979367,20,43290.76084320373
65114.1263354019,16844.919491601882,16,52358.86939617431
47072.54385077382,30269.62992605327,20,60835.221325536404
60373.13918296053,22790.794697893285,20,65397.77250896754
65913.67946687776,15858.683770675638,18,47267.20655088645
51816.68720199723,21140.0339500947,19,48920.624320972725
82709.56758618061,19846.6727335647,23,62939.791277163255
40716.4126123427,24008.126693017904,25,55839.31359499751
37846.740702770054,29661.465731028136,22,57906.18718231364
38261.3686634326,17572.37418054686,23,46268.50790453295
83443.50921655388,17549.85865779718,22,52650.64981063585
62601.31400317264,20099.972874529263,27,56680.33833697388
67910.99309580759,17817.90005768661,28,44760.691020096405
60386.0890358984,16358.884192593048,17,46633.064135717555
48606.3912642909,25665.539437436408,21,53492.332643856746
52266.292210791486,14566.296233904886,31,38655.07419091481
35131.497364349416,18052.369737427656,18,35856.0524263622
81231.98673260219,28689.268310836356,24,65951.72524988961
48530.0666493232,14292.136047187103,19,41082.04438674106
36998.591767725506,17861.253098355388,16,43933.73351310845
28078.22458228334,20478.168808050188,26,46923.210532665384
75892.65800380788,17427.949174416375,30,50999.28573646111
65740.88117820978,18356.78835382773,21,51452.73897212356
57546.233567532465,9265.856708894746,29,38848.15624048649
21942.074421431997,21446.117098036426,17,48469.04337897392
55960.30717318887,23456.81803488516,18,66910.98186583453
46088.25612270724,16948.212686070874,19,39762.937344174105
42412.53233802447,22657.765960971577,19,54585.90576464946
70983.79977319657,18409.13216236163,15,47992.19631165721
29896.473284639287,27592.92312972833,22,48261.46124315853
28258.70442884768,8509.544630571996,22,20395.707820422416
25052.189594236508,18834.56654239099,22,41377.65810156805
36337.788725796636,27328.88853488701,14,54434.88399448527
29124.768214968597,22929.956837210295,25,51133.652140587954
63628.93254741972,14964.512495785475,17,31820.81052373804
36380.18268572724,15574.191945167664,19,38567.45750153343
52997.89448387795,15361.766099103468,21,38840.50007783131
40368.25242988962,25063.71879388328,22,42993.724137983954
64802.45610477546,29179.965008300125,17,63631.14230570556
60793.84861321133,17196.53885416611,25,46853.132216822414
50767.876189645816,25486.887395692807,17,66173.89265111295
74046.50693403033,23087.302801057343,29,59284.472409233465
41544.48926513218,20536.545811219617,16,42479.9750293053
44705.34501954459,16714.11096330937,12,39422.188781963996
52354.94935878669,18647.46044121942,18,58900.05824773584
59515.576939155464,24180.8805948994,18,69295.34825945801
21313.455760899356,16635.083036983382,25,33958.6648105666
67256.26377115173,24171.955326328243,19,55195.971815391786
40813.68281090704,16860.504875124803,21,43146.34844363874
59800.429660405745,17638.86999733618,19,45350.145394772706
38410.47703453321,20320.65541845646,15,54141.81402760293
70110.6462952803,13012.715162645833,24,53755.13167210944
65464.12598970974,18412.374989063923,33,49598.57293456954
65566.2097853371,24499.918882010934,25,60984.540255431886
56639.304913362044,15760.28860738504,25,44900.90378451396
47176.22988631824,24109.47553774655,24,53257.585366987514
24484.929385551008,15876.98097102831,19,35443.03463249057
50806.94850666412,27841.036642164283,15,56729.26952711205
67327.19099081552,38403.9108657562,23,87473.97819786555
62003.88245969861,12417.326043039988,21,49101.31313001677
38890.29641522243,14914.374307553997,22,43506.118929592325
96104.5000809298,24061.624011841748,20,64584.99833234841
65881.1732361246,20274.198008660544,21,54256.655868063564
38747.745385520706,15954.025823039261,21,40424.54422968085
41237.96072700622,16171.016280328498,25,44573.02074142535
34447.24925959107,18176.463042556745,21,37747.68727076482
47978.768739950734,18206.577163181428,19,41914.403289886664
73667.08509635509,17751.108741343647,16,50946.52678423701
56757.61788704454,16272.979373069467,16,41875.997026747486
74859.071694918,10428.142779599111,19,49372.31096859395
73740.2627452958,19902.837434442565,24,65127.74153889485
70600.78698391089,23004.211391052577,25,64661.71573185875
75356.60829119149,20476.888528210784,15,58494.60349492206
49926.872590958425,24262.4604406427,21,61311.65476409703
52600.4090016389,21266.47485323792,17,50950.99841306594
29324.233607931008,18737.279752386283,24,45396.25452940339
58863.93740410367,20206.235012102643,22,42862.98981530594
53593.50194455075,18435.46630747478,21,49401.45091072049
79982.97638894196,16220.501807611821,23,54569.64492442014
44658.39029766373,10319.892054547436,17,27568.822316163692
34563.21972564623,22377.72635950418,14,51900.96744881201
28232.420676696114,17584.244246563914,22,34243.76232629305
70771.84764325937,11721.709526291022,26,36719.63602976779
52705.949074032906,21557.86897658044,17,55573.538289636235
45491.460330354996,7202.099618142351,17,29134.716608251987
53534.045818261715,19704.84747476518,20,49768.4149526722
30990.596347992814,23763.706285402244,20,47889.92629606778
30342.077481789795,23942.155137265487,22,54254.14452900893
75948.00535688389,11234.527756934485,13,37471.29102568557
52912.81685480472,18557.342794224773,18,50129.4731772053
56205.92675310456,19915.177159955892,21,44707.416623815356
50126.3555187587,18490.844865649804,22,45495.74144885858
40524.83247204836,28472.79286764998,18,61070.24793476949
40517.14621800824,27435.67757743172,20,56170.7793553691
34496.45069913157,19514.790100732862,13,43715.9220279097
67098.17711741432,25480.226706017726,15,65235.95840551218
57149.97671689747,16737.739693918644,18,47166.90678902186
41971.03881104826,21929.012229643144,21,47223.3825630386
61073.15497822817,18401.547588484565,21,44467.06658966498
37820.83350417165,27694.057152658017,17,54343.23080375562
65329.34194180621,24368.756982387626,16,69176.41334767835
37422.285157378356,22533.65743125507,20,44021.01197110749
52316.54508809181,24045.280613127405,22,51439.472645821705
39825.460247935735,14026.522705028692,20,25666.338446380745
72168.4768862023,16594.370426911635,12,46899.58288548647
71688.02694366351,18003.062023971084,24,52519.48069493538
60962.06075378574,25428.182979772457,17,54853.585537802464
48894.78580312862,19304.829577555996,16,40857.294293574465
42867.1852781902,18977.254698799956,14,40225.834674444384
53218.12770694294,16813.796132307743,14,38260.650173069254
39486.8299417434,18985.1558938413,16,39574.24051949517
63346.235748983934,12809.800125045553,23,43444.02739688377
47059.79513145641,24951.849240739884,21,55403.43726047323
51487.699464945355,21883.898456969073,19,48207.91014411574
53727.57646946656,20276.37813032205,18,45118.91296559579
73245.25624592234,18068.5312796272,16,55764.25743483215
49294.36186225098,16085.896808810796,16,28478.279612302184
77111.08042439497,22035.3427663043,25,65807.90193195036
63011.230832859525,14444.117938453479,17,53103.10297726869
62921.661838398315,16179.74825037015,19,44782.307974077776
40794.1752474173,20926.87160010592,29,45659.603699801286
32079.340788801146,17996.88813585921,23,53259.782836361155
51377.74116571565,6327.799644721694,24,32645.068434714056
34070.053214564825,22115.267005491183,17,38875.16261029354
23117.813530167678,18691.12258733245,16,36945.01727151489
43002.21338313653,13114.569549365493,31,33480.867309472385
25688.02514997727,18647.15409663603,24,38467.67252948182
64643.97673772975,23748.78835210868,23,55580.35806458604
33052.36047396797,23919.666204503592,18,55473.48863549187
25324.199333996487,20080.07255140237,25,45615.82400553515
41791.136445221295,19220.81643498158,19,48546.57139994987
58834.51660783072,20325.225383841043,10,43840.76139359019
43495.171855219145,20912.257400741113,22,45839.379246929384
62293.86380780647,22964.856247053,17,48551.08431760097
59514.1754657102,23213.91458231896,28,51719.27961158733
54740.21562588118,25867.98603220058,19,61525.82079901692
40650.053341047074,29358.1937986344,18,58177.3691073835
56499.74848569184,33393.41426566955,15,68327.41516215673
13846.356909415968,19753.226979701816,17,42518.877265220835
48333.51888392933,17686.96988833212,16,49458.226049482975
67562.3191785479,21206.904593210267,23,60730.084244346006
40596.81621992731,20609.55486887959,14,44883.26233053942
54923.64992084841,19968.361365782654,22,49121.81124618789
22682.62532582628,18346.254329023075,22,37899.90789956701
61084.4214460136,25180.281771734917,16,57087.94125405764
45397.3806331481,26191.842867553343,14,52039.99179213204
45207.143436589875,23182.186812695716,17,40197.91788330923
44906.22154106683,22330.882031204117,14,49728.07574271116
54367.21058185856,18577.647521729214,13,55892.47735543307
43413.99462741312,23628.555687468965,25,49282.86878858632
51812.504584194576,21917.218945433942,24,52715.27361442557
31466.59281938788,23971.697419733686,20,49944.58770324823
43657.97730761379,20917.007625319573,14,54398.279763675324
54400.59800160985,18997.260042746584,18,53462.88254864553
47395.824379898964,20967.50671048593,18,47124.92538845269
55190.71475476143,27177.75151284108,20,55735.29884325867
59219.676137077746,15451.840501795585,17,49774.56526565746
59180.27203130347,21632.009997914214,19,60036.01838562408
60135.42868605786,17211.52965500235,25,48691.63834015
19610.796163309064,19746.11417204138,18,39255.66270924726
32428.8378235477,13085.6071101837,22,39443.98635233485
77223.69284404718,31066.624080974492,13,68382.81681133815
64592.751620458905,19153.959861937787,22,53710.67213128878
44110.46922866564,16020.351930807097,22,33521.7637124301
58851.392016881066,28157.636995926627,17,63015.25876326242
41054.50134356874,17866.955478799435,30,44824.234107745666
59724.72558784632,20705.89640880034,26,49857.131900173
35602.60227430103,17233.250978383843,20,35414.95516027069
55799.69209573933,11089.932069522094,23,34245.15048865876
47118.08250053244,20509.68226326076,18,40678.94688800581
61169.41968060838,22062.38806684031,22,48655.47104880183
85117.14153840081,28006.804776423898,26,74781.48347404141
51197.40801244927,23145.472512255714,15,55694.80269770171
21697.055496202054,20141.391450065887,21,44233.761618647644
53047.164342700824,17356.319393257316,14,55634.563358482934
48609.79341871605,22832.9582199681,23,56160.87295998783
14292.332603968804,27936.64514754214,18,48271.264560886804
38480.685197848565,14541.373550446438,16,41544.658757232304
61023.23160816824,9229.802176368888,28,35639.01083968575
65511.699992807524,27784.87809045136,20,73923.0376213908
65770.31580791537,14709.654507800366,17,48661.44536794518
74462.67832112347,11767.977702853816,17,54802.68957232508
45669.705985835855,19718.725991012714,26,43519.312594995645
35356.40486455342,16212.244254469242,31,39810.96445540001
26650.495125836398,11398.792462213865,17,30318.18050983443
49942.18691469099,20898.489169041313,19,56542.681046151316
41027.15549271558,20210.8282423872,14,40618.26177682286
37054.556211758325,22756.162997072304,19,52389.047946207036
25237.815170785318,24567.38829161054,28,52410.86278805733
44233.15629740563,20948.418802264445,27,47988.02435820734
37620.2804992113,24099.96997675081,27,42826.875975737246
39160.32070024485,13102.416402296023,20,45455.56758980613
76193.57437561805,9452.8867644403,23,40858.6010290247
49622.77963398612,15835.314848726983,20,38348.19415621704
47583.874582780176,18735.103089738222,15,42358.522376949986
62101.005660314586,19673.799844219695,19,53491.75262556538
42689.01027255456,21646.948627307484,14,48337.382514310426
57251.93393223677,26174.959356250634,12,56533.374788508816
60221.39896556674,22005.66525607816,32,60564.39893271916
35364.51517119255,20654.68925713419,15,43192.340211822186
46210.39061672777,16304.802919851463,19,33900.107804884734
28004.67932081679,25430.265134608322,18,53959.72781251826
33384.62551641244,21635.686364746078,17,42010.33635840386
38940.909126858576,16233.586947235628,16,37296.81371013374
55223.27906324564,13592.388388406798,18,36894.32460751507
33863.01858816581,24885.95977707796,28,52558.78218152751
51953.79278085626,22529.39775760108,22,48706.72139207918
45719.05683290207,25852.52033717846,12,54101.06457484772
45529.93556515252,15152.983006433204,18,45660.8326522472
61272.46325947359,7920.15234445665,20,40913.79783797577
75473.38795825533,21240.802413745147,16,52881.224662665336
25595.53132083864,11893.92143964248,16,30866.1322940272
58061.90819680602,23469.648009872893,32,62557.51437616324
79908.28515339186,20016.112492637756,17,57462.94206727377
64476.025341412635,27665.427015007317,21,62737.408411839046
58930.22695747369,20257.33744177081,21,46005.27584896391
22829.531187590826,13347.757842830579,17,34411.58268174869
68583.00109973042,22764.9529702102,11,60823.897680193404
74879.70236091546,20462.793665450714,22,56586.79502460933
59845.84027367615,18967.64024254184,23,48169.148389261776
63957.42557860703,21506.178608511313,20,51622.2030827618
65709.60156045707,21214.708291787185,19,43444.78609132772
60243.03954548794,16732.73989497885,18,41393.553460036164
62082.889284964025,29133.510991928353,18,66631.27375704414
25692.52598992417,28072.405037354976,21,52280.651907318774
87394.75088980034,19769.246928507742,23,47576.71645846161
64536.13867117606,19047.059800913146,19,58749.038886767215
63781.746118428,13514.14066747409,18,36632.15533237436
55442.43085465133,23119.304882898417,18,56574.078942905115
20907.621281195854,13542.738494943242,18,39549.1657735513
15277.091986873005,18918.090947904348,20,35870.65411525426
57546.802518863195,23364.93576904034,30,61327.01871903967
49378.47159961645,33995.288836818465,21,74074.22230247756
61364.05269062019,20069.03606181177,22,46643.09694176172
45468.271036905695,24923.66865231219,18,55979.05341244662
44662.23193102877,14411.014005502244,21,33303.83813610131
46107.858394794304,17006.769066750367,22,39578.388631237736
43190.38190427781,17229.146775188885,20,40771.907009518574
34119.999823216254,19489.57176890387,11,36578.08789416239
31301.217174909445,12752.101295594255,20,29376.50369604934
57311.56992128075,17901.68115976608,16,44720.45315500849
59258.593114478834,12155.191835557955,22,41139.89762802266
5681.175733249482,25526.73869811987,13,44247.78209659217
46902.59068211567,17944.264764093336,27,52634.74748259224
46604.459552395696,16490.701159426677,21,42090.93555780362
56835.30717751529,14915.494504774751,16,43492.48085967295
57301.941974895635,17938.31695172671,21,58539.23898641398
60366.10285773194,21707.76764501867,25,53977.882351175205
44860.33336658823,15836.10417670059,14,49314.92628131906
39389.006834931504,20885.012471790313,19,52078.06837425575
24230.34337616718,22664.778664687437,22,44924.95527057497
48337.256793888046,19473.59317978042,13,39027.51232331111
26466.773411056805,14107.160756196738,22,32133.767045077355
39411.81946533905,22875.11245998618,24,42674.91846463451
29118.63720585158,22721.586809479762,16,46372.64700194741
70338.86849782265,25440.875548595945,15,73593.610071244
30774.13509559643,21566.967070626284,17,43431.157154286826
37063.416668845566,15601.136454574866,20,42055.10082245084
58271.20191681692,20334.27783226462,16,50106.26255767681
67089.72202493112,20497.742578322282,26,61881.69774588283
39033.655219602515,12549.220577395114,26,30008.054601989432
72831.29700460148,10303.617589545122,24,41934.74298419007
45708.034267834744,23023.578726241012,22,46037.629026827766
67422.98869890143,18787.14056233396,14,58173.84220145359
50651.70555427017,17001.34870317375,28,46508.745589408274
30227.624856853163,24017.692424800756,24,52457.92472986458
36915.83661938106,25734.8714487845,22,56668.11159719662
48234.42473936517,15711.536063375777,24,35418.57157111087
65768.54928714389,29455.85950875914,20,61403.30711335928
58221.6546275046,13463.493524330188,17,44163.44284507546
68965.69403763981,21566.673615731404,24,59662.034925829765
39475.63368725388,18347.276750048226,15,44278.45788422829
26143.73803504783,26338.302682360732,12,53506.61668921447
59022.496455745175,21096.75108122848,13,50963.65952044544
56720.0079848477,17206.230373976916,21,44392.67473238275
47649.815674872036,28454.454061739834,15,52640.48204753264
42407.41814301144,17936.947945739048,17,50082.57121278903
43800.61277378513,20846.33606822369,19,48567.01042381092
38588.30429736995,10732.329793757748,24,24483.813902738973
55123.950263838466,10779.34265398416,23,31722.076863895665
59528.06446847525,15133.654586504492,23,44510.96735353513
69559.03834675867,18990.183807239497,22,54757.298530898435
50117.17385628638,28028.428136655268,20,67017.38913697141
54990.071236853604,19600.34186822068,13,51356.536547316035
25167.975623512124,24916.17758453198,16,41549.053091288435
51626.15061603284,17269.243094971687,21,46074.82897127222
59136.159367116976,28007.852080024593,28,63843.05792365133
37908.487159109354,23053.776743488244,19,49032.84816071262
71223.43837954813,19786.97548750783,20,59907.48827789947
37955.264458095524,24769.285567210267,17,58649.51593813711
53896.05255880991,19578.619112983815,22,56657.66322441804
52651.28426048434,20404.155699467057,17,50719.7465204702
36896.217255429074,22875.3191290068,21,52858.69766685351
47647.37722296353,22398.991791797802,21,52921.68278691118
50834.11920726575,13021.738624936861,22,36498.595094697084
51455.76242972427,20131.73078703539,19,43587.15707312125
26829.73549955361,24704.37747025678,24,43687.58437894933
55263.365480842804,20812.761474106243,15,53124.37062976107
64943.58877770002,21341.672070651803,13,56308.195556749844
63205.46571792667,24291.58116359766,23,62480.63966284719
61361.9206769147,23168.673321645358,22,61568.94847817316
35284.576097891,15082.953664985249,19,44315.012865598765
60270.25486689532,13207.783296769092,19,43854.94486231817
27385.599645481314,27525.53135782183,19,51663.05531028982
47252.95817020277,18216.318239133056,17,37961.91931811857
33037.23110098022,17356.05686170981,22,42213.42843096481
64682.19355499848,19449.941838159524,14,47957.78788384496
51494.44082843583,26794.666698456676,14,54908.13322539487
20654.177909988877,19756.742188214444,29,39591.149008656575
44852.68090432143,19544.48876816729,28,50473.16026812968
28348.803686332285,17135.98256023082,20,39063.692465000415
41615.28939306096,14791.864959676153,21,46288.77098111164
44816.71591508431,10790.798169654714,21,31584.49226903146
59778.08255484041,20172.614250005994,24,46175.95865524131
63520.77927430175,14705.310780441592,22,39627.806878212716
28654.106971670568,17763.247274363915,28,31907.254168095045
45568.202678879614,17578.8304451918,21,47860.3399380865
44046.05689425176,22272.396392952905,14,53322.62268318221
30775.827281479378,5814.783678914291,17,17897.576876031853
45754.18445552811,28014.581439261263,24,57705.79253557716
62991.98463932332,21279.537380059643,21,56631.11042577102
34230.16105202091,22223.20723591069,19,41502.34698445974
62852.825129020915,14750.151136717073,25,41435.729771672355
29375.042642745626,19015.203219913597,17,41661.873179144495
73708.20620706282,21983.126811571587,20,63260.696398213026
49504.543301308346,23392.11670903051,22,52560.37983897121
38658.0720220239,23233.695923986605,13,40909.12371686431
59402.059777777846,21388.518055683253,19,53233.533893684515
87184.1150539692,17894.696878678562,23,55902.13664780131
70294.88613531028,13154.77615790458,17,41151.405890935945
49066.46638767656,18762.048864828157,24,49487.8687240913
69370.77605591576,29481.82261960116,18,69474.26807409352
84162.77876107523,13192.738807527934,12,39486.77593163378
44354.640440974224,12058.13133869095,19,29578.77592208358
52454.23970289342,29893.590701721543,15,64828.310641548
37699.18397331478,20257.29958285728,20,46584.30532887393
44197.22812104374,12168.395032163051,20,36578.264803947255
45820.2013326255,20315.79535393413,12,46640.77654802324
43384.15245120235,18509.566220069883,26,46864.272816918216
67656.76289179471,28009.86769004711,23,65633.86409066837
21796.131569770554,27234.71547585689,13,51750.61746651864
50384.30268643343,21916.23641476012,19,46222.883620748704
49132.18302805459,23288.914341941178,16,50049.66775226719
42933.5082775599,19112.533663860464,9,44684.52734172974
62366.793801781765,29456.868348698183,18,74647.02382826834
61980.46333337747,20468.046110406434,27,50894.239931249904
50697.690793617294,16521.97815586461,24,37503.0335417243
54698.12240247611,26536.134706068908,25,59196.790841143236
49259.05230520251,21376.755382716172,14,49388.68854766556
59348.64812177364,19213.38932768409,20,47950.43260628184
73620.08916075165,16569.92974609181,27,58561.66125307616
65994.88064224363,18361.614333245525,17,49187.96043426097
83547.84522572964,26569.675278844417,23,68022.52289693328
62620.56209703702,19914.126876052498,15,55642.830232637134
22450.56501146279,19739.29061159483,17,42897.33228045641
59654.0511942338,10894.268163336483,23,47268.49669715106
38919.89183545399,19046.703569714562,14,40332.603550770196
69680.59845873807,19722.32454290836,20,56559.48617676985
45899.06225061289,21614.705240982075,25,53206.040587250536
30117.432824375494,18029.692067007632,20,46217.54649130334
55073.62537595351,22124.684130195194,15,50521.416925750105
45846.17673544969,23427.915187793886,26,61409.5952254019
56362.022326830374,16590.074878995947,23,51009.689024175415
55267.98039957164,29009.706540684107,21,69823.63687633911
55428.98337441342,15397.92482218451,16,39929.1705562266
55613.79466105787,11326.450622166185,19,37298.24209606843
63087.83908926701,22884.127331087835,20,56323.91215885635
52651.11563412495,20655.044439311307,24,46103.89261834158
48146.513648960805,22905.623025825826,26,55254.697221009854
46183.96246703193,17755.218174799113,17,44830.53140260361
44654.310852678536,26127.34426970458,26,58588.65670304354
45944.93900694224,24001.589357696896,23,54317.57006896168
62913.84402654443,35592.42447548964,19,75928.24354029071
69965.4185032548,17992.803726602033,24,53252.33728597006
61952.49020338021,18489.200839245288,25,51258.6676303681
54651.58919607192,16261.574355495603,22,41463.961837369905
51424.099694261655,15377.982879313031,22,42719.47839035067
53606.572921041756,21368.345110567614,17,52158.91234930593
53768.859832527065,13986.34041934714,27,35797.07029079831
41146.94670216332,13411.12841350551,19,31172.576886683153
39266.25324496434,20811.705557357604,17,39473.54575891036
51349.725452334365,26745.33813300091,17,57406.81042317486
37249.54889579439,11316.986211366107,16,30559.972900301458
38193.386406507576,22171.596935850925,19,43683.44847163481
39890.27861288438,17530.16181720188,21,49287.526875973716
67817.29144317053,10557.025543684662,19,22744.626383268194
72441.34246479388,17205.789739910888,24,53048.41705984642
50052.18441777201,24837.100139293267,19,48296.4093874355
50950.44257136594,23535.19696349068,25,52135.389014792956
60856.77874131432,10860.498526633437,25,38756.62299469126
36588.74880577116,20071.077379526087,19,38938.69069757599
51835.03634944673,26214.45554118821,27,59910.69672640147
79773.7983718403,27681.642094348914,23,62499.68720209735
49092.72469744537,19188.824861972316,21,46734.967619482246
48444.79765504472,18422.075973245708,12,40750.20093754434
48756.008781620316,22639.453596619423,17,60206.412933382395
46477.657889679336,23458.55791358893,21,57863.04829732741
56428.258054693826,16625.61678547894,19,49568.35165460931
54610.82749492905,20390.627705858813,14,57226.67091887618
19350.26576866881,18793.995891450966,21,32448.466651046965
58727.26683847216,23460.936141842405,27,54779.162057162124
35563.76368746648,17576.034885755966,16,45503.000188022124
60052.544882047645,14584.212209382318,15,41669.63521567485
50538.3803382161,10108.0184866456,23,35985.52061119919
52118.75616899611,21789.17986770554,16,51136.9149452532
53230.352997574984,14976.948789084498,24,48515.05496589231
41913.579750569326,18746.972486311763,24,46024.33205458044
41094.81878095014,19925.167916109138,24,45026.40664842255
61218.627486092955,16901.92268109311,21,52704.75372704394
42226.691336572476,21922.96770819671,21,44433.143248214525
34128.51003142157,32780.40146073217,26,61607.293839649465
57237.89468424983,28548.314584910215,16,56143.58056988207
56523.86642553968,14958.13869101127,21,43089.678249107565
49426.57636150157,16272.644784138653,21,45894.28363132573
53254.86009536541,15624.363896505027,21,41903.82596050227
51740.65994558897,11906.514832215335,17,33515.626821301805
59160.54198064163,20962.331922310164,20,47497.88579030021
62570.54810402575,22469.970035450813,17,57762.22723133795
57845.97988146912,20933.018478806902,22,54314.05411016617
63442.10095186242,21002.5051536407,18,56406.60850840956
74341.79759807375,10539.790107184908,28,41096.02280727556
56951.77452641804,10912.421864167894,16,45985.277912995436
49162.23741471711,23191.1624310838,20,50423.92081672415
26515.736323969973,19479.077898949836,10,41964.101268882805
30471.545404310258,24465.91229851684,25,51604.03721381193
55602.6049521243,15129.787040647127,10,41287.93807922639
46169.64011513526,18439.812874717452,22,42362.85657728636
42642.159629949005,17447.885530616422,17,34389.39037091837
58575.89295899905,27980.33315393296,22,58592.049030929265
60698.698716065635,28038.618899175457,25,63811.89934307599
55036.63908844701,14821.093440033594,16,50188.37362705024
44107.96198486595,20737.43900435575,16,47918.38808255278
79623.92777105453,24101.4197958657,24,63482.80692626583
48801.19341134107,24947.906859253042,21,57684.716700981524
63758.24141557331,16058.100728064654,26,47088.19947383741
46701.878071561296,21924.16658927856,25,55688.01152348732
34255.63712903026,20680.327545770953,18,55703.91051266069
51214.18209344313,19537.67075073341,17,41242.649673375236
87390.32693179342,6928.022326610942,22,42011.05449878095
64694.64424527895,17232.462898470694,18,47827.75518696497
48537.33796512296,18059.463597870694,26,46163.87173107571
58505.225637469004,23524.158170354844,20,64172.4561231364
45234.77235761067,18867.071554819704,16,44903.32761190778
60403.22277640065,26314.637331371858,22,51953.349717134006
79128.47181790955,12518.686518618704,23,53656.92197562743
42073.2869897528,26725.015214793184,21,61948.23434901529
54093.95323626111,16780.2426549666,25,44272.597628868294
55757.54591084021,16937.732965660565,16,45054.0830544297
44320.3472573089,18417.631564123418,17,39390.02269189239
43611.33895961078,11679.813426561812,28,42034.49437603911
52677.45546655158,20456.555768726495,21,49662.27447382031
40483.28620776688,34224.090243201,21,72641.50283603351
65481.173137532445,14968.319092882848,25,44400.316609660455
47542.20691209652,17565.267019095347,19,50415.59706996176
48137.211800104735,22960.50787972062,28,61049.86293924851
35992.09854722836,19571.401320376586,26,42123.87385398404
37717.70373330934,25077.110943487143,26,45837.77972384091
42754.430914517114,12127.117687021728,27,37762.17874394227
42796.10713046668,14006.468578278782,19,39666.70691686979
34637.53545466382,21198.762140207196,21,51662.6996650001
62725.18074006446,2880.999711551045,17,32702.41742788499
71600.98741891651,13073.098205219085,20,48010.00046502959
47724.634384771896,10384.381201670523,17,26485.641660048426
36525.75652495005,20310.605020770177,23,49696.83641401548
37614.32703133819,17436.502543864124,25,43571.071215007025
53315.598278273486,12636.347630321641,32,42364.09839122944
51608.15459968796,20636.686203809546,18,46285.60684733215
26746.98473834782,23879.00974388529,16,40565.95342527445
18529.2406647227,13032.197562688987,17,26371.173258008253
51458.66529103646,19281.93887214452,19,56414.6926404859
61012.59633849928,21077.021952054474,19,46933.532477364024
68063.92312497931,22874.01505309338,23,63354.044341571745
40781.761654145535,11994.405860206212,15,36716.464152762666
67124.14025656936,14753.936073807665,19,54035.52093591713
46361.20067189119,19192.686529199094,19,38548.10389473776
32551.965701838966,19709.957308207104,15,44291.48203778142
77270.24660855143,31435.234649132122,20,81605.54239737465
25781.57830884445,23996.23774386477,14,43143.5443677287
47507.786035558674,17851.38790314254,23,51854.86800814558
40413.33885722219,18179.29932973765,14,40678.52450628104
55818.75929027013,18462.48888462935,26,53473.866044482216
64374.236826942186,13721.537439087311,15,39200.55504925393
22895.94638598935,18464.749035543584,22,35979.18012730816
40672.10924416024,29931.388231511373,20,63793.768522934464
64366.38424371529,7071.671066244382,22,35288.672866121284
37264.39677423335,20084.968891562643,20,41363.26967992745
26892.326948266666,30243.581035304152,26,64385.91065827942
43505.7812754019,28643.05234577421,23,66348.34573298575
41069.033491373506,24428.36420481999,21,44034.89984417633
61915.51053777539,20240.79287721013,12,48027.817048575074
51195.82990474311,24481.50533435705,25,65710.43314656107
39169.77048903082,21625.410657129196,22,45186.29216352822
64600.65780091541,28441.497919586847,24,57928.77604898323
50057.69036587231,23595.72382383671,16,61629.49736456537
29432.251313333993,16267.633152825701,18,30842.528560896557
40142.667269705395,29797.785439391242,17,50236.29133618727
42482.47738183176,18850.60929825382,18,30539.744403506782
79735.43303385477,14661.422655955357,20,48504.39022466478
47441.402427519584,21791.09007598361,19,56598.871180737566
30844.147782469772,24274.731313602962,19,50536.49954478424
47838.1053618884,19584.06229902295,27,54382.9804867935
60455.29515335521,20833.700467586015,23,53078.47035080805
48916.26026283435,28391.030413663295,25,54504.00913097944
66341.36017653867,19027.09201598772,16,55068.832651706216
61402.08393252787,23885.166572055852,14,61953.40116625703
60277.23371236475,25942.75526252992,28,69222.50945060667
60214.24239497315,16231.184493523162,10,38643.0998473746
69229.93024797046,19833.8034482361,23,51282.47407391162
66190.48455348486,27397.378628699375,17,66474.86126902146
33597.00175685025,25602.512636644795,21,44110.541776079284
33801.94397092567,17273.766298589944,30,37664.59946977908
58905.345393817755,18674.038766406557,13,47912.87122571416
36622.691160331604,1962.1425921982482,21,19581.145295802493
33393.27309979756,25474.410122558147,15,43899.79962930259
63341.99109669335,22733.003867430187,21,58545.10919861419
43659.114546715944,11219.934287307387,20,36989.840025464815
60800.09408854456,23574.935041986962,24,66457.42394543337
59031.93935813367,20918.36459692315,19,56804.552368343735
50454.401471437144,23273.077569723428,16,43572.40741773041
63085.92680394684,22899.314216022907,17,61468.56073804144
57596.38192848127,19109.501574767608,20,47578.29080602086
63044.36289485808,13311.020484261004,21,48851.324587334064
29266.116937422514,17121.37724715598,22,45881.915193013236
47615.61535967002,17311.511628179596,28,44164.93412487047
29247.720899954027,10941.342281206136,17,26272.034154262838
45068.439414926375,20224.33548824539,21,45998.58801928203
34888.944389653196,23496.74676994026,18,53510.16034120913
35143.82702775076,15577.202879032853,25,39620.22027414366
50721.11458524954,21511.410682354202,22,50555.2139056174
74166.99266072258,22942.68811544326,12,57532.19659670001
55039.85669155027,23083.544279631835,17,51023.567161459265
53914.59751014294,15989.064044925202,17,50977.90539335629
28679.14628122378,31345.321675699455,17,57205.21958619187
75657.55899911892,20165.644096165404,17,56847.60330818477
53155.9363482554,13859.289397636425,21,37865.341971082045
66672.04653590324,17872.321174577366,21,55001.708908171735
43460.22940351363,12406.408482397026,18,44760.15611528362
59951.00499651053,17840.746676610215,16,49561.161091988135
28799.194859225216,26216.766414904985,18,51771.747716332655
54836.5305813534,22611.75782532843,15,57781.663163144025
61011.14732120583,27968.088938798246,22,68201.04102382303
75136.55006121534,20879.028166916596,25,53946.530084826234
80539.92386536775,26191.989592159134,18,64563.74338709676
62294.24989490918,13468.93386199616,36,40756.52769828981
32221.41893046391,14298.256179115488,18,34634.246441116855
42808.47259225491,22025.684550090085,19,44041.67834282838
43110.29603007809,24351.601029937905,27,61346.765727188875
68257.27471486485,23986.988010359782,16,58204.46827465568
49828.72559309628,14127.812654987305,25,47234.07646053602
54407.99235324809,27637.24610547408,13,68707.290939826
80432.26769140683,9050.956669182668,13,43249.098757237254
48290.99044526572,28187.420945796166,19,63851.31431029127
34780.670377159564,13353.900268108759,22,31698.215869087384
57942.96404688668,27928.678023058397,18,57107.77000530089
36446.7965299612,16816.744230416436,20,45591.167029015065
38506.095440395955,20781.73072554177,20,47708.05746216889
49675.757294508025,19519.503800566294,16,57080.38851866832
83376.52149235463,12329.476124278928,20,48791.623591116775
45253.87225266901,20439.650840750324,17,43580.68013205868
59400.254031346754,13925.8490670617,16,40757.09285233639
46555.96868590091,16900.306196728307,16,36518.94697518439
52495.18885309808,33008.4893328466,24,69040.6197105123
70840.84757193524,20853.306105129617,18,49228.63423979054
61246.88751841459,17979.417053992598,21,44578.100852672855
50547.94667537442,23982.29347171914,17,58539.63412474932
46096.26126946336,22828.030181015023,21,46779.53240548568
72872.05961776896,14737.874579792693,20,51039.7389174381
76384.64292708012,14412.670297209996,27,44746.13682794545
51357.6609390854,26397.034753020445,24,60221.78998516972
63306.72723259717,21350.44697683,15,52909.41166490648
66544.9051443312,30742.686328586184,18,71241.60874993222
39228.674285883564,10315.91130102968,23,31852.720512610493
47467.142236660504,26309.516783275896,25,55346.00739226838
61150.01985960353,22522.597484547292,15,60941.196790594695
54407.08296160269,14804.054768867096,13,34032.03859754593
40809.19374988019,22304.742486808645,25,46330.15090142162
41106.74866855543,13341.845831631172,20,28973.29616711638
62030.23120832097,22322.132000479844,28,52957.79032814078
36065.9295907504,25372.85349805501,27,53520.64382881859
44561.56030995082,19059.309791662305,15,35993.704576851596
37635.81116785496,18379.292261523096,11,44192.18249421754
57953.02033876754,15584.551153833145,19,50555.85383242252
67471.95153982576,25271.39864549722,24,69022.87856115664
12567.694809874025,20875.432165224895,25,31240.554056537614
34355.43982707652,18053.9624490422,24,40918.66440398822
44753.916216559985,27140.93160304708,18,59970.310915412265
63392.711973369886,26063.390837936407,18,66122.71092605582
28798.075480573938,19987.8629088329,25,43627.02649124189
61131.55834632203,20399.372325153323,14,47865.409727317245
72025.3522021893,25271.55428451436,24,67066.34321133699
51458.03099818259,19955.96265737819,21,52542.14742663105
55976.232617483714,12873.344545952848,12,41386.536919223785
49244.34481783924,20889.672793985308,25,54009.800885464516
26802.65281925396,23433.301821642195,12,53039.31484673824
42724.4790806093,26197.619376706178,16,54899.76191331945
64042.86266769858,28455.611973603154,22,61155.783947817516
62612.68280152971,29953.060264553256,14,66712.2125570728
60482.7434822116,18445.90761237339,18,45067.009941953096
47727.71503130291,20168.271267855445,15,50802.69142038117
59978.20913604171,11513.346149299035,18,44816.831413252134
50846.97632104739,16511.67243992663,22,47905.50008400024
24363.942278293503,11489.388199084231,23,22785.09735912996
36734.83799376732,27490.57123175334,19,58865.392981502686
40550.544765495324,19969.094830000726,22,61789.61529493631
31061.296837355225,20828.175733340802,19,42085.88188968013
48694.33509360557,23943.45294793824,21,54107.73229598349
61158.86193535714,20107.205080373336,17,51942.07384791847
77558.57342523967,20788.777199576987,19,59919.089884377485
40459.48923887169,18222.631886428895,17,39433.423596363034
40745.34902741564,21507.562956924816,35,57454.192105506976
63843.27260833052,26383.576566315543,20,72452.00339066895
40307.04240566916,29447.763122942124,18,53860.70266518625
66822.78270875571,16523.274047877654,19,48651.15110041211
50371.08914912126,25231.180222315215,18,55951.242717072804
45135.59810122202,13370.167973820618,19,32998.83919386891
46591.602798229964,13365.302134458976,22,46329.95010836125
76249.25651901613,17676.54246512303,19,54323.61491347621
49060.24348077977,17362.583726643225,13,42273.871395682516
30953.480259360123,17975.044508260366,15,33915.976699032086
77538.9145795254,18271.160606452777,24,55975.73709776371
61808.40995714214,22752.145092613864,17,55974.045947186605
53302.60679752886,26787.65909848414,16,64226.289503511354
6486.344458242995,29164.936925853046,14,51031.73181098822
40368.774095394096,23595.7867047795,21,56576.69785256013
48868.08240138995,26361.887452879135,21,58688.884789151576
30262.185328859847,15711.157710512893,19,42202.53571509322
42857.148641648564,24055.58222579259,29,57211.96566133172
34515.900634034464,17108.89239422181,21,48155.58818237561
54676.39443147889,25805.647835502303,21,53804.391336898436
62529.77735033349,22084.615961254756,21,58694.75337965621
61518.03651092679,21480.49613561723,17,51207.35342757996
61431.62726955183,16500.20405669027,15,46233.30374861928
40061.483557725136,16979.232977279036,13,44328.58784946956
75816.6618250627,12481.81935971071,16,42891.81768634672
54014.972988733556,16987.58813338504,15,41850.147030316155
20501.17334295194,16228.0973684704,28,43200.50768843695
58452.36576351726,16048.175750176883,21,45371.08035683652
37773.053396768446,18040.1192556429,16,44520.394900377236
46359.58939553728,30821.106237414995,13,65148.17183192248
53960.22486246978,27903.59374656069,18,62943.96528702161
55994.52946442504,27281.79471123996,24,61383.53548469706
65962.274069835,17396.41875512513,17,57807.31342534862
52973.057661338506,20166.501917979807,22,55113.268770138464
69900.27724360523,17956.96543830528,26,51502.19722749437
43837.20857194377,14010.694034169646,20,32424.86356274293
66136.10571832146,19995.159747780654,22,48217.206395214365
30650.711794322437,21294.665508393133,16,46817.91109012577
30483.287374324733,25514.355173004587,21,59042.56935096011
57451.68908397121,20593.872074466213,23,45251.24483952441
31769.615045880364,8020.184994631514,18,14271.830708274038
63342.45817319189,15743.57652689192,18,38717.00998605277
55990.76239357439,17260.19718607315,19,56506.01667052263
65248.36838806558,11676.474263637228,17,43584.21445637292
60595.133893959886,17183.634253340082,14,45356.78789253978
66853.44065592514,24566.637632950773,19,53594.472783489546
66150.94354151584,17292.72806871813,17,49335.13501064885
53509.069346785014,23730.593002642807,21,53279.641223103514
48799.002212720865,20406.221205767153,20,45191.3762713737
66847.5450358931,24528.27533564277,16,61380.451466138
76834.73276504592,12804.072925752405,20,34346.42560393736
46120.54394482361,22339.093484989666,14,55311.55581352646
67041.30372609594,16507.582213179707,12,40772.83714905639
46733.06711416114,26480.24545032236,28,65595.01900994069
44924.85932090668,13595.115764965916,24,26694.901924402722
59195.475102648634,25473.853834975995,25,59323.37309284355
62221.197935707896,20018.523704176143,21,52055.32688424058
58848.331093486035,21658.29962116141,17,59046.75000181953
52459.06912393413,20642.260863558262,17,54777.53675339291
52896.68878952458,11152.912129888859,21,42435.79127126121
30791.26624946047,23221.50195953366,26,48865.25553287376
51878.63823165531,19050.6686500646,21,53812.3419779963
70425.92673841433,26646.91238100958,26,61567.32348483185
67430.76291426024,22881.33994902936,17,49741.72615444845
41069.44088829642,24496.37171184107,28,63990.0502089814
59176.331905058796,19139.438312107475,19,53406.82851146011
57530.92082727817,22792.407490054888,22,50216.12486996422
75471.87432627258,23766.771202673543,20,64785.38614294587
64153.979350110574,25266.350643616264,12,55779.71866618067
55229.11440467882,24342.664426058134,20,60904.279914125786
60513.16425445951,26043.10486249725,16,58351.6287491425
39915.97448383867,16257.066861333791,18,39190.50823858714
54671.925830378015,19628.30552809227,17,49296.48233587576
80854.37304562083,18092.49595331554,21,62230.955053383084
51218.70939641874,22005.120695930385,14,58570.555493192885
44541.084149156064,18926.512706441987,13,42658.23836447764
69334.2893966106,16409.121862285996,20,42143.055330635056
45233.31945673896,17395.275794183577,13,38734.86903756946
36625.70151947852,19394.257814279285,19,47026.97773598012
73316.46918703004,18749.60844689351,10,46035.42132126728
43473.04761287877,15327.976660214023,18,49922.43381113418
49212.93217728695,19926.70148512857,26,41733.73140223731
46690.38708123971,20588.832850183142,24,44659.175897567926
78916.04556011283,16708.266979884153,21,44806.878437539955
19929.52587749294,17383.320387989323,20,37512.11029439138
59057.55415385838,26978.209754740372,15,56965.94970839618
31190.568979862885,11685.632237946382,15,31380.234677649423
66232.75906546052,20567.477274469,19,56539.359428327996
41979.28910605951,28447.81826648149,22,62398.95029049534
46070.3865803007,18545.119477999375,21,39663.08181834272
46364.05050627917,24289.929358989382,23,53327.80955432882
51549.43468028315,12014.837888405602,15,44610.469372483465
35996.63133057711,11035.181413406546,21,26656.60796969944
66117.060559126,19905.106143564648,21,50444.30119990839
40943.599020104084,15591.143196349876,31,40764.538417631964
43773.68311056841,23101.96070807742,20,53426.39942602669
34931.409190053506,21809.016959442906,21,44128.71287334109
65385.53697208466,29021.813826371876,10,66311.6237719976
47370.25700618099,23508.346086811005,24,55534.15577406572
73208.83296508588,19176.521884991478,28,60560.79365439441
4114.606777309578,22601.239895761904,21,43313.78229320153
62231.5794010411,19456.425148868115,22,43873.35806275601
32192.513334052393,13425.719069266444,21,35598.25213740925
39102.47018866827,23800.841210154824,17,48438.908117978164
49953.25219502974,22711.072902469416,25,46936.65881406484
60014.42808133528,16466.255598122996,11,51043.246893014286
92379.56321833807,27771.08727542469,22,67266.07900976809
38826.8183815734,16580.70009738204,12,30753.09562598819
40050.570694942784,29112.036001139903,16,55644.134103269
40519.33603987578,19447.677357955665,16,43332.77801006264
44130.48881568012,11711.094602868683,22,32828.63243529702
65644.49177893769,29403.21536431195,16,79229.93664626179
51297.28381433246,25281.162461151012,27,56871.3965368326
74853.0626712419,24831.52749048848,21,57926.42892996513
70523.45139243171,6858.67525399489,16,37510.666715918625
60502.4368302277,9387.871860541834,21,28051.269065373577
44835.71122684516,25139.336128733314,18,46874.13688004198
22932.525989431175,25368.949052921624,19,54613.10069808332
48546.06783079585,12838.736695658326,20,44125.62677978069
38641.571523747334,22215.70150145042,20,43006.78237020886
49069.220455439674,19728.005944724326,26,61314.51781006258
45251.33033204793,14002.183118866014,31,38138.3209064052
44370.272111044054,17548.666630125146,18,36479.174707271726
49810.45978387572,29326.74301274606,9,62952.56145072475
23787.958351510155,15639.707141638595,19,32119.279209055567
42475.17264481813,11305.999204951686,17,29675.798332368722
69039.00309201566,17639.283149051713,21,46925.23820473155
65127.910939982365,5092.736707917913,13,25475.99898380712
49702.505657236594,18659.368906927342,13,48304.804766617824
25109.981628427482,11805.489880264271,20,32850.96624579326
45500.399969526414,14586.512388874798,29,41423.406859875686
41851.046646868235,21254.33869993076,21,55610.37423429905
52645.95971217549,12498.799636094605,15,36086.77085880874
52322.00788900343,14860.260168752797,19,44663.52596262007
57415.309757802745,27716.643470409726,23,69036.98166621324
29091.433510760733,20773.980502526607,26,51603.34159906255
21780.76423013875,21344.538220625407,17,38590.48583014357
43450.756984601525,23185.251507447214,21,51573.75175940063
34334.07803461524,20097.408103769005,17,44694.625724822865
52879.73054920256,24884.48676296806,26,71062.51284116447
50994.10590976846,22971.380118345318,27,55354.41858314691
31274.993849200735,14714.092102509143,8,25283.22140139628
54247.78906837817,22019.957572820636,21,62310.86284861117
60374.39190112894,12227.872663806145,25,38099.052993196165
74110.62222766176,6177.489521434698,23,36428.77434378692
32981.95434309009,26529.977273649172,6,44048.57008343054
46941.1080932344,19252.62223676567,24,48908.34686117592
41047.321070761864,25513.163222857933,20,59086.41565394254
78435.64937119326,19842.180261886504,18,51694.09939017203
23626.83993340892,23209.89992126888,17,50613.437025920335
61234.224236184,26164.640700815384,18,67667.17059005133
43842.28313600021,12664.335743783318,23,40161.4091468697
34867.62220761123,22136.858148722935,23,45707.26093160804
47001.600940912154,23432.328412133505,27,54028.731857897284
53101.19017298108,23022.15711300688,21,51210.16146493952
21910.441492880564,12386.792817713591,20,25312.893673982293
46007.52175626014,19711.052571313674,16,50436.79109313213
45280.48217720767,23626.430556205607,17,56637.31348523599
26174.615312573726,23142.821207277542,25,47509.07622745244
62398.94825293457,28858.905114613175,16,68977.1565485987
34832.547734651715,23016.0194577277,18,48684.00257050466
68906.0015045301,16294.868290485727,25,47664.180333582066
41306.1023590092,24865.09847233502,22,47459.08077891753
17759.012972289976,24929.65191432664,23,43209.09304695225
72590.83372320991,14850.174205956051,23,49405.85309858779
31287.383192979334,32902.00505574532,22,62280.467380778704
40903.98841989494,32994.8485333068,20,60452.053292060795
39213.20898965734,17113.945985841976,19,44159.84911736585
41752.36864734153,12479.401680906301,16,38260.967577193165
52387.1846247816,14288.047702010525,25,40712.02657732413
67390.56698578129,13622.815743518917,20,50024.081358223695
19699.296147945894,12742.622567640128,10,18316.06002140801
47080.74732002108,16693.098833927193,23,47277.31606261322
65479.79477393643,13932.091267747033,19,55614.70242926062
50682.58967049203,28204.51685377186,16,64407.31913876052
54420.50956882149,11367.6959470062,18,29895.154528054227
65885.7683169674,21603.961079647328,22,56947.44868143154
27000.776997003348,18323.229605259603,21,45687.22762827724
52512.55763483755,22059.07192015988,24,46311.704968601574
62258.8223353894,19372.31566393563,25,45244.83603540478
56693.892263500915,20738.01369348495,26,64049.951424467625
41073.96611875231,26313.420283928208,18,55016.8271963425
23092.973004135623,17062.90612265314,23,33570.40972578655
54353.23389031194,11985.57630786786,22,31478.325706835894
41429.52261168905,19776.019552011814,23,48396.880717931585
58916.86654236537,15836.529430265504,14,44272.35020234412
38054.029339491746,21827.457752646304,21,46657.23210443909
70688.7720778998,16507.295572156334,17,56906.74515450241
65503.77948590886,15912.394546353935,21,42923.57314078037
31164.434278642395,26688.0720749868,29,55772.40030362003
74754.14852275755,30812.560863397004,19,67152.3948426335
29913.878401387312,15363.197343069853,21,37306.314112673324
59098.358507075485,20225.062544163073,22,53834.179117716674
46238.777023675946,17782.37711434601,14,42824.622121947585
48044.75208071036,21687.009354179263,18,41395.266829056294
66393.14773659542,18181.394801368508,21,51748.159789003854
55427.311107057554,23417.01150613881,23,65666.89487441814
31223.294480062636,14822.7051929,20,25197.289751843593
42165.67574395216,26203.128874395014,22,56118.202921984455
57150.33607720278,19228.217076320645,17,57848.29303194023
66070.65152069519,29007.22164269394,21,63129.22601186976
62738.39177804559,29040.01874163263,16,61711.299201098445
46859.751858491065,21118.345828995025,20,56916.55207292765
44672.84811632642,17986.783751997613,14,42019.152559343005
80008.86726535243,16842.75370956179,13,54383.114973826574
63515.79610628012,22161.675427197562,22,56242.98496721976
47077.28679748308,22541.579120229653,15,52042.694318970476
50512.70813056317,17969.64464590582,23,58039.65878593467
34225.317831533925,15534.366394474875,15,25406.725802303663
44900.32810931943,14537.567602257577,19,41123.79076657549
41274.799296658806,25727.233734877307,11,64235.46470123684
44319.3978364361,14043.204771538498,18,38579.35755065362
66708.86084206987,16633.62422961788,20,53213.428345718334
30841.800920584832,20506.324336461053,14,46655.937205027316
47113.68180607858,24361.031607322733,12,53989.35437475991
35803.19880361995,21401.783126446968,16,54176.430961866885
53825.57492315144,14197.19322987205,23,40213.690448571164
70265.44163353833,17518.166745940205,22,46832.76702663019
60695.62497622908,16296.112489364212,13,37169.507825278924
53344.41249861036,25241.35003807874,17,52704.98250009221
65155.055746808845,23981.123238894754,24,64798.66632685064
63508.949822191644,13899.746232187956,25,45888.743258404334
43544.870593209416,18773.553491973347,26,52230.94003506774
24361.561336936797,21000.188795863607,16,46988.732905389115
67462.66486436913,12715.205278477937,18,37130.95472995016
32363.162380965936,25111.727867349262,29,53357.872113210884
32552.442891722967,21233.311895879408,20,49931.80012064925
46000.053481033465,23543.120139257706,15,57653.34586960384
41261.74535820977,12664.585678749274,27,34680.79046160375
32374.30605010259,19965.13815452078,28,46759.57816789458
48698.48774859648,19397.02540928521,17,54489.70407647359
45599.81546302495,15267.449373385385,26,39535.036915887344
57257.26616476325,18730.49235463135,14,47867.22786065092
50211.36864328237,24530.9124031056,21,52380.39869466826
54823.88596842198,15458.264352894148,17,39368.84643275255
47731.13109152761,19990.058272694256,19,45889.1604276717
54985.03576043087,27593.099927389216,22,56828.49551801925
43775.54713468446,11593.86587714212,26,33392.306520484286
48083.01353374913,19836.52867107422,18,45337.56232627871
37224.12796451462,16714.90109999111,18,37542.33388116576
36902.24949897018,22633.362758045547,29,48976.813636137136
50733.69723251483,18761.895310859527,22,44480.42240202796
77470.83154978836,24912.86465642729,17,64917.40260187635
56415.25135537897,22334.043628608277,20,61310.07780978862
42643.01283826655,21032.05203328702,27,43996.07631099825
27950.008225533944,24011.81908044531,26,44243.75644454814
60620.10942586161,18908.08436466295,19,43842.27873409167
67237.26923801778,17246.790474481553,25,54645.79706464656
57684.92901747694,20905.861991880756,19,55846.57724858636
56843.99339972616,18020.501137533127,21,44109.652735846925
28829.83198741947,14330.395365236644,15,39152.196970241326
51879.40554155812,14680.727217632733,20,46934.89838393482
41140.50863630431,13716.968102786966,18,36955.80219940247
59187.209207553366,19822.903326921587,15,42302.39975665056
33894.94426047276,20094.33426792103,12,40075.01084469155
48925.39684747628,11846.604483514699,18,36373.1844553541
61242.17872697134,25279.934217843977,22,58522.46614564131
39179.242278736725,25564.97398016741,29,59406.37969983407
44410.47017072768,18978.76083865499,18,41036.510833096945
63050.059644915265,24378.616821351734,21,58863.210264829955
76446.79566687979,17772.439949445725,20,49634.818622076906
60836.65087625738,12182.076352266999,21,34558.58353640629
51107.87768711478,19338.907980438948,23,44303.7559722178
40719.7854167769,18102.236956866433,17,44062.47573510156
46580.418847192705,21292.732516635122,16,43152.17229863847
59876.79302789754,23519.731581892996,13,62212.354785722666
42259.58134714376,25512.75839172881,11,56400.45208968657
43174.2274809837,15048.802004928351,23,36892.3389503877
30730.164421211688,29899.656557619484,20,56525.703583880015
80285.21208928224,15265.517498548077,16,53507.53559446709
64517.08684552475,20018.666851643655,19,45336.80488977373
44035.7289190678,22053.9297693398,25,42626.89716785579
70347.91871243168,18856.681801780775,24,51148.21378364952
55851.738851182534,9535.229710621243,14,28025.981071761336
36205.97856722689,13749.064747338585,17,31292.51988039566
41866.23273364904,18309.25655841435,16,34448.98313434832
34885.87972374865,21049.215391373942,18,34456.67003960986
55120.26371386142,15082.67204180701,22,45074.34973690571
82317.56436524366,22208.516145160207,23,66177.59268477709
49905.06651893127,21956.81580591038,20,45056.75439362231
40612.614444092615,23148.272213370485,16,53862.09249324703
47491.503103102375,19686.797941967052,26,53202.49639898611
75500.34864473349,18111.64402491754,24,52813.69551652871
61283.04895839685,22257.789061094758,19,49180.37955366065
52491.273145808926,19309.072089692774,23,50632.00838683639
26463.477368166576,26350.15771270915,16,49472.98588077976
53560.217187898954,14523.533667994787,16,41672.27038425243
39075.42094021946,27720.295747144417,23,58464.69384297641
70927.05050423552,22919.249168391103,27,65848.18460820866
35341.93516665547,20098.27274246918,16,43820.63140203847
37480.663055486715,20891.156597214333,24,42391.26778551187
58636.93886876614,20303.465268856384,24,60851.04178307438
51202.405176211905,19724.269256325184,9,48254.357955241976
37886.515246066076,26289.209232091205,21,47161.20766481286
33420.2948529523,27475.790067227557,13,61926.96071403096
77426.19141583332,21687.712429904033,25,61097.31474250274
48708.41244552262,22806.44755242144,15,51548.9935691467
51578.31552212838,14466.851769107601,24,36822.799316513876
51656.242282192376,17158.774932215878,18,41467.48245976844
22347.729912619834,21894.404789933087,14,43992.82614516303
62777.09029607962,19535.8437574798,23,44335.37002719774
40576.65616246586,21879.888376175855,15,49745.62322238221
40450.79326572135,13632.489471872295,20,37947.279195576804
50774.32847628898,21354.92006922151,26,46122.74823889626
18180.518360740418,30307.730796861666,22,55884.0028345743
23675.042278091838,15638.191979372534,13,32781.9005181261
62611.92350456101,21480.604372900318,16,53004.36519712092
59920.49480309546,18038.43028208352,19,48595.43006787658
38002.21217570003,24435.107889538824,17,49850.3797036533
66715.5383328496,20879.41321714181,16,55471.91056973822
70320.76695917622,17749.272107894005,22,51057.178364731684
29718.60632003979,16300.461394872727,19,44829.48908157923
55096.042564608084,22301.823724428465,19,47305.249695959996
42122.80957774416,18030.766073414856,13,29565.566939281824
13287.842353849912,32256.903246431764,15,47167.37475258573
30170.17333654647,20918.40853344267,26,36686.30746950325
55421.03943453525,22430.448769965973,22,53612.83181428083
36186.750032873846,10908.318004755356,21,27337.030781449837
66556.4684603343,20854.853824783175,17,58811.25443299296
52777.81946199038,11904.442128269471,23,38396.55325039379
81829.24164491537,18777.00356440817,21,55124.668087832455
25898.8374914718,24445.095748503583,15,48731.87395103083
75589.34853151682,28428.194244883234,18,66401.80237318808
66116.0236857607,25797.35376859364,16,65549.17641665637
47595.605420316904,20774.242335226845,16,40220.566757836685
71727.00731412169,26416.334042523475,14,59674.48287713241
48216.479565401845,28936.599255494148,23,61842.33095229195
73661.41431720133,15059.632706374377,18,49208.74932152459
37613.62258688597,25538.360981334758,11,53802.6487312469
52474.128093119805,16243.181270498664,14,49239.980055101405
48415.2964437886,19002.11065603971,16,47156.57600631632
30660.5808278894,22130.10253447867,24,51081.465636415225
36711.10950591825,25997.539347512724,23,66493.4561370886
53268.56104915693,18893.739470882032,26,55265.02890318708
47217.20802709718,14575.279476172389,23,41433.41975637141
54756.21259403033,11233.417641207621,14,30115.169379645922
37255.40954801302,18469.879829887264,18,49261.33996165012
34531.74260631885,27098.059041846776,23,63468.72641365059
41646.55939190756,17411.845609092965,26,48111.48290140286
53709.23200660336,25609.143308784955,18,68367.96447137048
46845.2517873149,16114.7398457948,20,42448.220405852255
43572.38676999243,20462.846613057718,15,47916.6234870199
60145.08377986082,21431.803695387975,25,60360.2777310242
56692.90835013766,23892.23256606886,21,58027.795514332975
56792.09530233869,14655.776427674631,24,56991.499398276836
48857.35667195908,18443.377238503173,19,56304.70924713458
39286.69067537576,25571.16527931159,22,55011.74459132252
31139.97015386776,13084.007453020284,19,26543.31861159603
45146.223985982215,23409.928974644867,19,56220.119970507716
51673.457578672416,13781.659637750232,20,42944.47097350426
63060.90005179055,19154.496975948412,19,55080.62980582722
45690.56205319115,20262.336249881246,15,47997.92554386628
32259.04359789638,16612.552936664764,11,38460.07777023059
29669.141179667076,23917.285835665803,19,45437.018045957
53083.37454602994,20772.435447032985,15,54583.059825699034
61983.0419931992,23108.998596548743,23,44071.24298431704
30148.85786110819,16681.725074892707,21,39765.87437590607
67338.56386166722,26513.271500293326,14,68610.7077675139
32732.13551608409,23882.797897350792,17,44841.841442058794
39319.78469493721,19065.585277101334,22,49024.861507490736
65366.66493794013,14021.761989027491,20,44212.49936596347
42761.38759534301,26829.97480317949,29,52595.116842084695
47852.39491906294,15074.208623106268,17,30114.189908785884
55933.7187634477,22137.35324993238,25,46715.55336129084
67889.94978587082,20427.594978928995,15,54578.624496770535
48676.55430537999,19585.835928734923,13,55836.422548153125
51651.83114982433,14337.616799118321,20,37116.996768967176
47450.166926688784,15116.677961223802,18,32836.73986455942
29107.99710010361,27214.28750541096,21,59514.80485478182
69266.8378905146,21409.42235159349,20,51611.14398674653
6082.731027267837,24820.19398855771,21,36059.599439685146
54535.4800196175,8814.56895321661,29,33539.32687508327
67204.83568626369,17602.204113958334,26,60001.83973196815
69489.03632800156,24054.857829078104,20,58122.67075597311
37550.8187213681,16827.11370787041,18,29898.891061348688
55983.56269983479,11031.171747903703,19,46301.18556932505
36984.87281994787,23435.71921853094,20,50584.38634729358
39685.84890091377,10225.482077269324,21,36209.03774580014
67142.80613374613,22221.77359041854,25,54703.65538658633
51170.99147465644,21167.72091392106,19,48850.20054012309
53916.2956314381,18454.414051029336,24,46488.8714674318
62855.44415815704,20200.095445404393,23,44322.15965818484
66032.3185946522,19931.520535079973,19,55540.53078819806
47283.82645478979,24096.999505339794,21,53244.02124718841
25041.384794888556,22486.54859598624,24,44582.90372032685
45562.591618850245,25149.515362058766,25,57729.56954056403
59276.34744983651,30163.400077816776,24,70457.65116878104
26524.355048289744,15971.562537365387,23,38407.41797162243
42600.82554960554,19304.589416746134,20,43597.277604740535
43866.75634891241,15825.007452130405,13,34415.782426293925
53550.38870864772,26188.64168123138,23,64579.30924472461
40418.878214757984,18916.6467851863,17,36204.43748373503
50666.63311278662,19147.79183383667,12,47370.56847703852
32772.85767818641,19760.933651770803,14,43086.42086180006
57162.33259712754,15899.394285594493,20,39348.994341804486
56397.431938071386,8203.186832710398,19,29989.492495684834
100441.24403869685,21437.940995037905,21,70402.83957187553
34897.70491558451,16559.78203633657,15,33609.376300252115
43792.37154437379,20310.717208766728,18,48983.297785561845
69670.7391958617,31860.76382555846,26,68375.71589899513
26044.590100546004,28340.28541443841,17,52351.35685113733
91219.85210780735,18623.522821843286,19,56352.91443164302
42555.91168758437,21695.24218625993,28,53037.92095886898
27013.557764096797,22901.28531805479,17,43587.71644215793
56483.63334878434,23632.00191747257,13,56370.461072562255
50836.383553367414,16587.3557014791,21,37183.30007662261
35041.2447530331,17611.28574306005,15,41008.13210267462
40070.901822005275,23863.190901484486,17,50198.416214585675
60178.90196743618,17503.55141993216,21,42780.66241355222
30304.305209296203,24752.87948540212,16,45040.89988635425
59829.4867914906,17218.57253900732,24,47974.82513006826
40014.71393054281,26019.611465014892,20,50955.17813967308
89529.81769796419,17426.846678956696,16,51610.39449136429
72970.1510046232,22271.844717691212,26,68055.32783021622
30791.45917190682,24434.221392288768,27,51474.67877977612
43907.35463908364,16795.212381401037,19,47808.30078653783
63409.82801031931,29166.958276498444,23,64041.51267223285
5805.966083264058,27934.812758501765,19,46455.06265015409
36248.56762905525,19759.3369937826,19,38053.869257874
42781.97781628941,23240.778343738704,28,60260.457949196214
27054.852511719546,22405.964749709077,19,41412.76996892621
50227.7435956442,19299.817237752624,13,49179.79169093611
43749.65985229801,11444.066457863142,14,32886.483533490034
37430.538633270015,18392.73759048833,23,52163.4903392283
70962.88018645495,12940.460745651137,15,47859.40578912159
62690.305823073264,19403.95532247825,24,52549.655919620716
62483.64418012657,30953.073925722496,22,67152.41183002989
50472.5973443108,16838.152932503468,22,50916.98234943723
54979.7780523486,12961.923194753917,21,30428.889889597063
75723.1594015943,24365.31889997175,23,61580.48854315971
32312.945450339736,21036.908797682223,19,49329.80642507039
34614.21662772713,28700.126301489952,21,55130.578396805024
66521.25366562216,11134.799447823896,15,37649.843167604275
58076.24642143022,17536.990426375443,26,54389.34590409395
41378.4705323537,14394.562922570705,24,50832.475098145725
56765.87348499027,23431.317498106935,22,54734.76504589363
32998.56883595852,24288.50883777713,12,42874.71192878896
56055.962770717066,17012.72996972143,18,45886.50311204555
39818.82056681886,22344.23641898312,26,52025.71478285833
72942.50316635187,29397.824236876302,28,70913.6432978435
54764.932075961,18078.437720042355,24,45433.42368277642
50215.77732736293,26870.839336316407,20,60158.2703562722
45742.30372651789,9972.331058581334,27,31758.557778529896
54598.65058133878,20113.29800292442,18,44496.67276943534
62831.9146761709,28093.110405428983,21,63878.21011239029
45868.61128725903,11989.322203801932,20,37188.75421963701
79580.65412932058,25628.86342111144,13,70501.88728843819
47658.68822450442,14304.46406608541,21,47269.55707602523
58277.060242694715,17539.626216561563,15,46421.709155552504
55169.02596407505,17699.949616529844,27,45007.22736278153
14767.128716659441,17905.75508775285,18,35483.395275117844
65499.53915690763,23767.2965595746,17,61098.985128889675
85588.6517889183,15304.829780435903,19,44537.358701051286
56108.94226380437,36248.15169697309,27,75206.60199917147
55818.91257399765,19458.41599725552,20,47726.242502857924
53957.05516426059,25403.419261948897,24,62600.54799328474
34843.360731977766,24626.760600768648,23,52870.55040682382
50661.83899358661,18615.434606543015,19,47206.668533721146
53213.615676398105,20812.58310903645,23,60531.24179118782
62040.50564750299,18123.978100608925,24,47578.492980846175
56269.45544724426,21915.13150987859,27,52323.66306808437
58178.250525828764,13707.086978930924,21,43988.43704141341
44127.5433428213,23090.83584897873,24,48833.15070065438
67165.67161256858,22627.872807962573,23,59090.20649053449
71778.80923257681,23232.825078946265,18,68833.0741330867
54601.06107255112,20991.046586410346,18,57599.18953345642
55402.46113376014,13598.049167018678,14,34849.563215526636
40329.146531217135,16036.09776432629,18,29570.172424212702
59097.95454486064,22656.893426609964,14,44066.238110054466
49881.54092445373,18220.54190962654,16,46799.26711062362
43076.73664321819,14935.443941992107,17,34724.57707423472
45245.3932463789,25698.693310751165,13,53435.269841519046
52091.655153669104,17374.690472593888,16,42508.482364182164
51650.08933388431,17708.505409986683,25,46689.932454081936
71070.58778222062,19197.769546881562,21,50200.18165290986
41538.738489632204,22097.966588515043,15,45147.217778702194
57319.631794586596,20607.562108297676,25,64617.258470577464
34908.638616402226,26377.09194386623,18,52752.95827414738
34289.96157231347,21615.521473616012,15,46016.08042024607
21940.382733145485,22315.677128275664,18,42626.32141064947
66197.7304493694,15929.621283635184,18,50382.61246920481
64362.0504634008,12775.760012729284,30,51183.68481131227
9635.972129799688,21819.501899975145,22,28106.419693049946
52440.28840321119,28724.462274415866,21,58642.77265840634
43451.04153833159,24211.042817807673,23,55638.40521374325
54417.65936266177,25895.4551697212,22,65752.87669991163
51418.69136209874,20689.475306789394,18,41506.41411286958
46670.11841875061,24786.929686842886,23,52515.1296936148
34248.29138228198,24471.099100220064,23,51784.5297081724
40182.84699808425,18342.474485856885,17,39778.6401416956
40100.329087451115,18212.585143169017,19,50207.06216698884
44220.89033645051,17431.357739555984,22,47066.1338430937
62117.863194623525,17176.276145094147,16,55444.66355983298
76021.94423014874,11298.587556861718,22,45850.126440207845
38242.807351479336,16136.055081540318,16,53430.93028615754
60046.317116572856,16302.849894362465,25,49937.815871750056
20417.602317829074,19152.349910641,16,37854.653305448934
24385.044175577088,27782.282433470224,11,58958.02224460918
52457.151993215644,21811.337459878054,25,52750.42513628438
61986.21661304364,25554.99383683563,25,58730.39633176492
57788.18443538467,10444.785361431164,21,33406.256857871675
42622.85327717559,25549.040171804063,14,51776.16080471471
69970.26777174331,23126.26627803339,25,55542.96861726977
41086.30841269257,23546.505091746996,27,52013.30057431903
44473.32329773457,19118.925054895677,20,47357.64725766047
54347.39076984808,30595.210097509924,15,67893.82392416897
56991.995565237405,22919.775474831564,17,53212.49772779863
33169.4730392579,14373.551750156555,19,26118.01625833376
33696.82154073098,18188.819077447595,24,44034.84199797107
62520.12558033074,25016.0911501162,19,60431.034392078385
43838.17501631789,21450.374145343863,25,43928.070094290626
60762.1301450715,21112.435948112692,19,50757.367970386855
31496.289774785248,25092.36522338745,21,53784.63300208912
44347.38213036177,20916.88489222661,23,52845.507527240225
66781.23176930005,27673.69371544616,19,56175.70503210281
67435.37125644049,28951.5522291007,25,74871.6031058872
41948.96213086146,17685.78132563499,18,46906.21070870319
18486.54999668782,27008.338949324912,18,51275.181202706815
60153.77740978528,13761.390633182238,29,40929.94506728403
53335.61342753499,19831.07863389886,22,56369.45950810059
54987.95347196616,19835.082283396554,8,43046.48928461857
32346.803000255073,23498.87189663254,27,51488.9678795315
48340.856436696035,18286.521027327166,23,41448.24096687334
51517.958756349224,19865.769363272262,16,43556.78241344601
73373.91104939836,25960.733864401445,12,53816.107741888285
68131.59410167766,29026.4051832283,18,69209.26230630757
66140.8744880703,26046.631618474556,16,58753.538875007966
53495.99115526823,27291.687817582333,14,56827.62966676746
36965.12840314675,15407.238037344689,26,41386.505039374926
46591.33457043938,11915.8861634149,26,44499.41340719187
31110.25574225517,26002.953078394556,23,53031.71137560554
48398.306553311384,15861.64933591344,20,41336.88980257047
37266.75280428079,17261.32091932406,15,39410.81372552262
49859.78194527674,22048.400848208075,18,52457.7096987549
48769.86308925266,22204.99218282992,18,52832.18166694255
35750.850046128995,22969.24548246958,18,54165.58710980361
58441.232737327504,17775.43065312157,23,44268.13010315878
30900.053380874924,18704.965633721997,16,33218.46425599944
89506.95198235138,23168.5315122792,29,63951.32712648249
68615.50995591763,15883.96658365669,26,47566.67796924995
32014.43848109853,18088.018572811387,14,32750.068497101263
54064.94122636877,27793.34401708928,21,67805.9226779505
47657.65512125371,24452.35302598695,30,59921.08988907234
47916.31849953611,18017.317754466585,12,40355.845756517694
43037.8969293415,11560.957585517619,19,31591.476155599827
63850.20079851603,17389.99594582707,17,40769.778887466164
38244.53863373089,23063.620089857035,18,40203.66329544695
66747.80057287023,20651.085347712575,20,51393.65384554528
73670.30676911469,20513.715382758273,18,52790.16060560652
37035.3517396431,34167.975398990624,14,58985.270105671334
62799.225077119554,24580.878827092456,21,65630.9662045156
60868.67123537616,26144.11402504881,17,59387.120637804575
21002.79291277197,22355.28179981268,19,39990.81866455831
75474.7349551852,26368.389651555815,24,64068.744147696474
42997.775933199155,24155.647096351153,20,53134.33369473506
51976.60912391636,30274.177611433697,27,59579.61642003062
71214.71701159174,13114.118083777706,22,47886.53037083299
61688.39308825755,16461.68312834841,17,44054.74096999658
46990.42849571018,13456.684401904538,24,40928.623757599606
62056.82119429283,17936.250101440135,20,46584.17966994858
67388.22477519697,20591.626115692987,24,59021.42179708219
50651.63994005327,27017.303902551816,18,64341.22493381165
39639.424049674766,30878.598555800352,25,64584.158637703775
55181.44373488376,20592.668038694923,20,46021.11407484919
37781.40325819629,20629.10626148268,29,35293.17522377887
65800.80297021942,21611.13200675324,26,44763.09652267617
36725.38291449103,19648.355627093766,11,44239.87660716542
39235.96766330082,16659.6306154421,18,30943.280978844232
65000.90201408855,19846.471537030215,16,52281.43633722692
50230.29142461648,16963.010211983274,26,45253.49040358822
56569.740997070316,18991.45886260523,19,48468.46134977747
60218.378023029596,20588.935950009985,22,49278.495709290335
39524.19583671388,20566.56278735928,30,43625.20521135074
42717.279917226064,20348.724468073942,18,50968.572689581226
72053.3076628873,17644.44751313482,20,50832.41298756281
59831.84103786805,23634.05987393639,27,63467.31166257404
44619.29589566543,25196.925467458626,17,55356.47730155558
54207.81295672024,14717.685681115257,26,42604.189468304496
47220.757616674935,20008.439148957073,23,46341.8842738458
63048.50274399895,21794.489533624794,23,53211.07509834873
52586.83971263978,21260.916409924932,18,50492.47269371867
48405.34986042864,21464.319251224922,19,49464.50595062885
33681.408682687004,11434.398987196393,15,32354.708186741085
59727.54290113686,28722.168710195758,17,63539.482233505165
44882.80911036753,19641.35164317604,21,54609.19256867087
64723.621563044435,19570.628695955333,22,59042.98267878338
23629.36397293462,23901.22061603402,26,47282.80992119233
42302.20515755871,12373.671955814681,9,31580.99912309316
59307.52051615868,18955.731660399444,22,50095.72284152822
49880.1853174967,18121.557008225696,27,39531.970625673144
40712.56159131776,26111.03309366418,18,55494.942860222065
67187.44104386563,20462.730312698182,21,48781.46098416394
64397.087148655715,16138.730967781168,17,40041.62371471541
38518.50512517502,20329.19675719237,19,46461.76930284954
47743.81812290569,19885.03558724387,24,52454.70474203002
35530.57326415579,15332.96696671907,27,37834.87492253312
46292.69712079797,19386.694962100326,21,60013.68532361098
46926.253509891554,25950.81208476191,25,59614.42025646942
43310.65739511652,22803.567330158592,23,52692.26257807372
60623.47912974576,27153.56353709551,20,62173.98618710875
60974.84640333419,22116.435208462644,15,52378.068363658276
67438.5282879653,21465.73695365292,22,56532.99551019373
55774.9087449831,10612.109483622551,19,42451.341302385605
25494.369785138504,23640.4866470701,14,43730.77510310569
50078.6428289056,13098.19514202916,19,34863.061338147985
61583.9593136068,27854.951091333256,26,55172.701958329155
51915.06287694193,20176.041932625405,18,53689.92839696948
62693.07360564467,21710.96030263921,23,62817.42583172537
66651.129243734,18414.59268034852,21,60258.48015507261
28537.263201639842,13785.50023449798,21,32999.455033257946
60084.85257929854,22483.230973957812,29,55530.29272286433
55932.98241305393,11649.60175892103,24,43916.09504788552
74767.68930045138,17986.741004931122,17,52174.944372373066
40989.34852978216,17207.488749472624,22,37653.11077069598
67588.79117750602,16509.72615387493,28,54479.716379597114
48738.76254148466,25896.54331148903,20,49067.959925373194
53075.61974318553,19828.535636867895,15,57179.77108637011
50413.7828270493,17247.020200898445,20,37831.29812264065
75843.72509159731,13911.2699087724,15,51247.726876037625
36572.22597142066,23008.67595731389,30,41830.18538117957
54083.72849755721,25440.607623316864,16,58031.561394144526
67427.54778779096,20721.456075135535,20,47817.79481190167
80402.56544828626,22666.457606703883,21,60525.41723914844
35314.73578197072,25633.15808636256,14,52897.80945223246
65143.8996128899,20653.59100094831,23,51546.52847269692
46062.13223889337,27732.89423324757,11,58456.90499841859
63846.07635727204,29105.17086634419,29,73764.72262542014
40023.49899917485,22488.511175736887,26,48635.76998726464
69381.16809013068,13838.015447518523,23,45999.27582471111
44994.51192366025,23905.8193025932,19,61805.86489656497
64585.89684237271,21720.609806433138,15,54643.42568237432
49287.91665843933,13190.50783926636,25,41907.33070165474
29560.822135772818,18282.90492694963,24,38073.551015616875
53726.45283317428,22117.881427241107,25,62285.99123361019
34356.03566991514,20310.46298902074,25,45279.207557005066
45112.72451542154,16594.962987467938,22,40977.72701252511
90724.6408834248,16557.069109449978,20,53875.67238360725
54848.70492539993,16018.727545963837,31,40864.83013778633
51058.15393026038,19608.88551225739,22,35696.714196097935
31321.263787856376,19758.490573261526,18,34743.88230720679
21767.91199918197,30876.295411420382,14,54338.0565366173
37724.1892968811,18388.857657248187,21,38287.90098439298
41208.90001295715,6619.963282359344,24,30118.35670527115
35925.41203626331,15634.712955776637,19,39551.76531878259
39674.681592870525,16523.36042434057,27,33334.04434268936
27520.84532403522,20912.843801569667,14,46574.76691381803
44307.78312583386,16861.343248770074,24,45365.907952865135
22484.04852809799,29281.14296659929,16,53196.78036170228
52233.896447483145,19739.337107491036,14,56756.8244065544
34474.459965483176,16988.536700228633,20,41718.774472482924
46845.74922780155,17528.146385069325,15,45743.27666991917
55647.79746953861,19054.813375111906,30,48728.92149007776
33368.45272998659,23958.056926698097,16,50659.282234633436
31393.558302250032,18237.876797281457,14,35528.75869072097
53696.925902413925,21466.244741315102,19,54513.123530366094
35341.35299614592,21098.496259471245,20,47659.05462323142
39200.731263605114,13728.235136926833,25,41138.39390849965
41903.61638566291,21917.824993794427,16,47418.70472133867
67814.53856089462,22285.057434873306,16,57170.744727023244
75646.51591003074,22625.44641536456,12,57720.321882058466
35374.35277977222,18295.637006308214,17,37956.6825906865
34100.800996667414,18977.595454650902,14,45931.0846739243
27301.12088232512,17383.388965105907,12,33464.0190574322
58871.979189229096,24137.452333534602,22,62772.342084324846
58973.49824976914,13709.165024202044,16,41942.62223673979
67602.95835138542,20647.16900260053,30,61159.18384264736
81210.9768815807,31703.263357146483,19,68165.91809603361
48321.759134854205,20506.19249714802,21,50404.02068812572
30037.122876834732,27708.743706609395,18,62117.57251929494
64197.30161050433,18051.899432316724,17,44628.47473086796
36056.617775136416,21168.599406157846,26,45093.96388744408
28873.20049430969,16211.976591509509,18,35091.97681588444
72095.35781854976,12299.17461111546,23,45941.253758952174
13675.993427969013,16805.89271269255,23,31257.68425359005
66151.75919059782,16505.77763414036,26,51931.68463022722
55960.26094548061,16705.90633908053,20,50735.198856794945
42494.47866907439,22640.683346183927,19,56081.442096335646
58493.61749984036,18329.71616822283,16,46059.60442474018
57636.88867044492,17050.325663929267,28,47895.26779032913
38405.952834340045,17895.37577803435,22,49755.3447885418
43706.8869574671,17590.237793286702,15,32204.278153039464
89635.01764883613,18490.530663054345,18,56467.60561534101
62330.14369393161,27247.3864094584,21,65367.039264281215
82437.56955013635,24940.21060962199,21,59702.76226076648
46774.97878811769,6901.197247705648,18,25846.006069734274
39315.98200457269,17636.94434941307,24,44862.43085769631
56306.98308962085,23958.09440409825,17,54873.2648444061
41690.525622350906,20753.06013047685,21,53399.388588213566
52180.63416715043,17154.925628965997,25,44988.69300407707
36198.19395351675,11646.11389029431,15,28761.939843147506
48231.933129015495,24048.610107712786,25,54774.55993520465
30782.399424956373,21696.599378772207,21,46731.68377955275
47016.648129223875,9504.981338204369,21,23582.172015434895
57147.00287253112,5820.384652011609,26,33053.655689209096
54193.08014324762,22210.85871065485,20,46480.28714082479
57949.393974155115,24408.931567142346,16,56585.50861563408
38899.69573821703,19638.38224566201,29,37533.791363857454
46834.21081516802,29336.213471392504,14,65204.55520245762
33099.30402467448,22123.990753820293,16,38107.96972282463
59990.3666169672,18713.397898049298,14,53665.54334517386
83243.1389927346,22687.035740884672,21,65017.168773437574
47558.7549919428,13811.62547787147,10,37974.487315159655
42129.09737944958,16801.974329618897,20,48234.18738320318
14682.612241845629,13703.735908739887,18,21965.459914374864
40296.44789940234,23883.312325001963,19,49380.66745183556
61366.507801052794,24622.78296643571,17,62990.550792298796
54846.13821521978,22901.887350461042,18,65341.02774214116
63942.11834732788,21166.52947118108,30,59254.93813729834
75983.70359153062,9620.4381022128,26,38685.70838790365
43845.846474393424,27571.651573091673,21,57988.77725458225
35711.723468495744,5675.475335568541,15,28866.12223479749
60967.57361264703,20372.469932242395,18,57544.02306615787
51220.13332243128,16979.27599311407,17,32969.69169001523
34217.864601452246,18183.033090778146,19,41884.77081543011
30986.692907643308,17099.156006713016,17,41801.05501762639
63072.15434381434,20108.406158368838,24,53541.21457430554
52929.03395635751,27051.266024759938,29,57449.97351021182
30720.984299002397,20123.389942094225,26,53985.066257522856
52557.984235716605,20071.97798417594,13,46674.507031889225
33301.61575393677,17328.44623328049,26,47549.3567140026
60153.89337327733,16346.95539126012,25,44371.862215754554
64306.06760870676,22910.763129086274,13,55747.33544186469
64626.8921395026,20563.170525977763,14,52671.2095970131
55308.193163539996,23064.06289631203,16,58521.05309591539
53683.28574245086,26142.804378450353,12,55802.94044644856
47920.695528519216,16551.22058991121,22,43751.56764915182
37133.49487625963,29171.617731816565,22,48918.003679129615
67934.73243047691,20849.8377597745,19,53223.40104884417
59799.66419646956,19831.938908169435,16,37425.51021286249
37694.789255189855,22080.25691437227,17,46200.177041622395
26212.110459670872,22841.591330512696,19,43998.98299759348
41887.57666297202,22576.1038923485,21,53194.45525227241
70016.0382064243,28433.90838523805,21,67858.89103746941
57477.27230517749,16340.007669727911,22,55296.633363190165
53547.93288283227,10684.51514274023,18,41977.89424113769
69851.59094278049,15508.910190765087,22,55598.988269664325
19125.768586017894,18649.75711142639,23,44991.81766615558
48794.40487924072,13357.590088115758,14,37534.81614951294
68435.38761802253,17637.609442371453,17,46767.733951261056
34939.814267400485,13873.408549628686,21,37940.09566187253
36868.02802151745,12391.148213285342,23,26883.928217709647
46829.70157871438,23211.90719443873,13,61029.63916602243
41999.08293713427,25092.480862118035,8,41254.948779921324
44233.13618765515,17576.24460513317,23,45334.82603637941
52429.56888122669,25648.95816089417,21,58632.78072808336
41511.518115700695,24812.73324660294,22,57277.7028325939
45067.113251980016,15102.19731070292,25,44165.42514461543
37613.04546507287,20165.406136764155,19,47530.03819486244
47090.021093686824,16522.825893471716,25,47022.488562610815
52927.27629092109,21458.724161267335,20,54836.61563742947
51682.75224614909,18494.396592632856,16,37929.66534791302
40880.27964040135,28840.53067341244,17,61902.36226906018
38750.64431594146,12735.48040092162,27,32543.040052641296
44269.221269506554,15483.47510994034,21,38049.642516073116
43769.14090543287,20938.036887353937,18,53732.3656673324
33156.76035685405,20802.599399016766,20,39893.241937676365
35496.31386381923,15513.23408902353,22,42863.09409901431
57663.048531580964,16504.06029152336,22,36985.73373722557
14721.48666857725,18335.47628767002,24,33052.050803122496
58662.06335620934,15178.952709820831,23,43581.19425559183
55126.068684815255,17039.000953596224,13,47512.34265484845
63218.206049308115,19436.99976456839,15,52241.99137586278
48687.12391777849,17843.215841129597,22,48719.39904211514
67356.1514922077,16398.37804107973,20,62472.34957455743
63629.32624514267,21683.150336773255,16,54608.4540390964
85886.41532388395,14399.516070188678,19,53257.34891891829
84377.34055716771,21368.74438891435,20,66915.67503650414
37960.909412456924,19137.53773324093,29,47544.56980167404
97982.59794004261,12722.300215371804,20,45716.70348652187
72757.30632594551,14319.014191165666,25,42257.531224439765
46591.583131585794,6610.823162050001,22,31875.028477742377
30893.970290253685,24492.353443061234,23,53221.92260002771
42682.54577788311,18533.352564634843,29,47769.31597318315
44051.25591798372,21631.67111839214,20,54144.094078441536
58420.66962067294,23974.003392762326,19,55120.64369861433
36405.550955218816,15012.992100147258,22,29516.309987545854
49398.77847134159,17214.120081177072,23,49095.12211448375
60423.64938589291,17311.786105222236,20,45144.74779489313
35436.06147952825,24984.78428836092,23,60560.84721915118
48076.95632257813,22507.009241484888,23,60087.67723390531
37971.36902792241,17567.725648170348,20,41852.377155403046
76805.24778631095,27624.10087306937,17,73623.80888238942
39545.59138505276,11228.1477630262,15,31219.76360740611
54748.427397655025,23172.581588047404,17,50212.909725848476
33359.32295505403,16415.339726464266,24,40400.44657232484
37555.31609820004,15191.739931099208,20,38150.69365309441
44172.98582381249,28808.68438320796,29,64471.15033577009
30988.208504785864,31312.77847670616,9,56701.21009417215
52236.84156518625,30074.84722896247,16,61207.749523569124
27256.864564821888,17724.6158890891,17,31780.4616310586
50841.24980190129,18313.812813179935,27,52921.91161897699
51017.30698648591,22948.38972610244,20,45203.799208385775
52174.40981752612,24809.520894834568,20,53517.065092781864
62225.81509693774,12754.144253992099,19,34482.60211892061
65198.57380557189,23967.524498066276,20,63762.1961239288
36984.782522530455,14619.523447651558,19,39800.73792945071
55965.336396497405,18506.760160266353,27,54097.62087206349
50137.695597973514,20029.45140974118,16,53621.93849197019
64376.56150657304,19301.43451567461,16,43972.38016869279
42414.41456581497,15403.195698778545,24,37256.63385891949
24135.450042052005,17989.56515983715,17,37513.24449930734
46892.368757964054,21483.931761585187,20,45145.352899084
49352.58472798008,20766.032542877394,18,48366.790866422394
67544.16563539625,23609.619932901765,18,63301.1998773503
62914.69846077096,12288.356186462554,29,42417.675550675565
31244.811993543168,23347.47940918817,25,52085.640283266766
67315.79863221373,27077.826660917963,18,66480.28687068378
36105.29349555373,24988.357561862067,17,55796.6016626492
37283.1965356484,9504.718248973028,12,31220.580760249093
52259.23963140973,20708.45425235448,24,54426.30860746939
52833.782892846306,20359.028226062306,17,54583.49113980318
47791.59852307572,16368.360449729416,26,50527.24546650414
47898.881239944974,25348.4628579552,15,55017.55548592546
30559.46366139985,22990.88358957453,24,46811.44899588291
48460.4711474467,21234.728769572775,22,57565.639511499576
68191.81915910062,15410.712776672019,22,45533.48397499898
48728.10868893421,20215.36789148488,21,52434.17512904632
76849.18600609718,26098.46648992078,14,58861.10560450168
49989.74264183227,28201.509566250526,16,57201.59069009602
37383.105312599844,18093.89136120329,24,49352.913027898525
36536.50114823767,17324.449063333774,18,44068.30715066241
66285.3675038393,22006.226200240228,27,64747.86239639943
54333.60993495451,14263.307741705688,21,37856.96580099715
28902.360778366197,9534.959311130267,18,28155.207774219693
52175.371611580835,18293.07079343086,23,50955.42698996699
58067.00370394427,22538.564257243706,19,48518.02968508389
30547.32074263446,15857.382590192838,25,33328.82037487293
46537.104937509306,22945.895126438263,19,50416.63221757523
37223.256535930166,17914.076453638852,21,39068.49981101047
43269.303489383135,22376.0529435288,27,57413.921968728035
35066.46969621457,22655.988845595326,13,42119.24388182901
20890.638331470014,25017.619150960763,15,47615.12435315402
29132.606454468834,16015.639709038209,24,46402.326207316146
64864.538380888065,15609.852227218678,15,42459.995302949326
41403.94034574478,14503.453472062876,21,44263.54804266328
77152.51918963908,21667.285568220657,26,57698.130903065074
34216.71149975424,26270.997632567363,20,53467.562582429535
53755.40957301481,25370.923032172483,12,45162.92204083777
53530.06210138578,14654.298203775284,19,45560.30454817578
49739.02963120543,20902.692216071493,19,56275.13352936523
67406.16894574484,25605.370930441335,23,67239.64474987915
30926.830915646802,21997.77584445883,22,47602.786587702336
66602.4081615113,12953.013336487633,32,44454.226135025456
44737.2520827113,29023.34174666953,24,62740.29655385457
56642.34027525831,25899.202038455245,9,63051.68197752789
47682.3352611458,19538.729099364093,18,32029.375941418428
72070.3199235737,19416.5209258955,30,52460.67849171022
36599.3087456625,20619.238930137475,28,50512.99338480406
27593.87295563424,26738.854478234352,14,49648.13150101112
60604.74353838753,17379.99457690141,21,48623.91006254829
52177.00323151602,27660.683399957492,17,66055.05488804176
55201.055602494445,18635.404658929747,31,52220.83089490047
68803.85768461082,25865.67886952909,21,62693.30590612934
53491.02980294468,19313.7728950429,23,53517.930616326186
45869.93640769977,22813.16076393054,23,55375.771787069716
49585.708067284606,17278.97403439489,17,42003.721709133264
79454.65741391096,18505.373449091654,21,58101.87986928444
54929.75492807249,21314.776813314234,18,52090.765790529105
61566.92036323783,21994.237619212723,19,51880.25327328732
38026.78664242788,11060.803635819124,18,21717.367580672726
62698.04081738778,16847.45939243227,20,46203.96316395875
44015.855133052595,24827.458636268464,26,59260.541089381484
23881.468463388188,15993.307414440918,17,42119.50478745895
53183.15242793982,25773.684811660973,13,55975.93392338436
51875.201392796145,16858.52220398663,19,32603.965215263015
55358.06319387796,20791.22195873382,20,55275.11565132327
46020.50140114213,18172.439128978865,14,44175.574433461574
65754.31579757947,26946.10914696179,29,76680.78991304162
54624.337323592576,30016.977045188465,19,66450.08456779932
45018.87129306416,16429.09591653207,16,42630.61565981425
66117.21754895317,20677.00695912435,20,57274.36344644982
55510.9079084366,14903.429806287408,12,30122.264555634563
52198.08587841688,15456.400264926468,14,46738.34848637733
42796.78747517036,25241.277242462245,13,54443.02447404187
79677.3923910918,19709.937984229167,20,55919.6865957617
35135.2450242363,20399.21723722332,27,56039.253963018826
44664.044429188,21682.283445670422,17,49857.85568658888
44722.6118017478,16753.28068729599,16,42056.23653272291
47229.016982010784,13109.965561729641,11,37351.759648340674
58991.54609238551,14724.705967329086,16,41316.244668794265
56430.054752232165,16887.782022215142,15,51325.675254450245
58357.82848175817,26840.888303335007,26,64964.481048100184
48676.85120341553,21521.288968973837,9,46860.29045661206
67337.87469553151,19936.663325891674,17,61428.97235832176
38386.40636634089,13033.59491479249,19,32605.049368130574
37328.67943442486,13001.849510922162,21,21921.210028799505
31694.049415337868,16771.18329049737,19,46305.16262858793
43397.800142452856,18747.98323334586,21,40481.712464273696
51501.742626901825,16248.21504442788,32,38258.99091432125
41584.57239611515,15938.595084684666,26,48247.41919469315
42480.93050828548,17295.125436076643,21,37722.84367720234
66648.01628771384,16549.143881257078,20,53143.90812385816
39679.18559166363,18912.542004831997,23,47797.804767376634
45251.90582515857,20905.802337344263,22,52491.403670669075
55693.356656510994,23816.298975407564,32,60200.6716041579
24979.432553436614,14543.80790836726,19,32954.35816129915
32016.029657355877,19694.219260715527,21,35230.43928472523
61390.61339936564,30123.68783043359,18,62540.30645911317
22298.622912454626,18289.575353760447,19,43577.371418702525
27837.576569601726,19876.736160453063,27,53220.528500789675
25107.240715162763,15580.88507815059,19,23629.339820152956
44728.01457178762,23376.53378469701,23,55541.39449993645
30834.81656861409,16554.526649156192,18,43828.54722998814
37275.0896836941,30068.141151011154,20,59600.8527152805
67341.09069287556,17461.519939382757,21,39777.468471708635
46923.6225327718,18361.937971586503,12,52715.169050528755
53290.3024894655,21469.88789766381,17,50044.57067927135
55320.70882767774,32527.17667274763,13,61286.26057113368
65931.4516339921,13706.493792197174,22,40126.81893757466
42759.95431437173,25296.49098664918,18,60349.88168222673
48812.60908822114,21751.23388070321,23,51225.72822057137
46536.33470314967,10092.016471502091,22,20521.373147047012
34914.6265716049,18718.7951916056,15,51462.55026732748
47600.67848937564,20364.817686482806,21,51448.502893275974
54563.316137255235,20277.967129136247,13,45971.5159908152
62989.37113031268,26721.65376431319,25,70471.54787358739
36796.37933448807,15802.97804660819,19,35039.650206157705
66295.64740312986,13479.700285224795,24,44049.40581417891
44070.01444224529,11347.519917352354,26,36376.4740260652
68450.7381950842,25189.88692560624,12,62704.83911970486
49568.14798006285,24891.08706829937,23,60028.934697941455
54149.57353509235,20062.484667568104,20,43913.33076968863
44259.395576623705,16044.214841974854,14,28714.15171884241
73441.06319735487,19656.098371482316,16,59829.173931443416
36595.61635262729,34574.850802066394,22,61875.79737840139
65433.49415582134,19827.25343291728,19,54106.431247710854
33364.32456206631,21957.963847798746,19,51228.48841742849
39857.07320860016,10564.95726461087,25,37998.11122739292
75413.54094040318,22250.00601481208,24,55869.765545659866
59484.741667635746,23649.545071363333,12,51436.67282863208
54042.656509379674,17165.380416273125,21,41658.76621237827
53020.29389462622,18942.31517652237,16,43785.76285655747
66683.30901455578,22539.188615058552,18,58684.49154868633
55511.81867956072,18722.40434740234,14,39339.07729483824
50497.91863073895,25676.16182532336,22,51585.55555106772
56933.345180450546,13404.24954556506,27,41841.684381864055
47034.28472153985,20502.3660136665,29,53837.876790053764
44027.332632015714,22821.63998908195,22,47382.398913997975
39262.047824750116,20526.242285479006,19,44829.651939694544
34213.67042374189,14566.462391275678,17,25764.78469234788
56908.64940786372,24566.184625527763,15,60923.25823823999
47563.33279642941,12911.470437795562,25,41069.49277772016
25571.534802831517,15541.328399700373,21,38762.3833007358
44059.900705403976,19928.77865173558,27,47080.31835616221
54359.09491788031,22585.44782683691,21,52497.102563907465
39603.6248393528,15735.941546469592,23,39160.22073992324
54345.21379809474,11832.572237777431,15,34061.55302264874
16455.572074108328,22126.438295387787,19,44132.041453595695
73374.75773465403,11117.249344201246,22,43592.53276244172
54061.93953779642,21513.311786109847,24,56204.61539426278
21137.196225722535,21952.45524528976,17,42181.43109207504
-1393.3943237807543,28132.184806016776,19,37391.551525732524
53637.824147408835,22864.42251381572,14,45639.58311972929
35880.75142056454,17418.922529707907,18,34501.59217971827
54546.871314185904,20965.884913555685,17,45614.71965949114
62612.268998048705,24547.968896118422,17,59993.247335298925
38343.37639847662,21646.48724565404,29,40647.08510493458
61019.530439106136,19420.38762765073,14,50381.83049750865
63493.0836498983,26387.093808020494,16,54715.26459797961
56718.987187367464,14689.271081077837,18,42634.269319786545
69873.63017591358,12432.184541418486,25,41339.265689904256
36231.8469134413,10105.334599858823,19,31042.255645922163
29567.92099693931,27203.09033889832,19,54187.91010921935
25340.230070804562,15869.735872902715,19,36645.629454292946
50935.84387628028,18359.052040934723,27,52087.29734727809
56619.6837888912,20594.682257838555,22,46897.28022195156
59470.651450157224,16243.38078821013,18,50156.19861653169
49167.72304079901,25952.775968074322,23,55666.61426387143
54714.246815997896,25764.16764807662,17,63918.53007339619
54925.99051053229,23066.095435250805,15,58154.2704792981
56543.24314497021,19713.993497224154,27,49219.64663599054
57691.95676025393,17042.37418203097,27,56723.788110622336
63570.41627467763,14503.907067797874,22,39484.11813307021
31364.2897931367,21148.51426173323,19,39092.124477503865
39013.68615859738,17193.357720799813,18,43190.388179857386
57308.909280636944,22760.758694722274,21,54412.521946728215
25156.593328485862,15064.44902344179,24,47414.72670110877
47941.60564647214,12855.88976396501,13,39341.80171586285
65347.7380948629,24683.464499437945,24,67894.06072516792
72750.74857972201,19193.025776914063,23,54703.86509855506
59618.83277583682,23107.056183674773,28,49033.19584382557
55913.0471573948,24834.017445523576,21,50144.949612339784
64147.58130123355,17752.82652071514,21,52351.46078602152
56255.95489916928,10871.950438930402,24,33874.87787511291
59713.30131279997,29711.592840348894,14,62463.42228335893
78268.95991916559,28837.210769463876,16,69268.83935583758
50786.64453689977,21823.034170097213,20,50847.810113038075
46466.10067899624,18778.5054047167,14,42523.99009901423
69845.58057815669,16940.853471999064,10,41118.93825407
48127.61632775671,22121.237367993002,17,50680.39294669594
57232.09367476414,23288.977993897715,21,52295.953473983
61690.071393525795,19634.441142519303,19,52721.452763699046
33039.768513391,16077.317949882523,19,33316.290077900056
49578.47577255293,24989.297203947135,26,61852.42144795043
42239.07821453408,16728.906972708093,15,37039.97462218991
44256.16033004177,25019.535617370595,18,63298.89943561725
62658.468486194615,18481.080707141515,15,40630.39439933521
32734.269739528394,28315.61360568864,20,57958.55874421906
45940.75840083406,14595.336150016046,21,36590.995299848655
54007.21589379416,28467.212440891413,23,60239.955397055004
48674.85625208561,19537.911315870857,15,48076.4561037322
55387.807199172115,20377.277480988178,18,51646.37189473354
58473.36872117591,16625.481405747993,12,43920.777443983374
59755.131539378584,16266.398301174368,28,47019.792254856424
66487.35261794002,14816.532065326233,17,39629.810958262984
85196.34358052365,15813.857135720144,15,55843.419452846596
63712.19620560175,22255.547929769473,19,56726.72929411575
49291.25464919961,28308.854308395486,21,61667.86126027933
56849.111688086145,24780.71934038274,20,57686.53815962888
45141.389642439826,19709.357603467033,31,57173.65479633838
66569.05076589392,18855.320400842844,26,42968.882625952276
54315.0899023315,29441.92698583186,25,62699.595639641426
74055.52463002819,21515.76604927888,16,54856.29993780141
44985.286111611094,17587.38277446812,18,47963.15560861277
45921.27051594019,23894.619797847397,19,57257.67075810367
46913.684850068596,21369.313639203527,28,44811.45057700531
42355.33859290501,23237.31567007145,18,57452.948453831064
58394.88352789037,28310.86588174326,15,63800.42666199745
53828.92725884,14789.678776741028,19,51492.466330665615
55131.08144936504,14352.882772554707,17,36561.434600203494
20299.59376938197,23176.71030290232,15,47321.27490713572
35284.7416633473,22462.119952597397,22,43298.68861997823
48826.942383764836,14942.366809043771,19,40745.049852509685
51795.307119566234,28405.936616467137,17,51835.8100440523
74121.77507930357,22422.82227423229,26,54446.7293970859
35721.741968612994,16553.951122354738,19,32874.891922447976
33104.59810227984,19146.801631312548,21,41362.0472761378
34111.42020235753,10127.004081704434,19,33464.34566943956
51567.69270132205,21561.183930038133,22,50369.20707581314
60804.350076336894,14008.727286208195,24,45944.981507487144
41625.49229997679,18291.086923098814,20,36575.22530830787
52366.102465156975,19633.242851328545,23,54874.894552264435
32244.830984681976,29541.98506423138,23,61363.27961691384
30932.869490714336,26876.243127182985,19,56925.13525910291
43239.782210872625,9121.255574491022,19,23975.8806775175
62826.24960212807,15690.11388344445,20,39762.56041159049
39510.13154831193,21746.7723568293,22,47081.716497244124
47294.74987146603,20040.60892074944,24,51579.51142137956
36031.48442716476,26089.216911701573,28,66267.4758916778
33907.16075107188,14954.569040215645,19,33717.74214235344
56752.307636361336,19129.552355607353,20,53378.93975464873
41369.08184184584,15896.199409634832,20,33812.432968712754
29011.027957416685,20840.819881114705,24,36351.192935658924
28253.909986216175,17960.935496866587,20,49924.36587504033
65025.14904761657,23774.19150083142,25,56524.66530530993
24965.71743096552,17325.82713883397,24,37099.053147316015
66856.07507801248,16480.65822010809,10,32467.900208874347
59643.413158081356,32336.99645715255,18,66703.44398823337
43423.33217694147,26822.929283949954,18,57887.55852957468
60831.90790438547,25612.670880748912,14,52346.31792557664
46970.167076742306,16855.38245147135,26,45178.66854303948
56198.99836724489,14818.665752321638,18,41728.55515577901
21887.528709036975,9874.671953229068,21,30563.531808660704
52185.43109306288,21488.391198745958,21,56564.92192244708
44588.29468240601,23220.518609496336,27,59780.96265514134
42548.337361679136,15600.913476347476,24,45148.38240431253
63379.090508340814,22136.328101359082,14,50352.843181064796
81627.43546694469,11131.8824840499,24,47702.91765365658
69485.39458424265,35210.26117288863,18,75374.46086474461
67452.90271570682,14973.471790953283,22,52264.11763329143
37561.86073085047,15356.265696773142,13,36035.542218083
60011.043889836925,16086.090618890197,17,46461.15848293237
44261.19452251586,25089.463552922043,28,57272.16793569302
42904.44382931797,23806.166178393214,23,57626.15779445086
82288.94379986191,20839.28452738851,13,50280.28927560778
19982.66110633,32386.502192297296,21,59216.624481227824
57222.26455109473,21655.01864479297,24,56848.394008277835
56208.4029483866,21886.50134166632,23,53143.34496187793
62559.52720355887,23202.77258930789,21,53082.72819672715
62197.74243245571,17536.628742401503,23,51569.39915582721
57684.60722958101,11825.499128108166,11,43888.39114295685
56207.86729463815,18490.034324926222,14,49493.858246173724
38428.628078266906,11248.9868012433,19,32795.81184946836
50945.75431730773,24654.841313436555,13,48134.9183334636
62654.62234599062,21626.45555810037,16,64374.2443410864
39934.22537542865,15548.475589955175,26,43915.701274159685
55648.52952971499,18084.30446533639,23,52090.3298112975
62830.807918596314,22459.92144124869,30,59241.42677108503
45145.326397692654,23015.04028244529,13,53414.35140056351
73452.60577500163,21147.554806813012,16,65070.78842779701
58610.24015888291,12153.545785720878,28,38590.8073661742
26318.078512038293,11191.57702580509,12,35704.09199894569
51426.00257470458,18053.480393386817,20,52540.222668801056
38312.52378778673,23388.229179115133,21,54522.075612113746
34689.479174120344,18150.382538584156,21,39158.715073063075
35667.65530107126,24903.780108012266,21,58085.87954640398
78673.4014001202,28342.004183650235,15,64253.5789826485
38048.76065256285,16888.252014702513,13,43145.4085033257
47808.68523743948,12284.472737790416,22,30360.67631365289
54910.82808791611,24976.079976920904,20,52478.962740688876
39452.41110201605,33596.084094345584,17,65752.19976958673
37635.93788956493,19901.594512161486,20,47120.52978908447
40665.2013829848,16671.68443015741,17,31243.598825226498
41280.10380161553,26494.58747873654,18,45450.31330683884
57961.86174260267,22495.51274810114,19,48422.00018509818
37200.810741695146,20767.771754132515,12,49498.93856228892
73026.95011191374,19121.5218418131,18,59135.25511154197
46786.88966528291,19992.865040026863,13,42459.57160839982
74329.83852193352,15465.564536832875,30,46541.5848802142
49066.90107225534,31246.22752901377,19,59950.77480489416
27708.471333677287,16619.684583530492,27,32490.940936384173
40517.91217683822,4026.1815630206293,22,19640.439636321855
58018.83286571852,19543.05877019653,24,51954.223132277024
34367.20914584004,22414.560093534266,26,58292.199113312614
49405.87659701572,28265.257914367852,24,60511.279358344895
55251.259782833185,17787.426493592757,18,48860.932335382786
55644.53769540618,13462.597068441604,21,49636.848135919005
58571.964137775176,26077.215435220103,23,59142.32229796716
53539.94643947358,16249.304365078578,17,43087.75632277498
34934.948915552166,22860.208543731074,29,51006.55658874305
45904.43758983783,14749.052022314947,18,41981.38497981338
50183.57760786179,15322.660824683499,19,42988.33507286432
56677.804880190764,17843.66233190443,17,47606.28177590624
39004.41693064406,13728.161467098136,16,44374.530972948975
49382.900390518036,11837.040591069697,23,38530.26987529128
78724.99823420278,16985.80924940332,19,48582.75963129455
63966.835087071246,20247.39745189517,18,52582.93664477749
63230.46468422655,32405.53196591126,19,60306.832356461025
49135.65698136645,21272.812673360782,11,48975.341021691056
52840.30881447967,20418.167485988495,20,49930.432235887565
50244.919462258404,20822.307698398123,21,51598.85392354331
57227.21650463806,22188.357343246375,26,64858.49349607347
31480.75541494955,19887.075708891967,15,38330.645130158264
38043.054844349856,25526.49700210936,14,56864.61353243633
28926.39872653671,21624.09919532203,19,45202.705230478125
61211.02025059978,19263.74265180229,17,40006.962967731335
60915.60256633086,15360.76894323084,20,40924.52050312865
40268.55702693984,22316.96783147856,19,48672.86199703064
39439.659480802584,25903.14879672503,16,49451.341779296316
61001.74171613044,23859.805336551006,22,62714.2133132196
60647.48110405229,17540.214293419478,23,48173.30355716166
74367.52335508882,20063.426908745034,20,49554.360857433945
37655.69008735025,28684.867094883586,19,55787.34051654348
48288.96844627909,25126.235250457266,20,52473.37147663743
51874.60676527213,22765.104813313017,19,54675.85320298483
58487.89982792592,16820.054134342972,6,47190.440199509765
64508.51034557428,22327.528207697702,28,51064.48427949144
48217.99049459253,28851.766050341073,17,58789.97010646976
53294.6727689037,20609.636294109543,16,49358.92951664714
45289.973293637755,6846.160340983395,14,35936.57118786573
28396.729320501643,29760.27216749359,19,60438.10822113083
37309.98503468611,24744.138799432443,16,50319.27878599371
42976.97040309007,16165.406190239302,25,38268.08460978227
58401.32869793447,19241.591965974174,23,50497.122418130646
18421.4512439184,18839.2317015002,27,29123.866360994678
58647.604387025975,17977.42290731798,17,47864.28891779812
58731.901649912405,19602.760551540265,27,56218.62825110764
43147.21774248682,23895.93192099699,22,49476.068681574805
78559.69011246772,28183.94683252273,17,67753.03780961006
53806.14216913266,16707.582299090634,22,50404.97510422021
53610.076473976915,24456.805591202723,22,50248.580198376054
47565.04412584695,15836.778865789482,17,38812.3245613452
22576.922404543544,25933.61129834246,24,48835.927612125
40237.435276790566,21822.30962224897,25,52293.64220991217
38125.59175859492,19783.37191246826,21,46513.5116437407
59897.241146436856,18661.594710830013,27,52629.94411144697
42097.69079283439,25690.470480278374,40,62573.25908245388
54518.66220210441,13218.120089696882,20,41357.27388405359
25688.026355281352,25678.703108269016,22,49633.32500342107
70466.62401005444,17190.950064903223,26,55241.93995755088
60727.22501780086,23972.481909134807,20,60583.30043119389
49627.05047724959,20806.735937020774,25,50830.47589739485
42757.19440372578,14361.472469402795,23,33044.78155962468
62497.766180243474,18283.45040913648,18,57403.31952557641
42239.130647110724,15532.40647802942,22,41286.1127935376
42123.89554985327,13175.07270404355,22,31015.477465134587
46562.65803347112,21861.397339336658,18,43786.65844746371
71950.76849429823,11513.066305276805,16,43685.87191111241
40582.62294394548,16186.563250815936,22,43473.15907037707
60207.889417192586,21975.797457264776,22,51086.82191058139
38459.61979504404,14897.727384297606,23,40077.02750544896
18345.094175711212,26128.545635100403,18,49278.907703155055
55914.89508048784,30406.65065679977,28,65075.67417871571
37007.87610374493,27980.280416482037,21,59034.01855073639
45557.6996487535,22419.42189420672,19,51143.18024375559
62610.57615074342,19224.701292756014,15,51743.446508583365
36353.491438736266,20605.983428029696,18,51058.73391343675
43769.30241742832,28338.868301431554,14,52567.488279513804
59642.23883101954,13584.960023411455,27,43028.92624040035
43142.64030749703,11058.667932157183,16,31366.243651897817
51306.8387675145,18886.496094568098,24,49079.81385393695
47805.950686331606,21217.288383452014,19,43638.575558138844
47842.351640199326,25149.336375776867,25,59258.111079699
46879.25132519821,24732.376859557753,17,49646.5412074198
56704.118675419646,27647.85677126918,22,57676.69059159783
21362.310944878674,20134.356256476298,15,45645.693652669535
45995.69497554487,19674.97757844023,16,50482.17517516167
38195.084665810646,20744.975006847402,17,49990.206111153566
60187.79246472478,14361.34414273332,27,41028.35688914587
67877.34528279232,26942.86981527835,16,61527.76194085415
49700.06271839137,18401.610477846636,18,43038.82120814094
47506.11835552615,18448.820007643182,27,44060.43523617789
57496.12520755835,21215.023233985205,23,56669.169255771936
51901.06423599249,16026.197595069287,13,47003.89028350347
47630.290102669336,18841.89685039079,19,39417.01281217356
53615.71620576873,22549.62941146361,19,46443.82290611057
44960.688018712244,27158.78779073298,18,67838.44943597469
60776.0226512814,21351.690599663398,39,57320.63622912093
76257.6848538118,29041.510216385206,20,69988.91803759424
47403.525456047486,18803.451248623882,25,50249.7484259889
56424.997762516345,11347.081389693567,23,29453.632439985246
20453.0652545614,12673.489772544592,17,21520.152508166993
23893.89133696202,22390.48842807149,20,50520.99883345917
53300.700715999505,18638.885945250964,19,43446.44751103054
44437.17532225519,25442.838297392125,23,63421.51689669171
39172.11290943963,21030.72486940963,23,50735.88249652738
56719.435355236215,20499.516913752053,11,52335.196016840266
45635.38155630208,14603.822792293835,22,42598.8161710398
56658.33623011221,8202.95240640351,24,42365.604560589934
51871.648860348585,17733.624277878196,24,49205.04968406816
61230.502649622475,14212.465861501241,24,44956.025378327766
48025.825894518835,12241.65246736311,13,40044.472459413715
49700.7975763257,20835.56369739792,21,50708.88376972462
45661.655895020784,24159.198213818454,20,61985.55409336399
42983.392838173284,22119.597964338867,13,47280.43452598753
56660.620000124545,21914.62941628364,16,44918.13770696542
35957.23842580266,15886.736224034998,18,34607.99285799848
65801.35914621365,13610.928307872971,24,45875.94543121208
35307.824194796514,14861.246868703296,31,42999.39411088795
45060.80264918702,25234.545726898912,20,62641.89828356526
43810.863659160175,19049.654125573255,17,49804.74023896089
58555.35221585748,29207.33417394443,23,66366.46930855273
68341.9570246024,25276.43550996224,18,63610.88526050319
54661.28277762947,29102.007982918643,21,69437.2890094359
73245.09865554486,20097.270193653912,30,56630.32482657803
39592.03846545359,21078.93206946247,15,54911.52658177097
45973.54183308868,13128.038773039503,25,32080.995564205234
29182.4180973112,20130.596399260914,22,50867.02224972122
33320.471391150044,24268.973240400865,21,47508.38559663972
63955.62207108475,32879.680205472934,13,73174.50231756322
46966.63006489948,17087.277113838354,20,45533.01963180405
42877.445371719616,14474.533316725512,15,40520.10212098904
36645.79591576168,25373.131534127417,23,51184.69307230083
60210.92034158537,15307.419023626979,19,53131.58178291571
43821.25498071767,17740.21075419019,18,35894.75406915111
32683.23515566993,29679.10840197994,21,59253.25853628696
50373.89188536811,17930.601444912318,15,41803.97936608892
57631.1360250409,24332.41990076902,22,55424.249079097695
47545.38469756312,27229.69704463188,20,63241.21105119869
42101.88200346029,17022.40377604575,19,48509.43425292426
50877.79467537138,18877.14233036846,22,47196.66758273632
29512.75430589329,19307.669760481058,26,45469.34428540782
59757.437550282455,21030.723201456,19,52104.34007157748
55623.74869703912,15048.630548816103,20,42833.03091228083
65213.474546210535,17985.532919365352,21,44698.98236398954
37430.0463076031,5778.882383088527,22,21918.919690265233
26384.293346089467,14595.562681659761,18,44537.632043178564
27668.35933546189,22519.848989208673,20,55020.454940686046
35008.306620766394,24328.469653492997,20,45284.117582029096
31970.82629647816,23787.456264428707,20,50877.08950331055
57849.61536815212,28282.429975357234,23,68207.23828920639
42663.106679465636,25176.902497266467,16,60667.82875497255
46322.564759165405,17821.837621072285,22,48524.941200263886
40925.11843974291,23916.434522059357,23,51514.199496721994
47417.55486993879,14166.465552077338,16,38428.70115308623
59938.22280045565,15477.631150901692,21,44577.42797620377
73194.4042809142,21209.362140496203,24,60431.330357603976
63396.02775301898,15161.308516882558,17,47547.354682365905
50455.255962917705,11396.778644905302,17,42797.02557124455
45532.41888639086,21821.767491799823,18,54623.16098721932
68127.16150274419,24942.261747753437,32,67081.47444222978
35887.876617848044,25411.765697859842,19,50030.385053451915
49754.66011259531,27104.388999369323,22,59940.68627602663
32526.684254787222,24757.7504880833,18,54575.41390302097
67535.9805333524,17447.662083633408,17,51326.785576092174
70839.16480296616,19518.461127202725,20,56709.74455595571
30563.771112619186,18306.081348455053,19,37021.11491429776
29468.739474721995,19363.17192783836,14,39515.64433981309
42414.696889163344,22383.413874431262,18,49436.78873564296
58373.07540587664,17868.688574880638,12,51215.73820456636
37919.54417840346,16126.787307211016,12,31529.81691191883
38707.83959462277,20247.474102760953,21,47475.613368817634
59298.873221054506,29514.502413103237,16,68057.24501937396
53722.34922333745,25117.29318740462,24,49649.69006474348
48524.50965911868,14542.526059050477,17,44164.26084697479
50673.98496337514,16400.922066661387,23,45776.06096921975
53825.71104219579,24690.70817492494,17,49170.94069871107
62084.453779469935,20733.893143417718,22,64035.84274305083
62507.57818086483,15912.539236254379,20,45754.52958349479
41951.75457011107,24765.264343310268,26,43065.21148117886
48138.61695521445,18694.708956108767,22,52197.33025037865
40782.104216779226,20651.12832067517,20,49181.13517112987
56091.765886915186,17851.80310243182,17,49323.79720062323
34864.07254753862,13596.697782288173,15,32011.534979020085
32808.948004218546,16902.521612999168,22,37438.64034910297
42795.86126198695,22180.036455154957,18,48492.75305746728
18321.0685981311,17484.621578201255,16,38529.08890934095
-5119.095094959142,16776.039487292666,22,26277.083072300662
55388.427325754295,13621.381622866302,18,41241.97842591691
56690.85310939683,20372.889196775446,16,55208.07850482736
34840.24862504821,20532.69067679097,16,48388.121299119615
47131.243099265215,15466.47185685702,22,43040.60583488494
71761.71095393963,20268.319544710794,16,52975.79226487664
47004.50402119996,20536.47903720209,21,41834.092876170376
68180.44552804211,21142.83457577367,18,62553.379068479844
39019.73036794864,20832.435448808832,15,45592.82703604416
51742.73440154651,16538.60590205604,24,45170.33348891773
56303.692942001064,21204.065927770673,19,46415.62540041844
41672.65434532228,19734.326324285867,25,45846.29007451543
44512.54857691058,20852.628439230146,22,47323.65910479008
46611.788466722785,23650.295682067437,24,55620.67880564853
36927.22787724716,24454.23728189996,26,55766.50229198789
52199.61830994401,22786.55549275054,26,50505.863277336495
67185.31978320205,21868.82915782139,18,58082.83617874892
66721.9668779769,26038.625092859336,19,63917.831456659405
78485.71480037093,15851.500638621825,21,57005.51358021014
42801.854364516985,14499.347530309456,13,42324.07541150534
41435.63169807156,26236.305412352784,16,50747.441199378896
58480.77346642127,25499.272729713615,18,62188.337262713685
70082.38239339554,24267.091171816865,22,67344.97133222541
65612.29723733172,18585.573565932875,20,54217.722743082886
59343.52388878371,28042.997509188746,23,54239.274445456365
37416.50281948851,15950.72096749666,21,37039.547223634465
38542.363445085386,17045.393729383515,20,37936.52493165878
57339.17720184178,14155.788110630196,11,43723.333062385595
55956.33054109791,17305.721543456137,28,38930.65679596131
47534.95300787721,20268.46935852913,18,57687.83931467162
56661.9267453438,17525.942396123366,23,51034.040065721005
51120.04174050927,22860.408295527137,17,54600.00008363588
61299.55118768297,21711.533061179354,25,51897.93902028348
41337.377014889644,23056.75164732036,19,45377.30652532052
28552.012619924066,25530.05557445276,11,52926.23477432544
30713.797153212807,26000.198673612642,25,49246.730070047735
39093.02455760557,20278.5649580045,15,27845.51176108412
41274.66383397141,20992.523991375732,28,47259.36979474796
49466.33265490153,16787.29635964367,15,33240.501482218206
37168.66577409776,30291.248398268108,19,60158.68175769464
33397.776528126065,13546.791520499903,14,36522.529184958796
26946.181191893855,15290.38472674271,16,31196.96049503722
52725.30083554265,17579.462652928243,18,52842.194451330775
49619.320516254185,7705.198199615239,21,34789.39221556376
52843.417483294004,18831.013944923263,17,43124.407359907855
42850.57982063595,20270.90254575286,18,44178.368131373194
76789.64591424528,16301.433306748584,24,54950.10625703342
32286.055541713486,20476.849282945073,17,42248.92546824976
50858.106902735584,13051.37059407301,24,37132.46924749671
16832.429479474536,15014.963250897274,23,31235.867675065634
56002.44975579862,22777.370618437268,16,43832.703426335574
38404.260926849776,22456.451489763607,32,50993.29585840026
29856.396434119833,20980.533952164948,20,54194.15191713461
56705.08634926177,23556.495684406727,26,56482.62930357576
31723.82597713489,19743.184530304312,13,49500.583597489174
37414.59209243969,22788.19707670911,23,49855.10176972057
64547.59339498057,17555.794916883402,14,51803.32518419164
52248.784825094546,14175.56124602778,20,38306.06757705294
44150.68653590557,20370.421169496025,33,57071.53045759138
52039.93092366768,24884.506976224242,27,59442.6488079302
43808.458898901496,19198.89785687637,14,35559.91544100254
59577.71068251459,16563.957282550862,26,51905.76819055846
47522.19007330027,22224.826672182728,21,51358.89157556514
35684.22288853634,12412.070360969668,16,27622.523163040732
27611.769537944485,22814.786892321084,12,40440.05876494085
66795.69781035985,13886.123813591788,15,49070.80915289154
28759.885029848298,21694.908257390827,20,50169.91250902292
61142.37765239095,25854.619265451183,22,57731.92423930548
36859.3455959808,14910.7144238937,23,36166.44994035374
40029.461942295304,28730.940198481163,26,54054.82138287772
68566.52854408909,24749.815886567267,14,52931.23543031785
39768.40472192629,23230.41797397842,29,59447.849758909426
45804.371026935376,17946.547777722688,15,51120.989245710516
67344.19841923227,25120.675377057967,19,62409.372778942816
59052.25141636995,20415.62196689676,28,49094.77375416895
59857.945238521745,21376.012419348557,22,58897.27699140654
37558.616703821834,28297.99292780283,18,60114.4760086998
36780.27156143706,21545.51814337283,20,46478.53490084225
58262.114731314985,20874.262100758795,15,52485.0971526077
49982.06326323441,20139.726430774015,20,50537.732008912404
49218.8047577483,16590.040306062194,15,42687.488546079185
31483.612295844592,22324.61227779731,25,46811.30246433998
39466.991247056154,19054.772099297188,24,48475.124878459486
24269.629349864656,26783.84799995979,15,47020.70443640057
51823.832577336565,26245.869499869867,17,53488.30809770057
56335.337912936186,18261.799703574245,20,41000.657268557065
63774.36910334267,19405.83926369674,20,47061.63865871733
28282.251660805487,14245.524876988144,19,37366.04527092295
60089.96958171195,8721.725643490761,22,40282.93143526486
48911.12623824954,22282.73605111252,18,52440.586039799455
65526.598597614466,17415.6765179343,20,51143.09820488426
22952.621422791442,23295.081580345923,18,36444.617539424034
73544.1818210658,15623.339432039018,23,46745.365318384705
46775.50887444609,18703.137088330954,23,41241.41115319507
52899.7414791903,19496.313028416094,22,46632.2068444133
37470.75534745963,19317.52079073857,29,47465.97715243489
35155.6512740279,10713.484942379713,22,37181.50114545812
57482.77248711536,24043.714565381877,16,56255.7616893212
44898.64286506774,19411.662846716255,19,38279.915221885996
74243.87862336989,13759.066634272074,19,46583.147775298494
45574.69772467294,26003.535211713042,19,61532.17291305036
62463.951825227894,26210.90888156974,23,53409.7447172057
46647.938117508565,20836.874575150276,13,50615.049253953395
7271.006037287341,19486.9059418096,15,29782.87123336023
43599.50096800859,18564.351803521717,17,49326.28030131958
61115.7542758427,14838.409907525776,11,39411.31343775375
52168.78822325403,19545.779602377715,28,54242.156017011344
42353.81466172879,10119.876980176394,17,33405.63996170962
53285.196219986334,25329.345802426236,22,52676.25783727618
69019.56990206725,16337.228629104096,19,53208.07531337485
65895.55988261473,12288.111327715336,19,38589.196669657584
28128.19124019078,13926.702081176998,18,39757.61401606827
50371.98353955778,19605.250891813095,21,52470.98334789637
52466.78494844574,21926.75080440966,21,56672.39324332607
33515.758904088194,18045.274314558344,20,46679.05165130646
38119.3376008208,16882.757005338695,24,40657.36299657532
35524.00919393352,15239.721813322682,10,38398.7826019141
36562.353558212264,24465.95479964365,14,50274.43614660254
26978.971468306692,22900.54348277617,25,47700.196027148144
47096.62805627093,21262.028724358817,22,47623.23191450264
60414.359920125906,14081.50919965617,25,37876.06970846182
40555.63118565359,17575.685807964397,22,42193.81259265465
74504.46578060482,17538.986814751326,19,50822.29383716648
69240.07211918118,28576.14585628565,22,74408.8454960997
45278.43843161224,20488.115062829416,19,45893.03858483071
46094.296655011225,17176.292579727306,18,39397.5638690611
68938.85884414437,28782.844293304574,17,67904.14200287484
39354.32631904608,23889.593614495523,24,46959.9797291414
53580.36230777373,24048.527091205855,22,49228.5495015181
63965.348391204054,26540.754268555018,17,61578.337474781605
42326.403133644046,24891.153952689336,23,54847.24834057503
48740.12508967176,17641.860989239976,12,44112.93587420707
31103.41723377277,19125.184976279645,15,35717.401473789505
32745.543876851472,21924.144785741115,22,39862.00058442732
72683.42027151033,20541.293127343335,17,56584.021973321585
55699.18110656655,10919.023430657711,14,39110.68840400479
60434.257444097384,12989.633962611839,13,40866.60427731054
55954.48707281912,19884.20863500201,23,50387.286163104494
51819.99013376895,11219.877415058569,28,39646.774075156805
42145.6324062458,13468.457998289392,17,40455.78237043204
76274.21820495774,17571.99497072556,21,53110.26999439882
30719.288781204927,20369.827893070324,22,43440.808544114574
32093.362748550313,23064.812988145997,19,43484.71310070862
40502.37960807048,24498.328807799207,19,56966.83344852363
55884.847420424514,21476.49104743669,14,43192.953887230215
52517.009791878234,24921.107767342655,18,54323.76646420328
37732.951804862256,16212.575314261765,17,38496.53491829043
44873.88797185845,15012.494363220132,16,34512.4460848623
43223.74107208402,19073.03981747237,29,40175.33103691116
53461.30545563579,23295.96676708534,30,61338.52240383056
42958.95561245526,24078.96580648719,23,51407.64610116329
74975.70916972242,26196.84746740678,23,64786.51250804309
45611.31156069419,22734.358136617342,16,45571.99621394857
45707.913717640535,29755.724060182358,21,66155.27962297955
60558.78874080013,23877.362761750122,14,50674.11777910518
57983.28216074846,19676.837991449436,20,49640.28581533408
67030.40595508208,24954.92414332717,19,68938.95857198858
64314.42687358007,27783.497659346584,21,72251.96954007885
46476.35954236513,12854.368758956563,12,32355.40735263093
67170.02436821428,17875.036744913526,11,55721.23788884817
43898.93843260395,14998.50968922628,17,37645.23682891294
33480.102901105565,19270.269178646013,10,34395.51956614073
49386.963750391245,17310.85964685861,18,42692.20958964705
55704.01050945613,22579.967020534714,14,50576.749687659765
53226.588180702674,26361.10385484773,11,66079.06723356113
56746.36450859768,26325.678963875846,21,52357.08116714007
38167.7170253572,24358.60555407397,21,48758.79550974384
59080.61168534195,21599.940617654458,15,54103.670608409106
70695.44502738107,15435.154856742847,16,55960.66736922083
38309.62685077211,25973.617056568124,17,61411.83124646511
63416.531980949665,26638.217127942848,28,61827.11327007622
55755.91932168308,3694.9825035072663,23,26191.179930098722
60133.6264322208,30690.513259561943,21,65682.18023782154
38164.58686441809,12493.604605060611,17,38700.00873135676
52063.91071882484,15829.87747912914,17,48146.38811949613
50561.04628081669,23147.219271449532,17,52911.4094403313
49564.964831874975,14579.374075847663,20,41837.374581287826
53498.5860387329,19924.085945314317,18,39933.84469938754
58031.20303756534,14445.680150740209,20,42205.09207757881
71151.44453547624,23451.324199438804,18,61475.345909859934
65287.386684614,18878.831641082343,25,59793.794318972265
63781.26270051311,17843.689685473102,19,45625.52365365104
69992.07607772425,23638.977452836058,17,48547.62512994415
53013.3140553915,17993.972446745775,19,47756.406855531226
36782.83074691832,25115.955962580138,23,53991.927449838884
52796.21268811514,16483.349587540986,18,39315.85622455739
56672.01435665361,15694.123891305651,18,41462.78242892103
62428.32350181407,20820.507350926593,22,57572.24989056993
58148.362400352366,21972.18782721572,6,40900.226018530186
47337.29789955041,19586.532053312323,32,56076.06798974787
68059.37593381523,17417.13543061263,23,49388.68140969416
54553.495110098345,14778.704987538622,25,44031.84637799994
46869.612839116075,20865.118023179428,22,52715.49295275543
23958.196848758464,20736.71620943705,27,44651.708880680155
56910.36968246475,18805.633045062306,18,46367.961893230175
32554.944863465003,28540.903873835272,19,61607.27434380236
34951.692924391675,16575.90643946645,20,39835.79519821247
56838.5288845803,30202.41001496854,17,60829.019018084524
57161.96532921048,18565.846939577743,30,56086.8613433824
33215.91315510199,25547.26725648938,15,39651.95167108803
44089.33639761367,21683.170627015217,24,51172.01687740503
49020.647210384224,26243.342034206005,28,65149.04786390119
62264.85120191994,30638.056905925376,20,71012.91435405241
41325.30435940901,21443.81147832816,27,52177.31459424834
61633.88522051813,15989.649992002338,20,42455.786399603145
37248.30313892098,12269.151039881279,17,29434.63889613682
31027.81106073804,17678.099306806605,18,40897.738497239094
66288.62974010454,26104.806194906538,16,65452.91044556717
71590.7969722107,26525.294295097232,15,71680.67167539899
67468.11449957945,26128.14530837351,21,61910.12607341866
60581.32545796095,19188.48706733559,20,56445.43963104809
51571.50251023671,25326.89114717374,23,51976.926273121244
58446.30829713216,22652.854991946857,24,60373.1391909374
57848.77831913631,15926.227693401346,16,47138.05211731718
76761.67874362865,17951.25376394546,20,47463.50730727213
39215.88992051086,29266.505859565827,14,60157.78134059429
41352.7954884146,12897.178599775394,11,32157.008181973848
36580.778484654395,25250.119159516413,15,53788.64287550307
70303.14579964717,14846.774391887797,14,41787.086211781876
50155.33343291541,20711.768439992913,26,50871.819996151426
39322.70261453087,28155.224009366095,18,55679.26257830537
21070.339746109337,22490.93522254993,20,41900.7343460228
37705.28503092528,19887.695107747888,26,41753.73874603945
53633.886644916165,19045.275067906827,19,52053.45359922049
23922.902507528048,26835.83702010649,18,61173.01699238161
36444.40230751268,23768.45564937296,20,51281.02840654021
50552.38663566729,25879.064063065434,13,66551.75581638148
46843.43989800045,25177.6238237102,29,60723.64686932795
32268.062745094525,24555.345528051384,16,44841.06245309173
37962.55290938806,21572.66623545312,22,51010.73228692663
46282.40076227076,16633.715175317426,15,41401.33427189404
55398.032217320935,22475.547190684174,23,58778.43715604756
58558.829262674335,18802.326897727045,21,47733.953633875884
48200.08805868095,11820.825906890474,15,39985.22830572673
69343.86907605737,28175.846532097126,19,61303.50695485356
42700.34447431016,14723.533060685973,15,38850.17148623942
34116.95189200197,18161.97893335559,15,39068.69014203329
22897.49754964688,15413.300557835082,15,35841.21969962402
59530.259169667486,15962.230273073881,26,45114.1722857738
48672.84044583137,14967.693269846597,14,31591.86345743593
28029.91439418807,17759.356678021843,22,34685.48260300545
53899.683831179456,21126.077424996252,21,50290.19671106212
63230.00649959461,21503.26643011089,17,50362.86251844556
53787.93503995655,24128.442646601907,24,60141.499020434894
40390.20386387167,17914.321908137666,23,44222.93795666401
33103.571383915616,7049.88608501958,17,17469.61489438158
53656.29053697493,25347.916288693126,16,56949.88828440861
50536.24442559937,24593.20753266053,12,50240.029422942665
86200.93950126618,16876.358453165398,22,55987.022293950635
35132.75529426932,24027.161881984022,24,52729.792647840586
55812.70333001379,21093.047787389336,26,57314.9752450686
41788.48887644652,21183.17665864405,20,49719.75063015222
39832.36610206486,21750.914495614303,20,51587.8019731363
33447.94808467259,14998.5185140207,28,28108.552655544576
65343.69072595833,16887.32692302219,15,37502.55993192099
65120.05024455055,22043.166410656835,18,54105.5209540468
62978.49919605921,19701.10821167413,26,52617.17500620053
43286.917275531356,19860.178116691546,26,52814.18593431721
57414.65452318457,25195.18230217897,21,58735.86249135214
68873.3505702392,6872.84736702412,12,32870.474393083656
15674.89346638661,25884.385625747345,24,49942.90875221664
57615.506856242144,20452.715966035965,20,49427.10711679874
63586.295366260936,19761.18316317143,24,57587.30524002033
60127.283963341426,21686.894046568166,15,56829.668061065604
37629.31411642874,18013.79706767985,19,39809.33806270934
37012.29226534018,14572.305227416247,11,32011.9184032509
54602.56839333781,23251.08663660399,16,47396.85431106995
50659.13537100052,28242.698365931603,24,68724.2948554685
62947.517190789826,25498.201791722415,16,66588.16459064173
62801.92618563285,25371.862493254328,14,60715.796796520095
42273.380041933175,12277.839654216186,22,36175.95236709943
26651.723304339183,24087.62263079686,23,44087.50393241257
30618.322527862252,17608.82643831273,23,45108.41145363087
34565.56618294634,17030.745480410475,20,40167.54331881951
42704.941985310674,19741.20858513049,21,38133.11918649168
54213.208949463646,26961.237208018058,21,63280.852207666336
45381.551391736924,15465.315190919115,22,38527.42564779447
32382.402739354806,18146.719955297027,18,36869.06336278824
58837.162022023316,13051.38816124684,14,35710.527328032804
45678.110574914135,10919.691014217438,22,31044.6815039178
40437.79187067297,18186.956859694877,22,46542.182270666366
38595.08614905596,25503.666644001092,24,52599.59835126458
54308.2661535222,25971.980671047517,29,61503.76014706044
46129.77389516248,21035.750054089294,15,53813.7506833021
41483.394538585446,20234.574052078067,14,45646.51494950713
32846.036493439795,16788.182030678192,17,42754.446185670444
41452.44096616558,11791.957223006726,15,40296.395885784914
53426.39132349286,13006.212542685058,14,31209.70638398819
58663.875930571885,26448.54319962312,21,65793.7646228307
63301.333892154755,13117.797539175248,15,49994.51092730842
40061.17040536366,11227.333719328546,16,34692.61838356134
28050.95311851771,15921.577366828677,15,34143.691628971435
58109.05368300495,10088.264260581163,24,41717.963594861554
52180.850021521466,25179.74756939884,23,56679.10738550896
29682.555909553474,19585.73499722584,17,57543.061735554766
60634.27103023455,17659.81005554919,20,50507.66345321866
7605.9239039110325,21923.29130859906,23,27966.872957425287
35272.79599756309,23735.790824831653,14,44424.943170277584
74321.98069712655,20246.486019302505,24,61066.03318283255
91633.80449969188,19939.49944139529,13,55627.75220380926
63613.50871472099,13409.3519049159,22,38810.00394715323
45022.61357375237,16574.852482056565,18,42357.339316360136
55373.33088234093,23363.127370445996,19,56410.449609188
19522.626701381574,19800.033494837306,14,36982.69500225081
43389.65082438203,26148.98759784327,18,56640.168326940875
25754.31596712799,24372.81603287108,14,60332.30245738096
66663.37836848761,9954.915636185819,20,35418.252341280946
61721.98686639506,22198.146141856363,17,49967.228951477846
59283.9317815036,19869.439797338648,11,46857.199624666624
62004.439088974796,10450.75254421087,15,41463.16845056977
41788.01227469709,9602.440241070333,16,32663.26496912071
49409.75996256798,16346.27937688239,22,38609.78110929623
39826.04116173893,17918.87735954528,18,39270.130650237006
50560.14760553013,23740.17943536474,22,57798.39730030808
48552.21976860645,14462.12133326102,12,30795.835392533434
55533.41095335418,28345.14002600692,19,65982.65297026782
33573.72137137126,23245.184917502007,22,52174.06922233574
50162.79047363594,19165.28768123083,21,50973.531302027666
49956.57955238492,21813.019551559064,24,51176.61408149011
52760.19950084349,29369.561054424383,16,63822.98758718548
36076.0904889183,18794.284566304257,13,44135.81361620322
40850.04059485801,18917.476871937586,17,43569.61380025903
37576.84954607728,22452.994943925718,15,39696.67790500582
79240.03225842399,14079.871935126252,29,60080.921156549535
67929.51234006287,19726.007001595823,22,54407.9656185643
48999.972670111274,16611.54469322783,28,48073.212573577504
56671.60960539875,24163.718113181098,20,58765.41200051173
73031.48771550244,19598.876854551552,23,68401.76896699949
74042.52321951077,24038.137851727184,12,56709.548033116196
55976.7874191695,18675.551042169,19,54519.37442066422
37570.620970775766,12610.139705199088,15,32703.768370881586
68113.682079397,27738.145001521643,20,60065.9563733965
53504.87068385332,15463.673814481535,18,41614.64497564143
44911.10878138335,20297.175267588384,25,57518.734011443485
60162.53581843719,21413.92009551517,21,52159.932609417796
40338.88375100607,24189.375077731536,27,51908.00420675083
26980.216803880325,27343.077288182947,26,46750.548557108785
69138.60680621698,18285.285167857506,21,57083.389347471704
56728.861860626945,15249.340523571824,21,47158.63691790464
62399.542856592554,8370.109539884244,19,33579.69755955148
22308.232093704817,19029.53144975799,19,35664.67785737879
56273.86945626811,8119.630489243014,21,32227.438479116954
54356.45737979741,14592.836537814548,21,39098.51645228859
44829.870695439226,19360.959256418904,15,47730.76686864684
44959.42525343335,27134.569058165027,11,61940.31637658061
42410.503384787895,18844.107834310424,14,49297.80264856351
73625.16640859305,23675.25260297001,25,71695.9307670066
62576.56696025349,20006.693631547038,15,60539.89845450791
46064.62691608795,19682.186690221366,27,43493.78391380631
40365.22694969665,24732.737944544097,23,44984.95140230734
49671.48913161918,21195.269731930453,20,51431.201334997895
49875.173212413014,17561.823794153803,28,41792.65525133263
34353.82593166032,25973.185762933866,19,49469.15557642203
66593.83895031341,16997.583870698585,27,52928.42801507397
46141.47025709501,14563.743083899004,22,42698.105837051364
51086.22702132216,13865.524963554988,17,37995.72188517375
62140.397765211404,17837.698161330696,26,53655.131456142924
73644.90543666076,20192.61084579935,21,62663.331940161166
51670.52009936655,21383.02377094414,20,55776.21603383884
28623.950035149985,18699.902987719855,23,38759.91296036428
58906.704597303615,18117.03956511762,23,50023.226402301894
52419.124159703904,21321.81107748995,23,51858.57859962203
42006.09809749623,25010.017803415125,18,50054.53847092856
55760.56564971364,3843.026167443264,20,32687.966692571103
40305.488598228374,10100.268445266218,20,30111.697610816787
26920.31258189774,24553.11945920958,21,42779.323410572964
51983.938918309344,17804.783776148186,27,47482.54383574092
35853.93085179986,23977.536243029972,17,44620.781193012415
45852.56183335,13012.96083972766,23,28485.95982817816
58720.03093564678,19662.89624214755,24,53392.859972071645
18412.884878158617,13311.065033177743,25,22649.232639958358
44418.97902865969,21609.13653385716,22,54792.4466017528
35703.9674966917,18128.973949762876,16,46710.538120701174
27538.562730898855,12278.642362125593,12,35278.55842076166
50521.10753243678,22708.615390073523,20,55503.51890910312
42387.97184284788,22508.025500013424,19,48020.42064834531
59204.17172134016,18325.68295726788,26,48794.85802796089
56107.8100998991,17128.30059635789,15,43027.96113924402
58302.1898623911,24502.839251257625,27,50544.661228886136
21069.169198294025,21562.702590189005,29,52799.84799242523
51970.101576378365,19695.56413173967,15,51739.498012938566
52580.5926228065,13752.013653265829,24,36880.48931124476
31269.144643659372,29719.703121311453,24,58240.216028596275
47992.247206741435,19553.78723339835,35,50571.77518768203
53497.608864115056,28264.003859515742,21,63775.52635093174
50416.42055577537,17026.49869600736,20,44105.07301622033
59152.74593116927,17897.445130801094,16,48797.95569218257
56772.08232615968,17250.118231856235,20,41736.573186982496
59475.24861112307,20761.812217529365,21,53277.60312534882
29856.32944021148,19821.933253295836,19,44608.6221568714
39055.24866463563,23293.51142458314,18,55108.69483566019
43789.50201676019,18801.413863072776,22,37377.08307674294
47374.84562984887,21754.326040475837,16,54199.0667871718
25475.993558927876,22570.910459231618,21,42029.33628550858
47115.98387198562,12671.012299859933,27,36676.46755657304
60904.08277513452,14395.78341366252,18,48042.91583986522
29360.602931125537,13700.540660293935,19,36116.96153851106
27020.47228692161,23290.48287420631,23,50049.51715042737
68211.69409601447,25578.452513861987,15,64693.8334988319
55651.267960981415,17530.900808164522,23,47006.00729872276
78889.27532410636,22742.54542272421,25,60617.16362476086
51913.91603421687,17582.061349586984,20,55414.780460401045
48139.430711342466,23248.15109273203,21,53174.93894970023
38631.60286447359,34606.5184629211,14,78579.35145216169
85057.06874543878,27777.835939864228,19,70281.45170416885
67809.19923778618,26724.56156055844,28,59791.15665709677
57024.67234020044,28953.580904593626,23,59114.73936891268
54209.714112080714,22592.976603263778,16,54374.785927466466
32558.432140315675,25613.329821766656,15,52297.45098659215
50008.08320553717,17435.020714564256,17,49052.420186804215
33297.39974729513,23615.77572137668,12,55209.931109670986
45318.66769555002,15296.914975926002,25,40601.075277985234
51523.78134904525,27680.32003462664,14,56886.19614976804
52669.769329142364,15483.779616253927,14,48635.79064787145
34596.50446473803,19541.7208253004,25,37498.953635143655
57675.96700825898,18046.788616530568,21,36000.07357312478
48504.95626976796,20394.402879964364,18,51038.58585445587
61289.04101971452,22506.702225245386,22,52962.35005067219
58742.56608573336,11735.88025659941,14,35073.46899716956
68324.18980127672,19977.56696829147,21,55876.461106149196
38080.62276575421,26595.796145232598,20,53385.20036711537
79596.25732988681,19826.45528634241,18,61418.154047931894
33166.701386592744,23827.60124039374,17,47084.321116721265
44769.472308428136,10468.810860474514,28,27312.42694017655
52704.62856100484,15250.860285333969,24,37722.121945558465
58357.55090223788,28315.071525426443,25,64705.51929574173
45434.30356837131,16163.102020137536,20,54430.51463449291
48923.841995877054,17583.07494429446,12,44763.76698847934
79809.73035843963,18778.908979932254,17,56181.745002170945
40184.916041973804,18119.041605918654,22,54552.60332870343
34724.99264432268,4896.302696074295,25,21641.68630866304
30638.69762023121,23757.471124798227,14,47002.16351161275
40808.93328600864,22100.315691920594,16,45971.37109086098
-52.168851954520505,24336.97070830447,21,39214.86442616823
49974.937693421016,21404.708053205162,24,53771.27645348222
75492.97509586057,16856.219289489003,18,63632.67119995355
49092.04288823296,21969.484171681062,22,47445.9491506512
68201.59889985863,16875.385075686998,22,43545.24132802016
44198.104219217246,22121.76196438587,16,50771.19110055702
76294.08711654827,25696.176144709952,18,70276.92068048814
56106.29653171743,24947.100822136177,20,52748.32058669233
49504.57221361575,18728.282132484335,31,47921.72889994048
35276.16717017675,13427.872381004141,29,40773.85570631259
52746.65736676984,21551.178132204048,19,50471.325642647804
76663.89770066716,20404.836541842295,23,65225.15922711377
21196.770924295026,16728.915994448278,18,28621.158123724086
48383.63704388863,25486.23998215484,16,58950.496101003424
44478.00710713379,21018.732910428553,18,47098.40073413668
29260.733157937335,23665.453452219394,28,50219.0032658737
38854.169027033444,7793.866915607876,18,26066.189879910777
62249.462854227946,8584.873062205294,11,41706.244679790805
41911.848496565,23239.112386281377,22,54621.30991799633
66738.36061610136,23340.251347903493,21,62170.98762474823
45201.85345540048,15432.161368121284,25,35121.64681172249
48836.12653323129,25724.091000849752,21,62648.76417953921
63288.12542442725,25947.28554855301,15,63734.71964665515
48095.65712025051,19531.249771148396,14,41935.56465240448
54238.726679620835,24431.03119798775,19,55034.15821794294
